[14:44:43] [main/INFO] (FabricLoader/GameProvider) Loading Minecraft 1.20.1 with Fabric Loader 0.16.10
[14:44:43] [main/DEBUG] (FabricLoader/GamePatch) Found game constructor: net.minecraft.client.main.Main -> net.minecraft.client.MinecraftClient
[14:44:43] [main/DEBUG] (FabricLoader/GamePatch) Patching game constructor <init>(Lnet/minecraft/client/RunArgs;)V
[14:44:43] [main/DEBUG] (FabricLoader/GamePatch) Run directory field is thought to be net/minecraft/client/MinecraftClient/runDirectory
[14:44:43] [main/DEBUG] (FabricLoader/GamePatch) Applying brand name hook to net/minecraft/client/ClientBrandRetriever::getClientModName
[14:44:43] [main/DEBUG] (FabricLoader/GamePatch) Applying brand name hook to net/minecraft/server/MinecraftServer::getServerModName
[14:44:43] [main/DEBUG] (FabricLoader/Mappings) Loading mappings took 76 ms
[14:44:43] [main/DEBUG] (FabricLoader/GamePatch) Patched 3 classs
[14:44:43] [main/DEBUG] (FabricLoader/Discovery) Mod discovery time: 33,0 ms
[14:44:43] [main/DEBUG] (FabricLoader/Resolution) Mod resolution time: 60,9 ms
[14:44:43] [main/INFO] (FabricLoader) Loading 65 mods:
	- fabric-api 0.92.12+1.20.1
	- fabric-api-base 0.4.32+1802ada577
	- fabric-api-lookup-api-v1 1.6.37+1802ada577
	- fabric-biome-api-v1 13.0.15+93aa238b77
	- fabric-block-api-v1 1.0.12+1802ada577
	- fabric-block-view-api-v2 1.0.3+924f046a77
	- fabric-blockrenderlayer-v1 1.1.42+1802ada577
	- fabric-client-tags-api-v1 1.2.0+238242b777
	- fabric-command-api-v1 1.2.35+f71b366f77
	- fabric-command-api-v2 2.2.14+1802ada577
	- fabric-commands-v0 0.2.52+df3654b377
	- fabric-containers-v0 0.1.68+df3654b377
	- fabric-content-registries-v0 4.0.13+1802ada577
	- fabric-convention-tags-v1 1.5.6+1802ada577
	- fabric-crash-report-info-v1 0.2.20+1802ada577
	- fabric-data-attachment-api-v1 1.0.2+de0fd6d177
	- fabric-data-generation-api-v1 12.4.0+238242b777
	- fabric-dimensions-v1 2.1.55+1802ada577
	- fabric-entity-events-v1 1.6.1+1c78457f77
	- fabric-events-interaction-v0 0.6.6+13a40c6677
	- fabric-events-lifecycle-v0 0.2.64+df3654b377
	- fabric-game-rule-api-v1 1.0.41+1802ada577
	- fabric-gametest-api-v1 1.2.15+1802ada577
	- fabric-item-api-v1 2.1.29+1802ada577
	- fabric-item-group-api-v1 4.0.14+1802ada577
	- fabric-key-binding-api-v1 1.0.38+1802ada577
	- fabric-keybindings-v0 0.2.36+df3654b377
	- fabric-lifecycle-events-v1 2.2.23+1802ada577
	- fabric-loot-api-v2 1.2.3+1802ada577
	- fabric-loot-tables-v1 1.1.47+9e7660c677
	- fabric-message-api-v1 5.1.10+1802ada577
	- fabric-mining-level-api-v1 2.1.52+1802ada577
	- fabric-model-loading-api-v1 1.0.4+1802ada577
	- fabric-models-v0 0.4.3+9386d8a777
	- fabric-networking-api-v1 1.3.15+0caff8d077
	- fabric-networking-v0 0.3.55+df3654b377
	- fabric-object-builder-api-v1 11.1.5+e35120df77
	- fabric-particles-v1 1.1.3+1802ada577
	- fabric-recipe-api-v1 1.0.25+1802ada577
	- fabric-registry-sync-v0 2.4.1+4c0a70e677
	- fabric-renderer-api-v1 3.2.2+1802ada577
	- fabric-renderer-indigo 1.5.3+85287f9f77
	- fabric-renderer-registries-v1 3.2.48+df3654b377
	- fabric-rendering-data-attachment-v1 0.3.39+92a0d36777
	- fabric-rendering-fluids-v1 3.0.29+1802ada577
	- fabric-rendering-v0 1.1.51+df3654b377
	- fabric-rendering-v1 3.0.10+54550fb677
	- fabric-resource-conditions-api-v1 2.3.9+1802ada577
	- fabric-resource-loader-v0 0.11.12+fb82e9d777
	- fabric-screen-api-v1 2.0.9+1802ada577
	- fabric-screen-handler-api-v1 1.3.34+1802ada577
	- fabric-sound-api-v1 1.0.14+1802ada577
	- fabric-tag-api-v1 1.3.0+238242b777
	- fabric-transfer-api-v1 3.3.6+8dd72ea377
	- fabric-transitive-access-wideners-v1 4.3.2+1802ada577
	- fabricloader 0.16.10
	- io_github_douira_glsl-transformer 2.0.1
	- iris 1.7.6+mc1.20.1
	- java 17
	- minecraft 1.20.1
	- mixinextras 0.4.1
	- org_anarres_jcpp 1.4.14
	- org_antlr_antlr4-runtime 4.13.1
	- sodium 0.5.13+mc1.20.1
	- vialumix 0.1.0-alpha-v20
[14:44:43] [main/DEBUG] (FabricLoader/Knot) Adding D:\...Vialumix Dev\Vialumix 1.20.1\vialumix_main-1.20.1-dev0.11.14\.gradle\loom-cache\remapped_mods\net_fabricmc_yarn_1_20_1_1_20_1_build_10_v2\net\fabricmc\fabric-api\fabric-tag-api-v1\1.3.0+238242b777\fabric-tag-api-v1-1.3.0+238242b777.jar to classpath.
[14:44:43] [main/DEBUG] (FabricLoader/Knot) Adding D:\...Vialumix Dev\Vialumix 1.20.1\vialumix_main-1.20.1-dev0.11.14\.gradle\loom-cache\remapped_mods\net_fabricmc_yarn_1_20_1_1_20_1_build_10_v2\net\fabricmc\fabric-api\fabric-api-lookup-api-v1\1.6.37+1802ada577\fabric-api-lookup-api-v1-1.6.37+1802ada577.jar to classpath.
[14:44:43] [main/DEBUG] (FabricLoader/Knot) Adding D:\...Vialumix Dev\Vialumix 1.20.1\vialumix_main-1.20.1-dev0.11.14\.gradle\loom-cache\remapped_mods\net_fabricmc_yarn_1_20_1_1_20_1_build_10_v2\net\fabricmc\fabric-api\fabric-api-base\0.4.32+1802ada577\fabric-api-base-0.4.32+1802ada577.jar to classpath.
[14:44:43] [main/DEBUG] (FabricLoader/Knot) Adding D:\...Vialumix Dev\Vialumix 1.20.1\vialumix_main-1.20.1-dev0.11.14\.gradle\loom-cache\remapped_mods\net_fabricmc_yarn_1_20_1_1_20_1_build_10_v2\net\fabricmc\fabric-api\fabric-client-tags-api-v1\1.2.0+238242b777\fabric-client-tags-api-v1-1.2.0+238242b777.jar to classpath.
[14:44:43] [main/DEBUG] (FabricLoader/Knot) Adding D:\...Vialumix Dev\Vialumix 1.20.1\vialumix_main-1.20.1-dev0.11.14\.gradle\loom-cache\remapped_mods\net_fabricmc_yarn_1_20_1_1_20_1_build_10_v2\net\fabricmc\fabric-api\fabric-particles-v1\1.1.3+1802ada577\fabric-particles-v1-1.1.3+1802ada577.jar to classpath.
[14:44:43] [main/DEBUG] (FabricLoader/Knot) Adding D:\...Vialumix Dev\Vialumix 1.20.1\vialumix_main-1.20.1-dev0.11.14\.gradle\loom-cache\remapped_mods\net_fabricmc_yarn_1_20_1_1_20_1_build_10_v2\net\fabricmc\fabric-api\fabric-recipe-api-v1\1.0.25+1802ada577\fabric-recipe-api-v1-1.0.25+1802ada577.jar to classpath.
[14:44:43] [main/DEBUG] (FabricLoader/Knot) Adding D:\...Vialumix Dev\Vialumix 1.20.1\vialumix_main-1.20.1-dev0.11.14\.gradle\loom-cache\remapped_mods\net_fabricmc_yarn_1_20_1_1_20_1_build_10_v2\net\fabricmc\fabric-api\fabric-key-binding-api-v1\1.0.38+1802ada577\fabric-key-binding-api-v1-1.0.38+1802ada577.jar to classpath.
[14:44:43] [main/DEBUG] (FabricLoader/Knot) Adding D:\...Vialumix Dev\Vialumix 1.20.1\vialumix_main-1.20.1-dev0.11.14\.gradle\loom-cache\remapped_mods\net_fabricmc_yarn_1_20_1_1_20_1_build_10_v2\net\fabricmc\fabric-api\fabric-blockrenderlayer-v1\1.1.42+1802ada577\fabric-blockrenderlayer-v1-1.1.42+1802ada577.jar to classpath.
[14:44:43] [main/DEBUG] (FabricLoader/Knot) Adding D:\...Vialumix Dev\Vialumix 1.20.1\vialumix_main-1.20.1-dev0.11.14\.gradle\loom-cache\remapped_mods\net_fabricmc_yarn_1_20_1_1_20_1_build_10_v2\net\fabricmc\fabric-api\fabric-loot-api-v2\1.2.3+1802ada577\fabric-loot-api-v2-1.2.3+1802ada577.jar to classpath.
[14:44:43] [main/DEBUG] (FabricLoader/Knot) Adding D:\...Vialumix Dev\Vialumix 1.20.1\vialumix_main-1.20.1-dev0.11.14\.gradle\loom-cache\remapped_mods\net_fabricmc_yarn_1_20_1_1_20_1_build_10_v2\unspecified\iris-1.7.6+mc1.20.1\9eb15e563e0c\iris-1.7.6+mc1.20.1-9eb15e563e0c.jar to classpath.
[14:44:43] [main/DEBUG] (FabricLoader/Knot) Adding D:\...Vialumix Dev\Vialumix 1.20.1\vialumix_main-1.20.1-dev0.11.14\.gradle\loom-cache\remapped_mods\net_fabricmc_yarn_1_20_1_1_20_1_build_10_v2\net\fabricmc\fabric-api\fabric-sound-api-v1\1.0.14+1802ada577\fabric-sound-api-v1-1.0.14+1802ada577.jar to classpath.
[14:44:43] [main/DEBUG] (FabricLoader/Knot) Adding D:\...Vialumix Dev\Vialumix 1.20.1\vialumix_main-1.20.1-dev0.11.14\.gradle\loom-cache\remapped_mods\net_fabricmc_yarn_1_20_1_1_20_1_build_10_v2\net\fabricmc\fabric-api\fabric-lifecycle-events-v1\2.2.23+1802ada577\fabric-lifecycle-events-v1-2.2.23+1802ada577.jar to classpath.
[14:44:43] [main/DEBUG] (FabricLoader/Knot) Adding D:\...Vialumix Dev\Vialumix 1.20.1\vialumix_main-1.20.1-dev0.11.14\.gradle\loom-cache\remapped_mods\net_fabricmc_yarn_1_20_1_1_20_1_build_10_v2\net\fabricmc\fabric-api\fabric-block-view-api-v2\1.0.3+924f046a77\fabric-block-view-api-v2-1.0.3+924f046a77.jar to classpath.
[14:44:43] [main/DEBUG] (FabricLoader/Knot) Adding D:\...Vialumix Dev\Vialumix 1.20.1\vialumix_main-1.20.1-dev0.11.14\.gradle\loom-cache\remapped_mods\net_fabricmc_yarn_1_20_1_1_20_1_build_10_v2\net\fabricmc\fabric-api\fabric-renderer-api-v1\3.2.2+1802ada577\fabric-renderer-api-v1-3.2.2+1802ada577.jar to classpath.
[14:44:43] [main/DEBUG] (FabricLoader/Knot) Adding D:\...Vialumix Dev\Vialumix 1.20.1\vialumix_main-1.20.1-dev0.11.14\.gradle\loom-cache\remapped_mods\net_fabricmc_yarn_1_20_1_1_20_1_build_10_v2\net\fabricmc\fabric-api\fabric-model-loading-api-v1\1.0.4+1802ada577\fabric-model-loading-api-v1-1.0.4+1802ada577.jar to classpath.
[14:44:43] [main/DEBUG] (FabricLoader/Knot) Adding D:\...Vialumix Dev\Vialumix 1.20.1\vialumix_main-1.20.1-dev0.11.14\.gradle\loom-cache\remapped_mods\net_fabricmc_yarn_1_20_1_1_20_1_build_10_v2\net\fabricmc\fabric-api\fabric-entity-events-v1\1.6.1+1c78457f77\fabric-entity-events-v1-1.6.1+1c78457f77.jar to classpath.
[14:44:43] [main/DEBUG] (FabricLoader/Knot) Adding D:\...Vialumix Dev\Vialumix 1.20.1\vialumix_main-1.20.1-dev0.11.14\.gradle\loom-cache\remapped_mods\net_fabricmc_yarn_1_20_1_1_20_1_build_10_v2\net\fabricmc\fabric-api\fabric-rendering-fluids-v1\3.0.29+1802ada577\fabric-rendering-fluids-v1-3.0.29+1802ada577.jar to classpath.
[14:44:43] [main/DEBUG] (FabricLoader/Knot) Adding D:\...Vialumix Dev\Vialumix 1.20.1\vialumix_main-1.20.1-dev0.11.14\.gradle\loom-cache\remapped_mods\net_fabricmc_yarn_1_20_1_1_20_1_build_10_v2\net\fabricmc\fabric-api\fabric-models-v0\0.4.3+9386d8a777\fabric-models-v0-0.4.3+9386d8a777.jar to classpath.
[14:44:43] [main/DEBUG] (FabricLoader/Knot) Adding D:\...Vialumix Dev\Vialumix 1.20.1\vialumix_main-1.20.1-dev0.11.14\.gradle\loom-cache\remapped_mods\net_fabricmc_yarn_1_20_1_1_20_1_build_10_v2\net\fabricmc\fabric-api\fabric-commands-v0\0.2.52+df3654b377\fabric-commands-v0-0.2.52+df3654b377.jar to classpath.
[14:44:43] [main/DEBUG] (FabricLoader/Knot) Adding D:\...Vialumix Dev\Vialumix 1.20.1\vialumix_main-1.20.1-dev0.11.14\.gradle\loom-cache\remapped_mods\net_fabricmc_yarn_1_20_1_1_20_1_build_10_v2\net\fabricmc\fabric-api\fabric-loot-tables-v1\1.1.47+9e7660c677\fabric-loot-tables-v1-1.1.47+9e7660c677.jar to classpath.
[14:44:43] [main/DEBUG] (FabricLoader/Knot) Adding D:\...Vialumix Dev\Vialumix 1.20.1\vialumix_main-1.20.1-dev0.11.14\.gradle\loom-cache\remapped_mods\net_fabricmc_yarn_1_20_1_1_20_1_build_10_v2\net\fabricmc\fabric-api\fabric-keybindings-v0\0.2.36+df3654b377\fabric-keybindings-v0-0.2.36+df3654b377.jar to classpath.
[14:44:43] [main/DEBUG] (FabricLoader/Knot) Adding D:\...Vialumix Dev\Vialumix 1.20.1\vialumix_main-1.20.1-dev0.11.14\.gradle\loom-cache\remapped_mods\net_fabricmc_yarn_1_20_1_1_20_1_build_10_v2\net\fabricmc\fabric-api\fabric-registry-sync-v0\2.4.1+4c0a70e677\fabric-registry-sync-v0-2.4.1+4c0a70e677.jar to classpath.
[14:44:43] [main/DEBUG] (FabricLoader/Knot) Adding D:\...Vialumix Dev\Vialumix 1.20.1\vialumix_main-1.20.1-dev0.11.14\.gradle\loom-cache\remapped_mods\net_fabricmc_yarn_1_20_1_1_20_1_build_10_v2\net\fabricmc\fabric-api\fabric-rendering-v1\3.0.10+54550fb677\fabric-rendering-v1-3.0.10+54550fb677.jar to classpath.
[14:44:43] [main/DEBUG] (FabricLoader/Knot) Adding D:\...Vialumix Dev\Vialumix 1.20.1\vialumix_main-1.20.1-dev0.11.14\.gradle\loom-cache\remapped_mods\net_fabricmc_yarn_1_20_1_1_20_1_build_10_v2\net\fabricmc\fabric-api\fabric-networking-v0\0.3.55+df3654b377\fabric-networking-v0-0.3.55+df3654b377.jar to classpath.
[14:44:43] [main/DEBUG] (FabricLoader/Knot) Adding D:\...Vialumix Dev\Vialumix 1.20.1\vialumix_main-1.20.1-dev0.11.14\.gradle\loom-cache\remapped_mods\net_fabricmc_yarn_1_20_1_1_20_1_build_10_v2\net\fabricmc\fabric-api\fabric-biome-api-v1\13.0.15+93aa238b77\fabric-biome-api-v1-13.0.15+93aa238b77.jar to classpath.
[14:44:43] [main/DEBUG] (FabricLoader/Knot) Adding D:\...Vialumix Dev\Vialumix 1.20.1\vialumix_main-1.20.1-dev0.11.14\libs\devruntime\antlr4-runtime-4.13.1.jar to classpath.
[14:44:43] [main/DEBUG] (FabricLoader/Knot) Adding D:\...Vialumix Dev\Vialumix 1.20.1\vialumix_main-1.20.1-dev0.11.14\libs\devruntime\jcpp-1.4.14.jar to classpath.
[14:44:43] [main/DEBUG] (FabricLoader/Knot) Adding D:\...Vialumix Dev\Vialumix 1.20.1\vialumix_main-1.20.1-dev0.11.14\.gradle\loom-cache\remapped_mods\net_fabricmc_yarn_1_20_1_1_20_1_build_10_v2\net\fabricmc\fabric-api\fabric-rendering-v0\1.1.51+df3654b377\fabric-rendering-v0-1.1.51+df3654b377.jar to classpath.
[14:44:43] [main/DEBUG] (FabricLoader/Knot) Adding D:\...Vialumix Dev\Vialumix 1.20.1\vialumix_main-1.20.1-dev0.11.14\.gradle\loom-cache\remapped_mods\net_fabricmc_yarn_1_20_1_1_20_1_build_10_v2\net\fabricmc\fabric-api\fabric-data-generation-api-v1\12.4.0+238242b777\fabric-data-generation-api-v1-12.4.0+238242b777.jar to classpath.
[14:44:43] [main/DEBUG] (FabricLoader/Knot) Adding D:\...Vialumix Dev\Vialumix 1.20.1\vialumix_main-1.20.1-dev0.11.14\.gradle\loom-cache\remapped_mods\net_fabricmc_yarn_1_20_1_1_20_1_build_10_v2\net\fabricmc\fabric-api\fabric-screen-api-v1\2.0.9+1802ada577\fabric-screen-api-v1-2.0.9+1802ada577.jar to classpath.
[14:44:43] [main/DEBUG] (FabricLoader/Knot) Adding D:\...Vialumix Dev\Vialumix 1.20.1\vialumix_main-1.20.1-dev0.11.14\.gradle\loom-cache\remapped_mods\net_fabricmc_yarn_1_20_1_1_20_1_build_10_v2\net\fabricmc\fabric-api\fabric-gametest-api-v1\1.2.15+1802ada577\fabric-gametest-api-v1-1.2.15+1802ada577.jar to classpath.
[14:44:43] [main/DEBUG] (FabricLoader/Knot) Adding D:\...Vialumix Dev\Vialumix 1.20.1\vialumix_main-1.20.1-dev0.11.14\.gradle\loom-cache\remapped_mods\net_fabricmc_yarn_1_20_1_1_20_1_build_10_v2\net\fabricmc\fabric-api\fabric-item-group-api-v1\4.0.14+1802ada577\fabric-item-group-api-v1-4.0.14+1802ada577.jar to classpath.
[14:44:43] [main/DEBUG] (FabricLoader/Knot) Adding D:\...Vialumix Dev\Vialumix 1.20.1\vialumix_main-1.20.1-dev0.11.14\.gradle\loom-cache\remapped_mods\net_fabricmc_yarn_1_20_1_1_20_1_build_10_v2\net\fabricmc\fabric-api\fabric-dimensions-v1\2.1.55+1802ada577\fabric-dimensions-v1-2.1.55+1802ada577.jar to classpath.
[14:44:43] [main/DEBUG] (FabricLoader/Knot) Adding D:\...Vialumix Dev\Vialumix 1.20.1\vialumix_main-1.20.1-dev0.11.14\.gradle\loom-cache\remapped_mods\net_fabricmc_yarn_1_20_1_1_20_1_build_10_v2\net\fabricmc\fabric-api\fabric-api\0.92.12+1.20.1\fabric-api-0.92.12+1.20.1.jar to classpath.
[14:44:43] [main/DEBUG] (FabricLoader/Knot) Adding D:\...Vialumix Dev\Vialumix 1.20.1\vialumix_main-1.20.1-dev0.11.14\.gradle\loom-cache\remapped_mods\net_fabricmc_yarn_1_20_1_1_20_1_build_10_v2\net\fabricmc\fabric-api\fabric-resource-conditions-api-v1\2.3.9+1802ada577\fabric-resource-conditions-api-v1-2.3.9+1802ada577.jar to classpath.
[14:44:43] [main/DEBUG] (FabricLoader/Knot) Adding D:\...Vialumix Dev\Vialumix 1.20.1\vialumix_main-1.20.1-dev0.11.14\.gradle\loom-cache\remapped_mods\net_fabricmc_yarn_1_20_1_1_20_1_build_10_v2\net\fabricmc\fabric-api\fabric-command-api-v2\2.2.14+1802ada577\fabric-command-api-v2-2.2.14+1802ada577.jar to classpath.
[14:44:43] [main/DEBUG] (FabricLoader/Knot) Adding D:\...Vialumix Dev\Vialumix 1.20.1\vialumix_main-1.20.1-dev0.11.14\.gradle\loom-cache\remapped_mods\net_fabricmc_yarn_1_20_1_1_20_1_build_10_v2\net\fabricmc\fabric-api\fabric-events-interaction-v0\0.6.6+13a40c6677\fabric-events-interaction-v0-0.6.6+13a40c6677.jar to classpath.
[14:44:43] [main/DEBUG] (FabricLoader/Knot) Adding D:\...Vialumix Dev\Vialumix 1.20.1\vialumix_main-1.20.1-dev0.11.14\.gradle\loom-cache\remapped_mods\net_fabricmc_yarn_1_20_1_1_20_1_build_10_v2\net\fabricmc\fabric-api\fabric-containers-v0\0.1.68+df3654b377\fabric-containers-v0-0.1.68+df3654b377.jar to classpath.
[14:44:43] [main/DEBUG] (FabricLoader/Knot) Adding D:\...Vialumix Dev\Vialumix 1.20.1\vialumix_main-1.20.1-dev0.11.14\.gradle\loom-cache\remapped_mods\net_fabricmc_yarn_1_20_1_1_20_1_build_10_v2\net\fabricmc\fabric-api\fabric-item-api-v1\2.1.29+1802ada577\fabric-item-api-v1-2.1.29+1802ada577.jar to classpath.
[14:44:43] [main/DEBUG] (FabricLoader/Knot) Adding D:\...Vialumix Dev\Vialumix 1.20.1\vialumix_main-1.20.1-dev0.11.14\.gradle\loom-cache\remapped_mods\net_fabricmc_yarn_1_20_1_1_20_1_build_10_v2\net\fabricmc\fabric-api\fabric-events-lifecycle-v0\0.2.64+df3654b377\fabric-events-lifecycle-v0-0.2.64+df3654b377.jar to classpath.
[14:44:43] [main/DEBUG] (FabricLoader/Knot) Adding D:\...Vialumix Dev\Vialumix 1.20.1\vialumix_main-1.20.1-dev0.11.14\.gradle\loom-cache\remapped_mods\net_fabricmc_yarn_1_20_1_1_20_1_build_10_v2\net\fabricmc\fabric-api\fabric-screen-handler-api-v1\1.3.34+1802ada577\fabric-screen-handler-api-v1-1.3.34+1802ada577.jar to classpath.
[14:44:43] [main/DEBUG] (FabricLoader/Knot) Adding D:\...Vialumix Dev\Vialumix 1.20.1\vialumix_main-1.20.1-dev0.11.14\.gradle\loom-cache\remapped_mods\net_fabricmc_yarn_1_20_1_1_20_1_build_10_v2\net\fabricmc\fabric-api\fabric-rendering-data-attachment-v1\0.3.39+92a0d36777\fabric-rendering-data-attachment-v1-0.3.39+92a0d36777.jar to classpath.
[14:44:43] [main/DEBUG] (FabricLoader/Knot) Adding D:\...Vialumix Dev\Vialumix 1.20.1\vialumix_main-1.20.1-dev0.11.14\.gradle\loom-cache\remapped_mods\net_fabricmc_yarn_1_20_1_1_20_1_build_10_v2\net\fabricmc\fabric-api\fabric-message-api-v1\5.1.10+1802ada577\fabric-message-api-v1-5.1.10+1802ada577.jar to classpath.
[14:44:43] [main/DEBUG] (FabricLoader/Knot) Adding D:\...Vialumix Dev\Vialumix 1.20.1\vialumix_main-1.20.1-dev0.11.14\.gradle\loom-cache\remapped_mods\net_fabricmc_yarn_1_20_1_1_20_1_build_10_v2\net\fabricmc\fabric-api\fabric-command-api-v1\1.2.35+f71b366f77\fabric-command-api-v1-1.2.35+f71b366f77.jar to classpath.
[14:44:43] [main/DEBUG] (FabricLoader/Knot) Adding D:\...Vialumix Dev\Vialumix 1.20.1\vialumix_main-1.20.1-dev0.11.14\.gradle\loom-cache\remapped_mods\net_fabricmc_yarn_1_20_1_1_20_1_build_10_v2\net\fabricmc\fabric-api\fabric-resource-loader-v0\0.11.12+fb82e9d777\fabric-resource-loader-v0-0.11.12+fb82e9d777.jar to classpath.
[14:44:43] [main/DEBUG] (FabricLoader/Knot) Adding D:\...Vialumix Dev\Vialumix 1.20.1\vialumix_main-1.20.1-dev0.11.14\.gradle\loom-cache\remapped_mods\net_fabricmc_yarn_1_20_1_1_20_1_build_10_v2\net\fabricmc\fabric-api\fabric-transitive-access-wideners-v1\4.3.2+1802ada577\fabric-transitive-access-wideners-v1-4.3.2+1802ada577.jar to classpath.
[14:44:43] [main/DEBUG] (FabricLoader/Knot) Adding D:\...Vialumix Dev\Vialumix 1.20.1\vialumix_main-1.20.1-dev0.11.14\.gradle\loom-cache\remapped_mods\net_fabricmc_yarn_1_20_1_1_20_1_build_10_v2\net\fabricmc\fabric-api\fabric-transfer-api-v1\3.3.6+8dd72ea377\fabric-transfer-api-v1-3.3.6+8dd72ea377.jar to classpath.
[14:44:43] [main/DEBUG] (FabricLoader/Knot) Adding D:\...Vialumix Dev\Vialumix 1.20.1\vialumix_main-1.20.1-dev0.11.14\build\resources\main to classpath.
[14:44:43] [main/DEBUG] (FabricLoader/Knot) Adding D:\...Vialumix Dev\Vialumix 1.20.1\vialumix_main-1.20.1-dev0.11.14\.gradle\loom-cache\remapped_mods\net_fabricmc_yarn_1_20_1_1_20_1_build_10_v2\net\fabricmc\fabric-api\fabric-networking-api-v1\1.3.15+0caff8d077\fabric-networking-api-v1-1.3.15+0caff8d077.jar to classpath.
[14:44:43] [main/DEBUG] (FabricLoader/Knot) Adding D:\...Vialumix Dev\Vialumix 1.20.1\vialumix_main-1.20.1-dev0.11.14\.gradle\loom-cache\remapped_mods\net_fabricmc_yarn_1_20_1_1_20_1_build_10_v2\net\fabricmc\fabric-api\fabric-block-api-v1\1.0.12+1802ada577\fabric-block-api-v1-1.0.12+1802ada577.jar to classpath.
[14:44:43] [main/DEBUG] (FabricLoader/Knot) Adding D:\...Vialumix Dev\Vialumix 1.20.1\vialumix_main-1.20.1-dev0.11.14\.gradle\loom-cache\remapped_mods\net_fabricmc_yarn_1_20_1_1_20_1_build_10_v2\net\fabricmc\fabric-api\fabric-data-attachment-api-v1\1.0.2+de0fd6d177\fabric-data-attachment-api-v1-1.0.2+de0fd6d177.jar to classpath.
[14:44:43] [main/DEBUG] (FabricLoader/Knot) Adding D:\...Vialumix Dev\Vialumix 1.20.1\vialumix_main-1.20.1-dev0.11.14\.gradle\loom-cache\remapped_mods\net_fabricmc_yarn_1_20_1_1_20_1_build_10_v2\net\fabricmc\fabric-api\fabric-renderer-indigo\1.5.3+85287f9f77\fabric-renderer-indigo-1.5.3+85287f9f77.jar to classpath.
[14:44:43] [main/DEBUG] (FabricLoader/Knot) Adding D:\...Vialumix Dev\Vialumix 1.20.1\vialumix_main-1.20.1-dev0.11.14\.gradle\loom-cache\remapped_mods\net_fabricmc_yarn_1_20_1_1_20_1_build_10_v2\net\fabricmc\fabric-api\fabric-mining-level-api-v1\2.1.52+1802ada577\fabric-mining-level-api-v1-2.1.52+1802ada577.jar to classpath.
[14:44:43] [main/DEBUG] (FabricLoader/Knot) Adding D:\...Vialumix Dev\Vialumix 1.20.1\vialumix_main-1.20.1-dev0.11.14\.gradle\loom-cache\remapped_mods\net_fabricmc_yarn_1_20_1_1_20_1_build_10_v2\net\fabricmc\fabric-api\fabric-content-registries-v0\4.0.13+1802ada577\fabric-content-registries-v0-4.0.13+1802ada577.jar to classpath.
[14:44:43] [main/DEBUG] (FabricLoader/Knot) Adding D:\...Vialumix Dev\Vialumix 1.20.1\vialumix_main-1.20.1-dev0.11.14\.gradle\loom-cache\remapped_mods\net_fabricmc_yarn_1_20_1_1_20_1_build_10_v2\net\fabricmc\fabric-api\fabric-convention-tags-v1\1.5.6+1802ada577\fabric-convention-tags-v1-1.5.6+1802ada577.jar to classpath.
[14:44:43] [main/DEBUG] (FabricLoader/Knot) Adding D:\...Vialumix Dev\Vialumix 1.20.1\vialumix_main-1.20.1-dev0.11.14\.gradle\loom-cache\remapped_mods\net_fabricmc_yarn_1_20_1_1_20_1_build_10_v2\net\fabricmc\fabric-api\fabric-renderer-registries-v1\3.2.48+df3654b377\fabric-renderer-registries-v1-3.2.48+df3654b377.jar to classpath.
[14:44:43] [main/DEBUG] (FabricLoader/Knot) Adding D:\...Vialumix Dev\Vialumix 1.20.1\vialumix_main-1.20.1-dev0.11.14\.gradle\loom-cache\remapped_mods\net_fabricmc_yarn_1_20_1_1_20_1_build_10_v2\unspecified\sodium-0.5.13+mc1.20.1\688c26029ce6\sodium-0.5.13+mc1.20.1-688c26029ce6.jar to classpath.
[14:44:43] [main/DEBUG] (FabricLoader/Knot) Adding D:\...Vialumix Dev\Vialumix 1.20.1\vialumix_main-1.20.1-dev0.11.14\.gradle\loom-cache\remapped_mods\net_fabricmc_yarn_1_20_1_1_20_1_build_10_v2\net\fabricmc\fabric-api\fabric-object-builder-api-v1\11.1.5+e35120df77\fabric-object-builder-api-v1-11.1.5+e35120df77.jar to classpath.
[14:44:43] [main/DEBUG] (FabricLoader/Knot) Adding D:\...Vialumix Dev\Vialumix 1.20.1\vialumix_main-1.20.1-dev0.11.14\.gradle\loom-cache\remapped_mods\net_fabricmc_yarn_1_20_1_1_20_1_build_10_v2\net\fabricmc\fabric-api\fabric-crash-report-info-v1\0.2.20+1802ada577\fabric-crash-report-info-v1-0.2.20+1802ada577.jar to classpath.
[14:44:43] [main/DEBUG] (FabricLoader/Knot) Adding D:\...Vialumix Dev\Vialumix 1.20.1\vialumix_main-1.20.1-dev0.11.14\libs\devruntime\glsl-transformer-2.0.1.jar to classpath.
[14:44:43] [main/DEBUG] (FabricLoader/Knot) Adding D:\...Vialumix Dev\Vialumix 1.20.1\vialumix_main-1.20.1-dev0.11.14\.gradle\loom-cache\remapped_mods\net_fabricmc_yarn_1_20_1_1_20_1_build_10_v2\net\fabricmc\fabric-api\fabric-game-rule-api-v1\1.0.41+1802ada577\fabric-game-rule-api-v1-1.0.41+1802ada577.jar to classpath.
[14:44:43] [main/DEBUG] (FabricLoader/Knot) Adding C:\Users\gael\.gradle\caches\modules-2\files-2.1\io.github.llamalad7\mixinextras-fabric\0.4.1\8d1a9e96afb990367fa1f904d17580d164da72e3\mixinextras-fabric-0.4.1.jar to classpath.
[14:44:43] [main/DEBUG] (FabricLoader/Entrypoint) Registering new-style initializer net.fabricmc.fabric.impl.lookup.ApiLookupImpl for mod fabric-api-lookup-api-v1 (key main)
[14:44:43] [main/DEBUG] (FabricLoader/Entrypoint) Registering new-style initializer net.fabricmc.fabric.impl.recipe.ingredient.client.CustomIngredientSyncClient for mod fabric-recipe-api-v1 (key client)
[14:44:43] [main/DEBUG] (FabricLoader/Entrypoint) Registering new-style initializer net.fabricmc.fabric.impl.recipe.ingredient.CustomIngredientInit for mod fabric-recipe-api-v1 (key main)
[14:44:43] [main/DEBUG] (FabricLoader/Entrypoint) Registering new-style initializer net.fabricmc.fabric.impl.recipe.ingredient.CustomIngredientSync for mod fabric-recipe-api-v1 (key main)
[14:44:43] [main/DEBUG] (FabricLoader/Entrypoint) Registering new-style initializer net.irisshaders.iris.compat.modmenu.ModMenuIntegration for mod iris (key modmenu)
[14:44:43] [main/DEBUG] (FabricLoader/Entrypoint) Registering new-style initializer net.fabricmc.fabric.impl.client.event.lifecycle.ClientLifecycleEventsImpl for mod fabric-lifecycle-events-v1 (key client)
[14:44:43] [main/DEBUG] (FabricLoader/Entrypoint) Registering new-style initializer net.fabricmc.fabric.impl.event.lifecycle.LifecycleEventsImpl for mod fabric-lifecycle-events-v1 (key main)
[14:44:43] [main/DEBUG] (FabricLoader/Entrypoint) Registering new-style initializer net.fabricmc.fabric.impl.loot.table.LootTablesV1Init for mod fabric-loot-tables-v1 (key main)
[14:44:43] [main/DEBUG] (FabricLoader/Entrypoint) Registering new-style initializer net.fabricmc.fabric.impl.client.registry.sync.FabricRegistryClientInit for mod fabric-registry-sync-v0 (key client)
[14:44:43] [main/DEBUG] (FabricLoader/Entrypoint) Registering new-style initializer net.fabricmc.fabric.impl.registry.sync.FabricRegistryInit for mod fabric-registry-sync-v0 (key main)
[14:44:43] [main/DEBUG] (FabricLoader/Entrypoint) Registering new-style initializer net.fabricmc.fabric.impl.client.networking.v0.OldClientNetworkingHooks for mod fabric-networking-v0 (key client)
[14:44:43] [main/DEBUG] (FabricLoader/Entrypoint) Registering new-style initializer net.fabricmc.fabric.impl.networking.v0.OldNetworkingHooks for mod fabric-networking-v0 (key main)
[14:44:43] [main/DEBUG] (FabricLoader/Entrypoint) Registering new-style initializer net.fabricmc.fabric.impl.client.rendering.v0.RenderingCallbackInvoker for mod fabric-rendering-v0 (key client)
[14:44:43] [main/DEBUG] (FabricLoader/Entrypoint) Registering new-style initializer net.fabricmc.fabric.impl.gametest.FabricGameTestModInitializer for mod fabric-gametest-api-v1 (key main)
[14:44:43] [main/DEBUG] (FabricLoader/Entrypoint) Registering new-style initializer net.fabricmc.fabric.impl.event.interaction.InteractionEventsRouterClient for mod fabric-events-interaction-v0 (key client)
[14:44:43] [main/DEBUG] (FabricLoader/Entrypoint) Registering new-style initializer net.fabricmc.fabric.impl.event.interaction.InteractionEventsRouter for mod fabric-events-interaction-v0 (key main)
[14:44:43] [main/DEBUG] (FabricLoader/Entrypoint) Registering new-style initializer net.fabricmc.fabric.impl.client.container.ScreenProviderRegistryImpl::init for mod fabric-containers-v0 (key client)
[14:44:43] [main/DEBUG] (FabricLoader/Entrypoint) Registering new-style initializer net.fabricmc.fabric.impl.event.lifecycle.v0.client.LegacyClientEventInvokers for mod fabric-events-lifecycle-v0 (key client)
[14:44:43] [main/DEBUG] (FabricLoader/Entrypoint) Registering new-style initializer net.fabricmc.fabric.impl.event.lifecycle.v0.LegacyEventInvokers for mod fabric-events-lifecycle-v0 (key main)
[14:44:43] [main/DEBUG] (FabricLoader/Entrypoint) Registering new-style initializer net.fabricmc.fabric.impl.screenhandler.client.ClientNetworking for mod fabric-screen-handler-api-v1 (key client)
[14:44:43] [main/DEBUG] (FabricLoader/Entrypoint) Registering new-style initializer net.fabricmc.fabric.impl.command.v1.LegacyHandler for mod fabric-command-api-v1 (key main)
[14:44:43] [main/DEBUG] (FabricLoader/Entrypoint) Registering new-style initializer com.vialumix.modmenu.VialumixModMenu for mod vialumix (key modmenu)
[14:44:43] [main/DEBUG] (FabricLoader/Entrypoint) Registering new-style initializer com.vialumix.client.VialumixClient for mod vialumix (key client)
[14:44:43] [main/DEBUG] (FabricLoader/Entrypoint) Registering new-style initializer net.fabricmc.fabric.impl.networking.client.ClientNetworkingImpl::clientInit for mod fabric-networking-api-v1 (key client)
[14:44:43] [main/DEBUG] (FabricLoader/Entrypoint) Registering new-style initializer net.fabricmc.fabric.impl.networking.NetworkingImpl::init for mod fabric-networking-api-v1 (key main)
[14:44:43] [main/DEBUG] (FabricLoader/Entrypoint) Registering new-style initializer net.fabricmc.fabric.impl.attachment.AttachmentEntrypoint for mod fabric-data-attachment-api-v1 (key main)
[14:44:43] [main/DEBUG] (FabricLoader/Entrypoint) Registering new-style initializer net.fabricmc.fabric.impl.client.indigo.Indigo for mod fabric-renderer-indigo (key client)
[14:44:43] [main/DEBUG] (FabricLoader/Entrypoint) Registering new-style initializer me.jellysquid.mods.sodium.client.SodiumClientMod for mod sodium (key client)
[14:44:43] [main/DEBUG] (FabricLoader/Entrypoint) Registering new-style initializer me.jellysquid.mods.sodium.client.SodiumPreLaunch for mod sodium (key preLaunch)
[14:44:43] [main/INFO] (FabricLoader/Mixin) SpongePowered MIXIN Subsystem Version=0.8.7 Source=file:/C:/Users/gael/.gradle/caches/modules-2/files-2.1/net.fabricmc/sponge-mixin/0.15.4+mixin.0.8.7/6a12aacc794f1078458433116e9ed42c1cc98096/sponge-mixin-0.15.4+mixin.0.8.7.jar Service=Knot/Fabric Env=CLIENT
[14:44:43] [main/DEBUG] (FabricLoader/Mixin) Initialising Mixin Platform Manager
[14:44:43] [main/DEBUG] (FabricLoader/Mixin) Adding mixin platform agents for container ContainerHandleURI(file:///C:/Users/gael/.gradle/caches/modules-2/files-2.1/net.fabricmc/fabric-loader/0.16.10/dbd932c2a3641d2c41cf9abfe47e140a5753fa86/fabric-loader-0.16.10.jar)
[14:44:43] [main/DEBUG] (FabricLoader/Mixin) Instancing new MixinPlatformAgentDefault for ContainerHandleURI(file:///C:/Users/gael/.gradle/caches/modules-2/files-2.1/net.fabricmc/fabric-loader/0.16.10/dbd932c2a3641d2c41cf9abfe47e140a5753fa86/fabric-loader-0.16.10.jar)
[14:44:43] [main/DEBUG] (FabricLoader/Mixin) MixinPlatformAgentDefault accepted container ContainerHandleURI(file:///C:/Users/gael/.gradle/caches/modules-2/files-2.1/net.fabricmc/fabric-loader/0.16.10/dbd932c2a3641d2c41cf9abfe47e140a5753fa86/fabric-loader-0.16.10.jar)
[14:44:43] [main/DEBUG] (FabricLoader/Mixin) Instancing new MixinPlatformAgentDefault for ContainerHandleURI(file:///C:/Users/gael/.gradle/caches/modules-2/files-2.1/net.fabricmc/fabric-loader/0.16.10/dbd932c2a3641d2c41cf9abfe47e140a5753fa86/fabric-loader-0.16.10.jar)
[14:44:43] [main/DEBUG] (FabricLoader/Mixin) MixinPlatformAgentDefault accepted container ContainerHandleURI(file:///C:/Users/gael/.gradle/caches/modules-2/files-2.1/net.fabricmc/fabric-loader/0.16.10/dbd932c2a3641d2c41cf9abfe47e140a5753fa86/fabric-loader-0.16.10.jar)
[14:44:43] [main/DEBUG] (FabricLoader/Mixin) Processing prepare() for PlatformAgent[MixinPlatformAgentDefault:ContainerHandleURI(file:///C:/Users/gael/.gradle/caches/modules-2/files-2.1/net.fabricmc/fabric-loader/0.16.10/dbd932c2a3641d2c41cf9abfe47e140a5753fa86/fabric-loader-0.16.10.jar)]
[14:44:43] [main/DEBUG] (FabricLoader/Mixin) Processing prepare() for PlatformAgent[MixinPlatformAgentDefault:ContainerHandleURI(file:///C:/Users/gael/.gradle/caches/modules-2/files-2.1/net.fabricmc/fabric-loader/0.16.10/dbd932c2a3641d2c41cf9abfe47e140a5753fa86/fabric-loader-0.16.10.jar)]
[14:44:43] [main/INFO] (FabricLoader/Mixin) Loaded Fabric development mappings for mixin remapper!
[14:44:43] [main/DEBUG] (FabricLoader/Mixin) Compatibility level JAVA_17 specified by fabric-tag-api-v1.mixins.json is higher than the maximum level supported by this version of mixin (JAVA_13).
[14:44:43] [main/INFO] (FabricLoader/Mixin) Compatibility level set to JAVA_17
[14:44:43] [main/DEBUG] (FabricLoader/Mixin) Mixin config fabric-tag-api-v1.mixins.json does not specify "minVersion" or "requiredFeatures" property
[14:44:43] [main/DEBUG] (FabricLoader/Mixin) Compatibility level JAVA_16 specified by fabric-api-lookup-api-v1.mixins.json is higher than the maximum level supported by this version of mixin (JAVA_13).
[14:44:43] [main/DEBUG] (FabricLoader/Mixin) Mixin config fabric-api-lookup-api-v1.mixins.json does not specify "minVersion" or "requiredFeatures" property
[14:44:43] [main/DEBUG] (FabricLoader/Mixin) Compatibility level JAVA_16 specified by fabric-particles-v1.client.mixins.json is higher than the maximum level supported by this version of mixin (JAVA_13).
[14:44:43] [main/DEBUG] (FabricLoader/Mixin) Mixin config fabric-particles-v1.client.mixins.json does not specify "minVersion" or "requiredFeatures" property
[14:44:43] [main/DEBUG] (FabricLoader/Mixin) Mixin config fabric-recipe-api-v1.mixins.json does not specify "minVersion" or "requiredFeatures" property
[14:44:43] [main/DEBUG] (FabricLoader/Mixin) Compatibility level JAVA_16 specified by fabric-key-binding-api-v1.mixins.json is higher than the maximum level supported by this version of mixin (JAVA_13).
[14:44:43] [main/DEBUG] (FabricLoader/Mixin) Mixin config fabric-key-binding-api-v1.mixins.json does not specify "minVersion" or "requiredFeatures" property
[14:44:43] [main/DEBUG] (FabricLoader/Mixin) Compatibility level JAVA_16 specified by fabric-blockrenderlayer-v1.mixins.json is higher than the maximum level supported by this version of mixin (JAVA_13).
[14:44:43] [main/DEBUG] (FabricLoader/Mixin) Mixin config fabric-blockrenderlayer-v1.mixins.json does not specify "minVersion" or "requiredFeatures" property
[14:44:43] [main/DEBUG] (FabricLoader/Mixin) Mixin config fabric-loot-api-v2.mixins.json does not specify "minVersion" or "requiredFeatures" property
[14:44:43] [main/DEBUG] (FabricLoader/Mixin) Mixin config mixins.iris.compat.sodium.json does not specify "minVersion" or "requiredFeatures" property
[14:44:43] [main/DEBUG] (FabricLoader/Mixin) Mixin config fabric-sound-api-v1.mixins.json does not specify "minVersion" or "requiredFeatures" property
[14:44:43] [main/DEBUG] (FabricLoader/Mixin) Compatibility level JAVA_16 specified by fabric-lifecycle-events-v1.mixins.json is higher than the maximum level supported by this version of mixin (JAVA_13).
[14:44:43] [main/DEBUG] (FabricLoader/Mixin) Mixin config fabric-lifecycle-events-v1.mixins.json does not specify "minVersion" or "requiredFeatures" property
[14:44:43] [main/DEBUG] (FabricLoader/Mixin) Compatibility level JAVA_16 specified by fabric-lifecycle-events-v1.client.mixins.json is higher than the maximum level supported by this version of mixin (JAVA_13).
[14:44:43] [main/DEBUG] (FabricLoader/Mixin) Mixin config fabric-lifecycle-events-v1.client.mixins.json does not specify "minVersion" or "requiredFeatures" property
[14:44:43] [main/DEBUG] (FabricLoader/Mixin) Mixin config fabric-block-view-api-v2.mixins.json does not specify "minVersion" or "requiredFeatures" property
[14:44:43] [main/DEBUG] (FabricLoader/Mixin) Mixin config fabric-block-view-api-v2.client.mixins.json does not specify "minVersion" or "requiredFeatures" property
[14:44:43] [main/DEBUG] (FabricLoader/Mixin) Compatibility level JAVA_16 specified by fabric-renderer-api-v1.mixins.json is higher than the maximum level supported by this version of mixin (JAVA_13).
[14:44:43] [main/DEBUG] (FabricLoader/Mixin) Mixin config fabric-renderer-api-v1.mixins.json does not specify "minVersion" or "requiredFeatures" property
[14:44:43] [main/DEBUG] (FabricLoader/Mixin) Compatibility level JAVA_16 specified by fabric-renderer-api-v1.debughud.mixins.json is higher than the maximum level supported by this version of mixin (JAVA_13).
[14:44:43] [main/DEBUG] (FabricLoader/Mixin) Mixin config fabric-renderer-api-v1.debughud.mixins.json does not specify "minVersion" or "requiredFeatures" property
[14:44:43] [main/DEBUG] (FabricLoader/Mixin) Mixin config fabric-model-loading-api-v1.mixins.json does not specify "minVersion" or "requiredFeatures" property
[14:44:43] [main/DEBUG] (FabricLoader/Mixin) Compatibility level JAVA_16 specified by fabric-entity-events-v1.mixins.json is higher than the maximum level supported by this version of mixin (JAVA_13).
[14:44:43] [main/DEBUG] (FabricLoader/Mixin) Mixin config fabric-entity-events-v1.mixins.json does not specify "minVersion" or "requiredFeatures" property
[14:44:43] [main/DEBUG] (FabricLoader/Mixin) Compatibility level JAVA_16 specified by fabric-entity-events-v1.client.mixins.json is higher than the maximum level supported by this version of mixin (JAVA_13).
[14:44:43] [main/DEBUG] (FabricLoader/Mixin) Mixin config fabric-entity-events-v1.client.mixins.json does not specify "minVersion" or "requiredFeatures" property
[14:44:43] [main/DEBUG] (FabricLoader/Mixin) Compatibility level JAVA_16 specified by fabric-rendering-fluids-v1.mixins.json is higher than the maximum level supported by this version of mixin (JAVA_13).
[14:44:43] [main/DEBUG] (FabricLoader/Mixin) Mixin config fabric-rendering-fluids-v1.mixins.json does not specify "minVersion" or "requiredFeatures" property
[14:44:43] [main/DEBUG] (FabricLoader/Mixin) Compatibility level JAVA_16 specified by fabric-loot-tables-v1.mixins.json is higher than the maximum level supported by this version of mixin (JAVA_13).
[14:44:43] [main/DEBUG] (FabricLoader/Mixin) Mixin config fabric-loot-tables-v1.mixins.json does not specify "minVersion" or "requiredFeatures" property
[14:44:43] [main/DEBUG] (FabricLoader/Mixin) Compatibility level JAVA_16 specified by fabric-registry-sync-v0.mixins.json is higher than the maximum level supported by this version of mixin (JAVA_13).
[14:44:43] [main/DEBUG] (FabricLoader/Mixin) Mixin config fabric-registry-sync-v0.mixins.json does not specify "minVersion" or "requiredFeatures" property
[14:44:43] [main/DEBUG] (FabricLoader/Mixin) Compatibility level JAVA_16 specified by fabric-registry-sync-v0.client.mixins.json is higher than the maximum level supported by this version of mixin (JAVA_13).
[14:44:43] [main/DEBUG] (FabricLoader/Mixin) Mixin config fabric-registry-sync-v0.client.mixins.json does not specify "minVersion" or "requiredFeatures" property
[14:44:43] [main/DEBUG] (FabricLoader/Mixin) Compatibility level JAVA_16 specified by fabric-rendering-v1.mixins.json is higher than the maximum level supported by this version of mixin (JAVA_13).
[14:44:43] [main/DEBUG] (FabricLoader/Mixin) Mixin config fabric-rendering-v1.mixins.json does not specify "minVersion" or "requiredFeatures" property
[14:44:43] [main/DEBUG] (FabricLoader/Mixin) Compatibility level JAVA_16 specified by fabric-biome-api-v1.mixins.json is higher than the maximum level supported by this version of mixin (JAVA_13).
[14:44:43] [main/DEBUG] (FabricLoader/Mixin) Mixin config fabric-biome-api-v1.mixins.json does not specify "minVersion" or "requiredFeatures" property
[14:44:43] [main/DEBUG] (FabricLoader/Mixin) Compatibility level JAVA_16 specified by fabric-data-generation-api-v1.mixins.json is higher than the maximum level supported by this version of mixin (JAVA_13).
[14:44:43] [main/DEBUG] (FabricLoader/Mixin) Mixin config fabric-data-generation-api-v1.mixins.json does not specify "minVersion" or "requiredFeatures" property
[14:44:43] [main/DEBUG] (FabricLoader/Mixin) Compatibility level JAVA_16 specified by fabric-data-generation-api-v1.client.mixins.json is higher than the maximum level supported by this version of mixin (JAVA_13).
[14:44:43] [main/DEBUG] (FabricLoader/Mixin) Mixin config fabric-data-generation-api-v1.client.mixins.json does not specify "minVersion" or "requiredFeatures" property
[14:44:43] [main/DEBUG] (FabricLoader/Mixin) Compatibility level JAVA_16 specified by fabric-screen-api-v1.mixins.json is higher than the maximum level supported by this version of mixin (JAVA_13).
[14:44:43] [main/DEBUG] (FabricLoader/Mixin) Mixin config fabric-screen-api-v1.mixins.json does not specify "minVersion" or "requiredFeatures" property
[14:44:43] [main/DEBUG] (FabricLoader/Mixin) Compatibility level JAVA_16 specified by fabric-gametest-api-v1.mixins.json is higher than the maximum level supported by this version of mixin (JAVA_13).
[14:44:43] [main/DEBUG] (FabricLoader/Mixin) Mixin config fabric-gametest-api-v1.mixins.json does not specify "minVersion" or "requiredFeatures" property
[14:44:43] [main/DEBUG] (FabricLoader/Mixin) Mixin config fabric-item-group-api-v1.mixins.json does not specify "minVersion" or "requiredFeatures" property
[14:44:43] [main/DEBUG] (FabricLoader/Mixin) Mixin config fabric-item-group-api-v1.client.mixins.json does not specify "minVersion" or "requiredFeatures" property
[14:44:43] [main/DEBUG] (FabricLoader/Mixin) Compatibility level JAVA_16 specified by fabric-dimensions-v1.mixins.json is higher than the maximum level supported by this version of mixin (JAVA_13).
[14:44:43] [main/DEBUG] (FabricLoader/Mixin) Mixin config fabric-dimensions-v1.mixins.json does not specify "minVersion" or "requiredFeatures" property
[14:44:43] [main/DEBUG] (FabricLoader/Mixin) Compatibility level JAVA_16 specified by fabric-resource-conditions-api-v1.mixins.json is higher than the maximum level supported by this version of mixin (JAVA_13).
[14:44:43] [main/DEBUG] (FabricLoader/Mixin) Mixin config fabric-resource-conditions-api-v1.mixins.json does not specify "minVersion" or "requiredFeatures" property
[14:44:43] [main/DEBUG] (FabricLoader/Mixin) Compatibility level JAVA_16 specified by fabric-command-api-v2.mixins.json is higher than the maximum level supported by this version of mixin (JAVA_13).
[14:44:43] [main/DEBUG] (FabricLoader/Mixin) Mixin config fabric-command-api-v2.mixins.json does not specify "minVersion" or "requiredFeatures" property
[14:44:43] [main/DEBUG] (FabricLoader/Mixin) Compatibility level JAVA_16 specified by fabric-command-api-v2.client.mixins.json is higher than the maximum level supported by this version of mixin (JAVA_13).
[14:44:43] [main/DEBUG] (FabricLoader/Mixin) Mixin config fabric-command-api-v2.client.mixins.json does not specify "minVersion" or "requiredFeatures" property
[14:44:43] [main/DEBUG] (FabricLoader/Mixin) Compatibility level JAVA_16 specified by fabric-events-interaction-v0.mixins.json is higher than the maximum level supported by this version of mixin (JAVA_13).
[14:44:43] [main/DEBUG] (FabricLoader/Mixin) Mixin config fabric-events-interaction-v0.mixins.json does not specify "minVersion" or "requiredFeatures" property
[14:44:43] [main/DEBUG] (FabricLoader/Mixin) Compatibility level JAVA_16 specified by fabric-events-interaction-v0.client.mixins.json is higher than the maximum level supported by this version of mixin (JAVA_13).
[14:44:43] [main/DEBUG] (FabricLoader/Mixin) Mixin config fabric-events-interaction-v0.client.mixins.json does not specify "minVersion" or "requiredFeatures" property
[14:44:43] [main/DEBUG] (FabricLoader/Mixin) Compatibility level JAVA_16 specified by fabric-containers-v0.mixins.json is higher than the maximum level supported by this version of mixin (JAVA_13).
[14:44:43] [main/DEBUG] (FabricLoader/Mixin) Mixin config fabric-containers-v0.mixins.json does not specify "minVersion" or "requiredFeatures" property
[14:44:43] [main/DEBUG] (FabricLoader/Mixin) Compatibility level JAVA_16 specified by fabric-containers-v0.accurate.mixins.json is higher than the maximum level supported by this version of mixin (JAVA_13).
[14:44:43] [main/DEBUG] (FabricLoader/Mixin) Mixin config fabric-containers-v0.accurate.mixins.json does not specify "minVersion" or "requiredFeatures" property
[14:44:43] [main/DEBUG] (FabricLoader/Mixin) Compatibility level JAVA_16 specified by fabric-item-api-v1.mixins.json is higher than the maximum level supported by this version of mixin (JAVA_13).
[14:44:43] [main/DEBUG] (FabricLoader/Mixin) Mixin config fabric-item-api-v1.mixins.json does not specify "minVersion" or "requiredFeatures" property
[14:44:43] [main/DEBUG] (FabricLoader/Mixin) Compatibility level JAVA_16 specified by fabric-item-api-v1.client.mixins.json is higher than the maximum level supported by this version of mixin (JAVA_13).
[14:44:43] [main/DEBUG] (FabricLoader/Mixin) Mixin config fabric-item-api-v1.client.mixins.json does not specify "minVersion" or "requiredFeatures" property
[14:44:43] [main/DEBUG] (FabricLoader/Mixin) Compatibility level JAVA_16 specified by fabric-screen-handler-api-v1.mixins.json is higher than the maximum level supported by this version of mixin (JAVA_13).
[14:44:43] [main/DEBUG] (FabricLoader/Mixin) Mixin config fabric-screen-handler-api-v1.mixins.json does not specify "minVersion" or "requiredFeatures" property
[14:44:43] [main/DEBUG] (FabricLoader/Mixin) Mixin config fabric-rendering-data-attachment-v1.mixins.json does not specify "minVersion" or "requiredFeatures" property
[14:44:43] [main/DEBUG] (FabricLoader/Mixin) Mixin config fabric-rendering-data-attachment-v1.client.mixins.json does not specify "minVersion" or "requiredFeatures" property
[14:44:43] [main/DEBUG] (FabricLoader/Mixin) Compatibility level JAVA_16 specified by fabric-message-api-v1.mixins.json is higher than the maximum level supported by this version of mixin (JAVA_13).
[14:44:43] [main/DEBUG] (FabricLoader/Mixin) Mixin config fabric-message-api-v1.mixins.json does not specify "minVersion" or "requiredFeatures" property
[14:44:43] [main/DEBUG] (FabricLoader/Mixin) Mixin config fabric-message-api-v1.client.mixins.json does not specify "minVersion" or "requiredFeatures" property
[14:44:43] [main/DEBUG] (FabricLoader/Mixin) Compatibility level JAVA_16 specified by fabric-resource-loader-v0.mixins.json is higher than the maximum level supported by this version of mixin (JAVA_13).
[14:44:43] [main/DEBUG] (FabricLoader/Mixin) Mixin config fabric-resource-loader-v0.mixins.json does not specify "minVersion" or "requiredFeatures" property
[14:44:43] [main/DEBUG] (FabricLoader/Mixin) Compatibility level JAVA_16 specified by fabric-resource-loader-v0.client.mixins.json is higher than the maximum level supported by this version of mixin (JAVA_13).
[14:44:43] [main/DEBUG] (FabricLoader/Mixin) Mixin config fabric-resource-loader-v0.client.mixins.json does not specify "minVersion" or "requiredFeatures" property
[14:44:43] [main/DEBUG] (FabricLoader/Mixin) Compatibility level JAVA_16 specified by fabric-transfer-api-v1.mixins.json is higher than the maximum level supported by this version of mixin (JAVA_13).
[14:44:43] [main/DEBUG] (FabricLoader/Mixin) Mixin config fabric-transfer-api-v1.mixins.json does not specify "minVersion" or "requiredFeatures" property
[14:44:43] [main/DEBUG] (FabricLoader/Mixin) Compatibility level JAVA_16 specified by fabric-networking-api-v1.mixins.json is higher than the maximum level supported by this version of mixin (JAVA_13).
[14:44:43] [main/DEBUG] (FabricLoader/Mixin) Mixin config fabric-networking-api-v1.mixins.json does not specify "minVersion" or "requiredFeatures" property
[14:44:43] [main/DEBUG] (FabricLoader/Mixin) Compatibility level JAVA_16 specified by fabric-networking-api-v1.client.mixins.json is higher than the maximum level supported by this version of mixin (JAVA_13).
[14:44:43] [main/DEBUG] (FabricLoader/Mixin) Mixin config fabric-networking-api-v1.client.mixins.json does not specify "minVersion" or "requiredFeatures" property
[14:44:43] [main/DEBUG] (FabricLoader/Mixin) Mixin config fabric-block-api-v1.mixins.json does not specify "minVersion" or "requiredFeatures" property
[14:44:43] [main/DEBUG] (FabricLoader/Mixin) Mixin config fabric-data-attachment-api-v1.mixins.json does not specify "minVersion" or "requiredFeatures" property
[14:44:43] [main/DEBUG] (FabricLoader/Mixin) Mixin config fabric-data-attachment-api-v1.client.mixins.json does not specify "minVersion" or "requiredFeatures" property
[14:44:43] [main/DEBUG] (FabricLoader/Mixin) Compatibility level JAVA_16 specified by fabric-renderer-indigo.mixins.json is higher than the maximum level supported by this version of mixin (JAVA_13).
[14:44:43] [main/DEBUG] (FabricLoader/Mixin) Mixin config fabric-renderer-indigo.mixins.json does not specify "minVersion" or "requiredFeatures" property
[14:44:43] [main/DEBUG] (FabricLoader/Mixin) Compatibility level JAVA_16 specified by fabric-mining-level-api-v1.mixins.json is higher than the maximum level supported by this version of mixin (JAVA_13).
[14:44:43] [main/DEBUG] (FabricLoader/Mixin) Mixin config fabric-mining-level-api-v1.mixins.json does not specify "minVersion" or "requiredFeatures" property
[14:44:43] [main/DEBUG] (FabricLoader/Mixin) Compatibility level JAVA_16 specified by fabric-content-registries-v0.mixins.json is higher than the maximum level supported by this version of mixin (JAVA_13).
[14:44:43] [main/DEBUG] (FabricLoader/Mixin) Mixin config fabric-content-registries-v0.mixins.json does not specify "minVersion" or "requiredFeatures" property
[14:44:43] [main/DEBUG] (FabricLoader/Mixin) Mixin config sodium.mixins.json does not specify "minVersion" or "requiredFeatures" property
[14:44:43] [main/DEBUG] (FabricLoader/Mixin) Compatibility level JAVA_16 specified by fabric-object-builder-v1.mixins.json is higher than the maximum level supported by this version of mixin (JAVA_13).
[14:44:43] [main/DEBUG] (FabricLoader/Mixin) Mixin config fabric-object-builder-v1.mixins.json does not specify "minVersion" or "requiredFeatures" property
[14:44:43] [main/DEBUG] (FabricLoader/Mixin) Compatibility level JAVA_16 specified by fabric-object-builder-v1.client.mixins.json is higher than the maximum level supported by this version of mixin (JAVA_13).
[14:44:43] [main/DEBUG] (FabricLoader/Mixin) Mixin config fabric-object-builder-v1.client.mixins.json does not specify "minVersion" or "requiredFeatures" property
[14:44:43] [main/DEBUG] (FabricLoader/Mixin) Compatibility level JAVA_16 specified by fabric-crash-report-info-v1.mixins.json is higher than the maximum level supported by this version of mixin (JAVA_13).
[14:44:43] [main/DEBUG] (FabricLoader/Mixin) Mixin config fabric-crash-report-info-v1.mixins.json does not specify "minVersion" or "requiredFeatures" property
[14:44:43] [main/DEBUG] (FabricLoader/Mixin) Compatibility level JAVA_16 specified by fabric-game-rule-api-v1.mixins.json is higher than the maximum level supported by this version of mixin (JAVA_13).
[14:44:43] [main/DEBUG] (FabricLoader/Mixin) Mixin config fabric-game-rule-api-v1.mixins.json does not specify "minVersion" or "requiredFeatures" property
[14:44:43] [main/DEBUG] (FabricLoader/Mixin) Compatibility level JAVA_16 specified by fabric-game-rule-api-v1.client.mixins.json is higher than the maximum level supported by this version of mixin (JAVA_13).
[14:44:43] [main/DEBUG] (FabricLoader/Mixin) Mixin config fabric-game-rule-api-v1.client.mixins.json does not specify "minVersion" or "requiredFeatures" property
[14:44:43] [main/DEBUG] (FabricLoader/Knot) Adding D:\...Vialumix Dev\Vialumix 1.20.1\vialumix_main-1.20.1-dev0.11.14\.gradle\loom-cache\minecraftMaven\net\minecraft\minecraft-merged-95601a0411\1.20.1-net.fabricmc.yarn.1_20_1.1.20.1+build.10-v2\minecraft-merged-95601a0411-1.20.1-net.fabricmc.yarn.1_20_1.1.20.1+build.10-v2.jar to classpath.
[14:44:43] [main/DEBUG] (FabricLoader/Knot) Adding D:\...Vialumix Dev\Vialumix 1.20.1\vialumix_main-1.20.1-dev0.11.14\build\classes\java\main to classpath.
[14:44:43] [main/DEBUG] (FabricLoader/Knot) Adding D:\...Vialumix Dev\Vialumix 1.20.1\vialumix_main-1.20.1-dev0.11.14\build\resources\main to classpath.
[14:44:43] [main/DEBUG] (FabricLoader/Knot) Adding C:\Users\gael\.gradle\caches\fabric-loom\1.20.1\net.fabricmc.yarn.1_20_1.1.20.1+build.10-v2\mappings.jar to classpath.
[14:44:43] [main/DEBUG] (FabricLoader/Knot) Adding D:\...Vialumix Dev\Vialumix 1.20.1\vialumix_main-1.20.1-dev0.11.14\libs\devruntime\antlr4-runtime-4.13.1.jar to classpath.
[14:44:43] [main/DEBUG] (FabricLoader/Knot) Adding D:\...Vialumix Dev\Vialumix 1.20.1\vialumix_main-1.20.1-dev0.11.14\libs\devruntime\glsl-transformer-2.0.1.jar to classpath.
[14:44:43] [main/DEBUG] (FabricLoader/Knot) Adding D:\...Vialumix Dev\Vialumix 1.20.1\vialumix_main-1.20.1-dev0.11.14\libs\devruntime\jcpp-1.4.14.jar to classpath.
[14:44:43] [main/DEBUG] (FabricLoader/Knot) Adding C:\Users\gael\.gradle\caches\modules-2\files-2.1\io.github.llamalad7\mixinextras-fabric\0.4.1\8d1a9e96afb990367fa1f904d17580d164da72e3\mixinextras-fabric-0.4.1.jar to classpath.
[14:44:43] [main/DEBUG] (FabricLoader/Knot) Adding C:\Users\gael\.gradle\caches\modules-2\files-2.1\net.fabricmc\dev-launch-injector\0.2.1+build.8\da8bef7e6e2f952da707f282bdb46882a0fce5e3\dev-launch-injector-0.2.1+build.8.jar to classpath.
[14:44:43] [main/DEBUG] (FabricLoader/Knot) Adding C:\Users\gael\.gradle\caches\modules-2\files-2.1\com.github.oshi\oshi-core\6.2.2\54f5efc19bca95d709d9a37d19ffcbba3d21c1a6\oshi-core-6.2.2.jar to classpath.
[14:44:43] [main/DEBUG] (FabricLoader/Knot) Adding C:\Users\gael\.gradle\caches\modules-2\files-2.1\com.google.guava\failureaccess\1.0.1\1dcf1de382a0bf95a3d8b0849546c88bac1292c9\failureaccess-1.0.1.jar to classpath.
[14:44:43] [main/DEBUG] (FabricLoader/Knot) Adding C:\Users\gael\.gradle\caches\modules-2\files-2.1\com.google.guava\guava\31.1-jre\60458f877d055d0c9114d9e1a2efb737b4bc282c\guava-31.1-jre.jar to classpath.
[14:44:43] [main/DEBUG] (FabricLoader/Knot) Adding C:\Users\gael\.gradle\caches\modules-2\files-2.1\com.ibm.icu\icu4j\71.1\9e7d3304c23f9ba5cb71915f7cce23231a57a445\icu4j-71.1.jar to classpath.
[14:44:43] [main/DEBUG] (FabricLoader/Knot) Adding C:\Users\gael\.gradle\caches\modules-2\files-2.1\com.mojang\blocklist\1.0.10\5c685c5ffa94c4cd39496c7184c1d122e515ecef\blocklist-1.0.10.jar to classpath.
[14:44:43] [main/DEBUG] (FabricLoader/Knot) Adding C:\Users\gael\.gradle\caches\modules-2\files-2.1\com.mojang\brigadier\1.1.8\5244ce82c3337bba4a196a3ce858bfaecc74404a\brigadier-1.1.8.jar to classpath.
[14:44:43] [main/DEBUG] (FabricLoader/Knot) Adding C:\Users\gael\.gradle\caches\modules-2\files-2.1\com.mojang\datafixerupper\6.0.8\3ba4a30557a9b057760af4011f909ba619fc5125\datafixerupper-6.0.8.jar to classpath.
[14:44:43] [main/DEBUG] (FabricLoader/Knot) Adding C:\Users\gael\.gradle\caches\modules-2\files-2.1\com.mojang\patchy\2.2.10\da05971b07cbb379d002cf7eaec6a2048211fefc\patchy-2.2.10.jar to classpath.
[14:44:43] [main/DEBUG] (FabricLoader/Knot) Adding C:\Users\gael\.gradle\caches\modules-2\files-2.1\com.mojang\text2speech\1.17.9\3cad216e3a7f0c19b4b394388bc9ffc446f13b14\text2speech-1.17.9.jar to classpath.
[14:44:43] [main/DEBUG] (FabricLoader/Knot) Adding C:\Users\gael\.gradle\caches\modules-2\files-2.1\commons-codec\commons-codec\1.15\49d94806b6e3dc933dacbd8acb0fdbab8ebd1e5d\commons-codec-1.15.jar to classpath.
[14:44:43] [main/DEBUG] (FabricLoader/Knot) Adding C:\Users\gael\.gradle\caches\modules-2\files-2.1\commons-io\commons-io\2.11.0\a2503f302b11ebde7ebc3df41daebe0e4eea3689\commons-io-2.11.0.jar to classpath.
[14:44:43] [main/DEBUG] (FabricLoader/Knot) Adding C:\Users\gael\.gradle\caches\modules-2\files-2.1\commons-logging\commons-logging\1.2\4bfc12adfe4842bf07b657f0369c4cb522955686\commons-logging-1.2.jar to classpath.
[14:44:43] [main/DEBUG] (FabricLoader/Knot) Adding C:\Users\gael\.gradle\caches\modules-2\files-2.1\io.netty\netty-buffer\4.1.82.Final\a544270cf1ae8b8077082f5036436a9a9971ea71\netty-buffer-4.1.82.Final.jar to classpath.
[14:44:43] [main/DEBUG] (FabricLoader/Knot) Adding C:\Users\gael\.gradle\caches\modules-2\files-2.1\io.netty\netty-codec\4.1.82.Final\b77200379acb345a9ffdece1c605e591ac3e4e0a\netty-codec-4.1.82.Final.jar to classpath.
[14:44:43] [main/DEBUG] (FabricLoader/Knot) Adding C:\Users\gael\.gradle\caches\modules-2\files-2.1\io.netty\netty-common\4.1.82.Final\22d148e85c3f5ebdacc0ce1f5aabb1d420f73f3\netty-common-4.1.82.Final.jar to classpath.
[14:44:43] [main/DEBUG] (FabricLoader/Knot) Adding C:\Users\gael\.gradle\caches\modules-2\files-2.1\io.netty\netty-handler\4.1.82.Final\644041d1fa96a5d3130a29e8978630d716d76e38\netty-handler-4.1.82.Final.jar to classpath.
[14:44:43] [main/DEBUG] (FabricLoader/Knot) Adding C:\Users\gael\.gradle\caches\modules-2\files-2.1\io.netty\netty-resolver\4.1.82.Final\38f665ae8dcd29032eea31245ba7806bed2e0fa8\netty-resolver-4.1.82.Final.jar to classpath.
[14:44:43] [main/DEBUG] (FabricLoader/Knot) Adding C:\Users\gael\.gradle\caches\modules-2\files-2.1\io.netty\netty-transport-classes-epoll\4.1.82.Final\e7c7dd18deac93105797f30057c912651ea76521\netty-transport-classes-epoll-4.1.82.Final.jar to classpath.
[14:44:43] [main/DEBUG] (FabricLoader/Knot) Adding C:\Users\gael\.gradle\caches\modules-2\files-2.1\io.netty\netty-transport-native-unix-common\4.1.82.Final\3e895b35ca1b8a0eca56cacff4c2dde5d2c6abce\netty-transport-native-unix-common-4.1.82.Final.jar to classpath.
[14:44:43] [main/DEBUG] (FabricLoader/Knot) Adding C:\Users\gael\.gradle\caches\modules-2\files-2.1\io.netty\netty-transport\4.1.82.Final\e431a218d91acb6476ccad5f5aafde50aa3945ca\netty-transport-4.1.82.Final.jar to classpath.
[14:44:43] [main/DEBUG] (FabricLoader/Knot) Adding C:\Users\gael\.gradle\caches\modules-2\files-2.1\it.unimi.dsi\fastutil\8.5.9\bb7ea75ecdb216654237830b3a96d87ad91f8cc5\fastutil-8.5.9.jar to classpath.
[14:44:43] [main/DEBUG] (FabricLoader/Knot) Adding C:\Users\gael\.gradle\caches\modules-2\files-2.1\net.java.dev.jna\jna-platform\5.12.1\97406a297c852f4a41e688a176ec675f72e8329\jna-platform-5.12.1.jar to classpath.
[14:44:43] [main/DEBUG] (FabricLoader/Knot) Adding C:\Users\gael\.gradle\caches\modules-2\files-2.1\net.java.dev.jna\jna\5.12.1\b1e93a735caea94f503e95e6fe79bf9cdc1e985d\jna-5.12.1.jar to classpath.
[14:44:43] [main/DEBUG] (FabricLoader/Knot) Adding C:\Users\gael\.gradle\caches\modules-2\files-2.1\net.sf.jopt-simple\jopt-simple\5.0.4\4fdac2fbe92dfad86aa6e9301736f6b4342a3f5c\jopt-simple-5.0.4.jar to classpath.
[14:44:43] [main/DEBUG] (FabricLoader/Knot) Adding C:\Users\gael\.gradle\caches\modules-2\files-2.1\org.apache.commons\commons-compress\1.21\4ec95b60d4e86b5c95a0e919cb172a0af98011ef\commons-compress-1.21.jar to classpath.
[14:44:43] [main/DEBUG] (FabricLoader/Knot) Adding C:\Users\gael\.gradle\caches\modules-2\files-2.1\org.apache.commons\commons-lang3\3.12.0\c6842c86792ff03b9f1d1fe2aab8dc23aa6c6f0e\commons-lang3-3.12.0.jar to classpath.
[14:44:43] [main/DEBUG] (FabricLoader/Knot) Adding C:\Users\gael\.gradle\caches\modules-2\files-2.1\org.apache.httpcomponents\httpclient\4.5.13\e5f6cae5ca7ecaac1ec2827a9e2d65ae2869cada\httpclient-4.5.13.jar to classpath.
[14:44:43] [main/DEBUG] (FabricLoader/Knot) Adding C:\Users\gael\.gradle\caches\modules-2\files-2.1\org.apache.httpcomponents\httpcore\4.4.15\7f2e0c573eaa7a74bac2e89b359e1f73d92a0a1d\httpcore-4.4.15.jar to classpath.
[14:44:43] [main/DEBUG] (FabricLoader/Knot) Adding C:\Users\gael\.gradle\caches\modules-2\files-2.1\org.joml\joml\1.10.5\22566d58af70ad3d72308bab63b8339906deb649\joml-1.10.5.jar to classpath.
[14:44:43] [main/DEBUG] (FabricLoader/Knot) Adding C:\Users\gael\.gradle\caches\modules-2\files-2.1\org.lwjgl\lwjgl-glfw\3.3.1\cbac1b8d30cb4795149c1ef540f912671a8616d0\lwjgl-glfw-3.3.1.jar to classpath.
[14:44:43] [main/DEBUG] (FabricLoader/Knot) Adding C:\Users\gael\.gradle\caches\modules-2\files-2.1\org.lwjgl\lwjgl-glfw\3.3.1\ed892f945cf7e79c8756796f32d00fa4ceaf573b\lwjgl-glfw-3.3.1-natives-windows.jar to classpath.
[14:44:43] [main/DEBUG] (FabricLoader/Knot) Adding C:\Users\gael\.gradle\caches\modules-2\files-2.1\org.lwjgl\lwjgl-glfw\3.3.1\beda65ee503443e60aa196d58ed31f8d001dc22a\lwjgl-glfw-3.3.1-natives-windows-arm64.jar to classpath.
[14:44:43] [main/DEBUG] (FabricLoader/Knot) Adding C:\Users\gael\.gradle\caches\modules-2\files-2.1\org.lwjgl\lwjgl-glfw\3.3.1\b997e3391d6ce8f05487e7335d95c606043884a1\lwjgl-glfw-3.3.1-natives-windows-x86.jar to classpath.
[14:44:43] [main/DEBUG] (FabricLoader/Knot) Adding C:\Users\gael\.gradle\caches\modules-2\files-2.1\org.lwjgl\lwjgl-jemalloc\3.3.1\a817bcf213db49f710603677457567c37d53e103\lwjgl-jemalloc-3.3.1.jar to classpath.
[14:44:43] [main/DEBUG] (FabricLoader/Knot) Adding C:\Users\gael\.gradle\caches\modules-2\files-2.1\org.lwjgl\lwjgl-jemalloc\3.3.1\948a89b76a16aa324b046ae9308891216ffce5f9\lwjgl-jemalloc-3.3.1-natives-windows.jar to classpath.
[14:44:43] [main/DEBUG] (FabricLoader/Knot) Adding C:\Users\gael\.gradle\caches\modules-2\files-2.1\org.lwjgl\lwjgl-jemalloc\3.3.1\cae85c4edb219c88b6a0c26a87955ad98dc9519d\lwjgl-jemalloc-3.3.1-natives-windows-arm64.jar to classpath.
[14:44:43] [main/DEBUG] (FabricLoader/Knot) Adding C:\Users\gael\.gradle\caches\modules-2\files-2.1\org.lwjgl\lwjgl-jemalloc\3.3.1\fb476c8ec110e1c137ad3ce8a7f7bfe6b11c6324\lwjgl-jemalloc-3.3.1-natives-windows-x86.jar to classpath.
[14:44:43] [main/DEBUG] (FabricLoader/Knot) Adding C:\Users\gael\.gradle\caches\modules-2\files-2.1\org.lwjgl\lwjgl-openal\3.3.1\2623a6b8ae1dfcd880738656a9f0243d2e6840bd\lwjgl-openal-3.3.1.jar to classpath.
[14:44:43] [main/DEBUG] (FabricLoader/Knot) Adding C:\Users\gael\.gradle\caches\modules-2\files-2.1\org.lwjgl\lwjgl-openal\3.3.1\30a474d0e57193d7bc128849a3ab66bc9316fdb1\lwjgl-openal-3.3.1-natives-windows.jar to classpath.
[14:44:43] [main/DEBUG] (FabricLoader/Knot) Adding C:\Users\gael\.gradle\caches\modules-2\files-2.1\org.lwjgl\lwjgl-openal\3.3.1\40d65f1a7368a2aa47336f9cb69f5a190cf9975a\lwjgl-openal-3.3.1-natives-windows-arm64.jar to classpath.
[14:44:43] [main/DEBUG] (FabricLoader/Knot) Adding C:\Users\gael\.gradle\caches\modules-2\files-2.1\org.lwjgl\lwjgl-openal\3.3.1\888349f7b1be6fbae58bf8edfb9ef12def04c4e3\lwjgl-openal-3.3.1-natives-windows-x86.jar to classpath.
[14:44:43] [main/DEBUG] (FabricLoader/Knot) Adding C:\Users\gael\.gradle\caches\modules-2\files-2.1\org.lwjgl\lwjgl-opengl\3.3.1\831a5533a21a5f4f81bbc51bb13e9899319b5411\lwjgl-opengl-3.3.1.jar to classpath.
[14:44:43] [main/DEBUG] (FabricLoader/Knot) Adding C:\Users\gael\.gradle\caches\modules-2\files-2.1\org.lwjgl\lwjgl-opengl\3.3.1\c1807e9bd571402787d7e37e3029776ae2513bb8\lwjgl-opengl-3.3.1-natives-windows.jar to classpath.
[14:44:43] [main/DEBUG] (FabricLoader/Knot) Adding C:\Users\gael\.gradle\caches\modules-2\files-2.1\org.lwjgl\lwjgl-opengl\3.3.1\527d78f1e9056aff3ed02ce93019c73c5e8f1721\lwjgl-opengl-3.3.1-natives-windows-arm64.jar to classpath.
[14:44:43] [main/DEBUG] (FabricLoader/Knot) Adding C:\Users\gael\.gradle\caches\modules-2\files-2.1\org.lwjgl\lwjgl-opengl\3.3.1\deef3eb9b178ff2ff3ce893cc72ae741c3a17974\lwjgl-opengl-3.3.1-natives-windows-x86.jar to classpath.
[14:44:43] [main/DEBUG] (FabricLoader/Knot) Adding C:\Users\gael\.gradle\caches\modules-2\files-2.1\org.lwjgl\lwjgl-stb\3.3.1\b119297cf8ed01f247abe8685857f8e7fcf5980f\lwjgl-stb-3.3.1.jar to classpath.
[14:44:43] [main/DEBUG] (FabricLoader/Knot) Adding C:\Users\gael\.gradle\caches\modules-2\files-2.1\org.lwjgl\lwjgl-stb\3.3.1\86315914ac119efdb02dc9e8e978ade84f1702af\lwjgl-stb-3.3.1-natives-windows.jar to classpath.
[14:44:43] [main/DEBUG] (FabricLoader/Knot) Adding C:\Users\gael\.gradle\caches\modules-2\files-2.1\org.lwjgl\lwjgl-stb\3.3.1\fde63cdd2605c00636721a6c8b961e41d1f6b247\lwjgl-stb-3.3.1-natives-windows-arm64.jar to classpath.
[14:44:43] [main/DEBUG] (FabricLoader/Knot) Adding C:\Users\gael\.gradle\caches\modules-2\files-2.1\org.lwjgl\lwjgl-stb\3.3.1\a8d41f419eecb430b7c91ea2ce2c5c451cae2091\lwjgl-stb-3.3.1-natives-windows-x86.jar to classpath.
[14:44:43] [main/DEBUG] (FabricLoader/Knot) Adding C:\Users\gael\.gradle\caches\modules-2\files-2.1\org.lwjgl\lwjgl-tinyfd\3.3.1\ff1914111ef2e3e0110ef2dabc8d8cdaad82347\lwjgl-tinyfd-3.3.1.jar to classpath.
[14:44:43] [main/DEBUG] (FabricLoader/Knot) Adding C:\Users\gael\.gradle\caches\modules-2\files-2.1\org.lwjgl\lwjgl-tinyfd\3.3.1\a5d830475ec0958d9fdba1559efa99aef211e6ff\lwjgl-tinyfd-3.3.1-natives-windows.jar to classpath.
[14:44:43] [main/DEBUG] (FabricLoader/Knot) Adding C:\Users\gael\.gradle\caches\modules-2\files-2.1\org.lwjgl\lwjgl-tinyfd\3.3.1\83a5e780df610829ff3a737822b4f931cffecd91\lwjgl-tinyfd-3.3.1-natives-windows-arm64.jar to classpath.
[14:44:43] [main/DEBUG] (FabricLoader/Knot) Adding C:\Users\gael\.gradle\caches\modules-2\files-2.1\org.lwjgl\lwjgl-tinyfd\3.3.1\842eedd876fae354abc308c98a263f6bbc9e8a4d\lwjgl-tinyfd-3.3.1-natives-windows-x86.jar to classpath.
[14:44:43] [main/DEBUG] (FabricLoader/Knot) Adding C:\Users\gael\.gradle\caches\modules-2\files-2.1\org.lwjgl\lwjgl\3.3.1\ae58664f88e18a9bb2c77b063833ca7aaec484cb\lwjgl-3.3.1.jar to classpath.
[14:44:43] [main/DEBUG] (FabricLoader/Knot) Adding C:\Users\gael\.gradle\caches\modules-2\files-2.1\org.lwjgl\lwjgl\3.3.1\36c37f16ab611b3aa11f3bcf80b1d509b4ce6b\lwjgl-3.3.1-natives-windows.jar to classpath.
[14:44:43] [main/DEBUG] (FabricLoader/Knot) Adding C:\Users\gael\.gradle\caches\modules-2\files-2.1\org.lwjgl\lwjgl\3.3.1\f46cadcf95675908fd3a550d63d9d709cb68998\lwjgl-3.3.1-natives-windows-arm64.jar to classpath.
[14:44:43] [main/DEBUG] (FabricLoader/Knot) Adding C:\Users\gael\.gradle\caches\modules-2\files-2.1\org.lwjgl\lwjgl\3.3.1\3b14f4beae9dd39791ec9e12190a9380cd8a3ce6\lwjgl-3.3.1-natives-windows-x86.jar to classpath.
[14:44:43] [main/DEBUG] (FabricLoader/Knot) Adding C:\Users\gael\.gradle\caches\modules-2\files-2.1\io.netty\netty-transport-native-epoll\4.1.82.Final\c7350a71920f3ae9142945e25fed4846cce53374\netty-transport-native-epoll-4.1.82.Final-linux-x86_64.jar to classpath.
[14:44:43] [main/DEBUG] (FabricLoader/Knot) Adding C:\Users\gael\.gradle\caches\modules-2\files-2.1\io.netty\netty-transport-native-epoll\4.1.82.Final\476409d6255001ca53a55f65b01c13822f8dc93a\netty-transport-native-epoll-4.1.82.Final-linux-aarch_64.jar to classpath.
[14:44:43] [main/DEBUG] (FabricLoader/Knot) Adding D:\...Vialumix Dev\Vialumix 1.20.1\vialumix_main-1.20.1-dev0.11.14\.gradle\loom-cache\remapped_mods\net_fabricmc_yarn_1_20_1_1_20_1_build_10_v2\net\fabricmc\fabric-api\fabric-api\0.92.12+1.20.1\fabric-api-0.92.12+1.20.1.jar to classpath.
[14:44:43] [main/DEBUG] (FabricLoader/Knot) Adding D:\...Vialumix Dev\Vialumix 1.20.1\vialumix_main-1.20.1-dev0.11.14\.gradle\loom-cache\remapped_mods\net_fabricmc_yarn_1_20_1_1_20_1_build_10_v2\net\fabricmc\fabric-api\fabric-transfer-api-v1\3.3.6+8dd72ea377\fabric-transfer-api-v1-3.3.6+8dd72ea377.jar to classpath.
[14:44:43] [main/DEBUG] (FabricLoader/Knot) Adding D:\...Vialumix Dev\Vialumix 1.20.1\vialumix_main-1.20.1-dev0.11.14\.gradle\loom-cache\remapped_mods\net_fabricmc_yarn_1_20_1_1_20_1_build_10_v2\net\fabricmc\fabric-api\fabric-api-lookup-api-v1\1.6.37+1802ada577\fabric-api-lookup-api-v1-1.6.37+1802ada577.jar to classpath.
[14:44:43] [main/DEBUG] (FabricLoader/Knot) Adding D:\...Vialumix Dev\Vialumix 1.20.1\vialumix_main-1.20.1-dev0.11.14\.gradle\loom-cache\remapped_mods\net_fabricmc_yarn_1_20_1_1_20_1_build_10_v2\net\fabricmc\fabric-api\fabric-blockrenderlayer-v1\1.1.42+1802ada577\fabric-blockrenderlayer-v1-1.1.42+1802ada577.jar to classpath.
[14:44:43] [main/DEBUG] (FabricLoader/Knot) Adding D:\...Vialumix Dev\Vialumix 1.20.1\vialumix_main-1.20.1-dev0.11.14\.gradle\loom-cache\remapped_mods\net_fabricmc_yarn_1_20_1_1_20_1_build_10_v2\net\fabricmc\fabric-api\fabric-client-tags-api-v1\1.2.0+238242b777\fabric-client-tags-api-v1-1.2.0+238242b777.jar to classpath.
[14:44:43] [main/DEBUG] (FabricLoader/Knot) Adding D:\...Vialumix Dev\Vialumix 1.20.1\vialumix_main-1.20.1-dev0.11.14\.gradle\loom-cache\remapped_mods\net_fabricmc_yarn_1_20_1_1_20_1_build_10_v2\net\fabricmc\fabric-api\fabric-command-api-v1\1.2.35+f71b366f77\fabric-command-api-v1-1.2.35+f71b366f77.jar to classpath.
[14:44:43] [main/DEBUG] (FabricLoader/Knot) Adding D:\...Vialumix Dev\Vialumix 1.20.1\vialumix_main-1.20.1-dev0.11.14\.gradle\loom-cache\remapped_mods\net_fabricmc_yarn_1_20_1_1_20_1_build_10_v2\net\fabricmc\fabric-api\fabric-commands-v0\0.2.52+df3654b377\fabric-commands-v0-0.2.52+df3654b377.jar to classpath.
[14:44:43] [main/DEBUG] (FabricLoader/Knot) Adding D:\...Vialumix Dev\Vialumix 1.20.1\vialumix_main-1.20.1-dev0.11.14\.gradle\loom-cache\remapped_mods\net_fabricmc_yarn_1_20_1_1_20_1_build_10_v2\net\fabricmc\fabric-api\fabric-command-api-v2\2.2.14+1802ada577\fabric-command-api-v2-2.2.14+1802ada577.jar to classpath.
[14:44:43] [main/DEBUG] (FabricLoader/Knot) Adding D:\...Vialumix Dev\Vialumix 1.20.1\vialumix_main-1.20.1-dev0.11.14\.gradle\loom-cache\remapped_mods\net_fabricmc_yarn_1_20_1_1_20_1_build_10_v2\net\fabricmc\fabric-api\fabric-content-registries-v0\4.0.13+1802ada577\fabric-content-registries-v0-4.0.13+1802ada577.jar to classpath.
[14:44:43] [main/DEBUG] (FabricLoader/Knot) Adding D:\...Vialumix Dev\Vialumix 1.20.1\vialumix_main-1.20.1-dev0.11.14\.gradle\loom-cache\remapped_mods\net_fabricmc_yarn_1_20_1_1_20_1_build_10_v2\net\fabricmc\fabric-api\fabric-convention-tags-v1\1.5.6+1802ada577\fabric-convention-tags-v1-1.5.6+1802ada577.jar to classpath.
[14:44:43] [main/DEBUG] (FabricLoader/Knot) Adding D:\...Vialumix Dev\Vialumix 1.20.1\vialumix_main-1.20.1-dev0.11.14\.gradle\loom-cache\remapped_mods\net_fabricmc_yarn_1_20_1_1_20_1_build_10_v2\net\fabricmc\fabric-api\fabric-data-attachment-api-v1\1.0.2+de0fd6d177\fabric-data-attachment-api-v1-1.0.2+de0fd6d177.jar to classpath.
[14:44:43] [main/DEBUG] (FabricLoader/Knot) Adding D:\...Vialumix Dev\Vialumix 1.20.1\vialumix_main-1.20.1-dev0.11.14\.gradle\loom-cache\remapped_mods\net_fabricmc_yarn_1_20_1_1_20_1_build_10_v2\net\fabricmc\fabric-api\fabric-data-generation-api-v1\12.4.0+238242b777\fabric-data-generation-api-v1-12.4.0+238242b777.jar to classpath.
[14:44:43] [main/DEBUG] (FabricLoader/Knot) Adding D:\...Vialumix Dev\Vialumix 1.20.1\vialumix_main-1.20.1-dev0.11.14\.gradle\loom-cache\remapped_mods\net_fabricmc_yarn_1_20_1_1_20_1_build_10_v2\net\fabricmc\fabric-api\fabric-dimensions-v1\2.1.55+1802ada577\fabric-dimensions-v1-2.1.55+1802ada577.jar to classpath.
[14:44:43] [main/DEBUG] (FabricLoader/Knot) Adding D:\...Vialumix Dev\Vialumix 1.20.1\vialumix_main-1.20.1-dev0.11.14\.gradle\loom-cache\remapped_mods\net_fabricmc_yarn_1_20_1_1_20_1_build_10_v2\net\fabricmc\fabric-api\fabric-entity-events-v1\1.6.1+1c78457f77\fabric-entity-events-v1-1.6.1+1c78457f77.jar to classpath.
[14:44:43] [main/DEBUG] (FabricLoader/Knot) Adding D:\...Vialumix Dev\Vialumix 1.20.1\vialumix_main-1.20.1-dev0.11.14\.gradle\loom-cache\remapped_mods\net_fabricmc_yarn_1_20_1_1_20_1_build_10_v2\net\fabricmc\fabric-api\fabric-events-interaction-v0\0.6.6+13a40c6677\fabric-events-interaction-v0-0.6.6+13a40c6677.jar to classpath.
[14:44:43] [main/DEBUG] (FabricLoader/Knot) Adding D:\...Vialumix Dev\Vialumix 1.20.1\vialumix_main-1.20.1-dev0.11.14\.gradle\loom-cache\remapped_mods\net_fabricmc_yarn_1_20_1_1_20_1_build_10_v2\net\fabricmc\fabric-api\fabric-gametest-api-v1\1.2.15+1802ada577\fabric-gametest-api-v1-1.2.15+1802ada577.jar to classpath.
[14:44:43] [main/DEBUG] (FabricLoader/Knot) Adding D:\...Vialumix Dev\Vialumix 1.20.1\vialumix_main-1.20.1-dev0.11.14\.gradle\loom-cache\remapped_mods\net_fabricmc_yarn_1_20_1_1_20_1_build_10_v2\net\fabricmc\fabric-api\fabric-events-lifecycle-v0\0.2.64+df3654b377\fabric-events-lifecycle-v0-0.2.64+df3654b377.jar to classpath.
[14:44:43] [main/DEBUG] (FabricLoader/Knot) Adding D:\...Vialumix Dev\Vialumix 1.20.1\vialumix_main-1.20.1-dev0.11.14\.gradle\loom-cache\remapped_mods\net_fabricmc_yarn_1_20_1_1_20_1_build_10_v2\net\fabricmc\fabric-api\fabric-item-api-v1\2.1.29+1802ada577\fabric-item-api-v1-2.1.29+1802ada577.jar to classpath.
[14:44:43] [main/DEBUG] (FabricLoader/Knot) Adding D:\...Vialumix Dev\Vialumix 1.20.1\vialumix_main-1.20.1-dev0.11.14\.gradle\loom-cache\remapped_mods\net_fabricmc_yarn_1_20_1_1_20_1_build_10_v2\net\fabricmc\fabric-api\fabric-item-group-api-v1\4.0.14+1802ada577\fabric-item-group-api-v1-4.0.14+1802ada577.jar to classpath.
[14:44:43] [main/DEBUG] (FabricLoader/Knot) Adding D:\...Vialumix Dev\Vialumix 1.20.1\vialumix_main-1.20.1-dev0.11.14\.gradle\loom-cache\remapped_mods\net_fabricmc_yarn_1_20_1_1_20_1_build_10_v2\net\fabricmc\fabric-api\fabric-mining-level-api-v1\2.1.52+1802ada577\fabric-mining-level-api-v1-2.1.52+1802ada577.jar to classpath.
[14:44:43] [main/DEBUG] (FabricLoader/Knot) Adding D:\...Vialumix Dev\Vialumix 1.20.1\vialumix_main-1.20.1-dev0.11.14\.gradle\loom-cache\remapped_mods\net_fabricmc_yarn_1_20_1_1_20_1_build_10_v2\net\fabricmc\fabric-api\fabric-lifecycle-events-v1\2.2.23+1802ada577\fabric-lifecycle-events-v1-2.2.23+1802ada577.jar to classpath.
[14:44:43] [main/DEBUG] (FabricLoader/Knot) Adding D:\...Vialumix Dev\Vialumix 1.20.1\vialumix_main-1.20.1-dev0.11.14\.gradle\loom-cache\remapped_mods\net_fabricmc_yarn_1_20_1_1_20_1_build_10_v2\net\fabricmc\fabric-api\fabric-loot-tables-v1\1.1.47+9e7660c677\fabric-loot-tables-v1-1.1.47+9e7660c677.jar to classpath.
[14:44:43] [main/DEBUG] (FabricLoader/Knot) Adding D:\...Vialumix Dev\Vialumix 1.20.1\vialumix_main-1.20.1-dev0.11.14\.gradle\loom-cache\remapped_mods\net_fabricmc_yarn_1_20_1_1_20_1_build_10_v2\net\fabricmc\fabric-api\fabric-loot-api-v2\1.2.3+1802ada577\fabric-loot-api-v2-1.2.3+1802ada577.jar to classpath.
[14:44:43] [main/DEBUG] (FabricLoader/Knot) Adding D:\...Vialumix Dev\Vialumix 1.20.1\vialumix_main-1.20.1-dev0.11.14\.gradle\loom-cache\remapped_mods\net_fabricmc_yarn_1_20_1_1_20_1_build_10_v2\net\fabricmc\fabric-api\fabric-message-api-v1\5.1.10+1802ada577\fabric-message-api-v1-5.1.10+1802ada577.jar to classpath.
[14:44:43] [main/DEBUG] (FabricLoader/Knot) Adding D:\...Vialumix Dev\Vialumix 1.20.1\vialumix_main-1.20.1-dev0.11.14\.gradle\loom-cache\remapped_mods\net_fabricmc_yarn_1_20_1_1_20_1_build_10_v2\net\fabricmc\fabric-api\fabric-models-v0\0.4.3+9386d8a777\fabric-models-v0-0.4.3+9386d8a777.jar to classpath.
[14:44:43] [main/DEBUG] (FabricLoader/Knot) Adding D:\...Vialumix Dev\Vialumix 1.20.1\vialumix_main-1.20.1-dev0.11.14\.gradle\loom-cache\remapped_mods\net_fabricmc_yarn_1_20_1_1_20_1_build_10_v2\net\fabricmc\fabric-api\fabric-model-loading-api-v1\1.0.4+1802ada577\fabric-model-loading-api-v1-1.0.4+1802ada577.jar to classpath.
[14:44:43] [main/DEBUG] (FabricLoader/Knot) Adding D:\...Vialumix Dev\Vialumix 1.20.1\vialumix_main-1.20.1-dev0.11.14\.gradle\loom-cache\remapped_mods\net_fabricmc_yarn_1_20_1_1_20_1_build_10_v2\net\fabricmc\fabric-api\fabric-recipe-api-v1\1.0.25+1802ada577\fabric-recipe-api-v1-1.0.25+1802ada577.jar to classpath.
[14:44:43] [main/DEBUG] (FabricLoader/Knot) Adding D:\...Vialumix Dev\Vialumix 1.20.1\vialumix_main-1.20.1-dev0.11.14\.gradle\loom-cache\remapped_mods\net_fabricmc_yarn_1_20_1_1_20_1_build_10_v2\net\fabricmc\fabric-api\fabric-registry-sync-v0\2.4.1+4c0a70e677\fabric-registry-sync-v0-2.4.1+4c0a70e677.jar to classpath.
[14:44:43] [main/DEBUG] (FabricLoader/Knot) Adding D:\...Vialumix Dev\Vialumix 1.20.1\vialumix_main-1.20.1-dev0.11.14\.gradle\loom-cache\remapped_mods\net_fabricmc_yarn_1_20_1_1_20_1_build_10_v2\net\fabricmc\fabric-api\fabric-screen-handler-api-v1\1.3.34+1802ada577\fabric-screen-handler-api-v1-1.3.34+1802ada577.jar to classpath.
[14:44:43] [main/DEBUG] (FabricLoader/Knot) Adding D:\...Vialumix Dev\Vialumix 1.20.1\vialumix_main-1.20.1-dev0.11.14\.gradle\loom-cache\remapped_mods\net_fabricmc_yarn_1_20_1_1_20_1_build_10_v2\net\fabricmc\fabric-api\fabric-containers-v0\0.1.68+df3654b377\fabric-containers-v0-0.1.68+df3654b377.jar to classpath.
[14:44:43] [main/DEBUG] (FabricLoader/Knot) Adding D:\...Vialumix Dev\Vialumix 1.20.1\vialumix_main-1.20.1-dev0.11.14\.gradle\loom-cache\remapped_mods\net_fabricmc_yarn_1_20_1_1_20_1_build_10_v2\net\fabricmc\fabric-api\fabric-networking-v0\0.3.55+df3654b377\fabric-networking-v0-0.3.55+df3654b377.jar to classpath.
[14:44:43] [main/DEBUG] (FabricLoader/Knot) Adding D:\...Vialumix Dev\Vialumix 1.20.1\vialumix_main-1.20.1-dev0.11.14\.gradle\loom-cache\remapped_mods\net_fabricmc_yarn_1_20_1_1_20_1_build_10_v2\net\fabricmc\fabric-api\fabric-networking-api-v1\1.3.15+0caff8d077\fabric-networking-api-v1-1.3.15+0caff8d077.jar to classpath.
[14:44:43] [main/DEBUG] (FabricLoader/Knot) Adding D:\...Vialumix Dev\Vialumix 1.20.1\vialumix_main-1.20.1-dev0.11.14\.gradle\loom-cache\remapped_mods\net_fabricmc_yarn_1_20_1_1_20_1_build_10_v2\net\fabricmc\fabric-api\fabric-object-builder-api-v1\11.1.5+e35120df77\fabric-object-builder-api-v1-11.1.5+e35120df77.jar to classpath.
[14:44:43] [main/DEBUG] (FabricLoader/Knot) Adding D:\...Vialumix Dev\Vialumix 1.20.1\vialumix_main-1.20.1-dev0.11.14\.gradle\loom-cache\remapped_mods\net_fabricmc_yarn_1_20_1_1_20_1_build_10_v2\net\fabricmc\fabric-api\fabric-particles-v1\1.1.3+1802ada577\fabric-particles-v1-1.1.3+1802ada577.jar to classpath.
[14:44:43] [main/DEBUG] (FabricLoader/Knot) Adding D:\...Vialumix Dev\Vialumix 1.20.1\vialumix_main-1.20.1-dev0.11.14\.gradle\loom-cache\remapped_mods\net_fabricmc_yarn_1_20_1_1_20_1_build_10_v2\net\fabricmc\fabric-api\fabric-renderer-indigo\1.5.3+85287f9f77\fabric-renderer-indigo-1.5.3+85287f9f77.jar to classpath.
[14:44:43] [main/DEBUG] (FabricLoader/Knot) Adding D:\...Vialumix Dev\Vialumix 1.20.1\vialumix_main-1.20.1-dev0.11.14\.gradle\loom-cache\remapped_mods\net_fabricmc_yarn_1_20_1_1_20_1_build_10_v2\net\fabricmc\fabric-api\fabric-renderer-api-v1\3.2.2+1802ada577\fabric-renderer-api-v1-3.2.2+1802ada577.jar to classpath.
[14:44:43] [main/DEBUG] (FabricLoader/Knot) Adding D:\...Vialumix Dev\Vialumix 1.20.1\vialumix_main-1.20.1-dev0.11.14\.gradle\loom-cache\remapped_mods\net_fabricmc_yarn_1_20_1_1_20_1_build_10_v2\net\fabricmc\fabric-api\fabric-rendering-fluids-v1\3.0.29+1802ada577\fabric-rendering-fluids-v1-3.0.29+1802ada577.jar to classpath.
[14:44:43] [main/DEBUG] (FabricLoader/Knot) Adding D:\...Vialumix Dev\Vialumix 1.20.1\vialumix_main-1.20.1-dev0.11.14\.gradle\loom-cache\remapped_mods\net_fabricmc_yarn_1_20_1_1_20_1_build_10_v2\net\fabricmc\fabric-api\fabric-renderer-registries-v1\3.2.48+df3654b377\fabric-renderer-registries-v1-3.2.48+df3654b377.jar to classpath.
[14:44:43] [main/DEBUG] (FabricLoader/Knot) Adding D:\...Vialumix Dev\Vialumix 1.20.1\vialumix_main-1.20.1-dev0.11.14\.gradle\loom-cache\remapped_mods\net_fabricmc_yarn_1_20_1_1_20_1_build_10_v2\net\fabricmc\fabric-api\fabric-rendering-v0\1.1.51+df3654b377\fabric-rendering-v0-1.1.51+df3654b377.jar to classpath.
[14:44:43] [main/DEBUG] (FabricLoader/Knot) Adding D:\...Vialumix Dev\Vialumix 1.20.1\vialumix_main-1.20.1-dev0.11.14\.gradle\loom-cache\remapped_mods\net_fabricmc_yarn_1_20_1_1_20_1_build_10_v2\net\fabricmc\fabric-api\fabric-rendering-v1\3.0.10+54550fb677\fabric-rendering-v1-3.0.10+54550fb677.jar to classpath.
[14:44:43] [main/DEBUG] (FabricLoader/Knot) Adding D:\...Vialumix Dev\Vialumix 1.20.1\vialumix_main-1.20.1-dev0.11.14\.gradle\loom-cache\remapped_mods\net_fabricmc_yarn_1_20_1_1_20_1_build_10_v2\net\fabricmc\fabric-api\fabric-screen-api-v1\2.0.9+1802ada577\fabric-screen-api-v1-2.0.9+1802ada577.jar to classpath.
[14:44:43] [main/DEBUG] (FabricLoader/Knot) Adding D:\...Vialumix Dev\Vialumix 1.20.1\vialumix_main-1.20.1-dev0.11.14\.gradle\loom-cache\remapped_mods\net_fabricmc_yarn_1_20_1_1_20_1_build_10_v2\net\fabricmc\fabric-api\fabric-tag-api-v1\1.3.0+238242b777\fabric-tag-api-v1-1.3.0+238242b777.jar to classpath.
[14:44:43] [main/DEBUG] (FabricLoader/Knot) Adding D:\...Vialumix Dev\Vialumix 1.20.1\vialumix_main-1.20.1-dev0.11.14\.gradle\loom-cache\remapped_mods\net_fabricmc_yarn_1_20_1_1_20_1_build_10_v2\net\fabricmc\fabric-api\fabric-api-base\0.4.32+1802ada577\fabric-api-base-0.4.32+1802ada577.jar to classpath.
[14:44:43] [main/DEBUG] (FabricLoader/Knot) Adding D:\...Vialumix Dev\Vialumix 1.20.1\vialumix_main-1.20.1-dev0.11.14\.gradle\loom-cache\remapped_mods\net_fabricmc_yarn_1_20_1_1_20_1_build_10_v2\net\fabricmc\fabric-api\fabric-biome-api-v1\13.0.15+93aa238b77\fabric-biome-api-v1-13.0.15+93aa238b77.jar to classpath.
[14:44:43] [main/DEBUG] (FabricLoader/Knot) Adding D:\...Vialumix Dev\Vialumix 1.20.1\vialumix_main-1.20.1-dev0.11.14\.gradle\loom-cache\remapped_mods\net_fabricmc_yarn_1_20_1_1_20_1_build_10_v2\net\fabricmc\fabric-api\fabric-block-api-v1\1.0.12+1802ada577\fabric-block-api-v1-1.0.12+1802ada577.jar to classpath.
[14:44:43] [main/DEBUG] (FabricLoader/Knot) Adding D:\...Vialumix Dev\Vialumix 1.20.1\vialumix_main-1.20.1-dev0.11.14\.gradle\loom-cache\remapped_mods\net_fabricmc_yarn_1_20_1_1_20_1_build_10_v2\net\fabricmc\fabric-api\fabric-rendering-data-attachment-v1\0.3.39+92a0d36777\fabric-rendering-data-attachment-v1-0.3.39+92a0d36777.jar to classpath.
[14:44:43] [main/DEBUG] (FabricLoader/Knot) Adding D:\...Vialumix Dev\Vialumix 1.20.1\vialumix_main-1.20.1-dev0.11.14\.gradle\loom-cache\remapped_mods\net_fabricmc_yarn_1_20_1_1_20_1_build_10_v2\net\fabricmc\fabric-api\fabric-block-view-api-v2\1.0.3+924f046a77\fabric-block-view-api-v2-1.0.3+924f046a77.jar to classpath.
[14:44:43] [main/DEBUG] (FabricLoader/Knot) Adding D:\...Vialumix Dev\Vialumix 1.20.1\vialumix_main-1.20.1-dev0.11.14\.gradle\loom-cache\remapped_mods\net_fabricmc_yarn_1_20_1_1_20_1_build_10_v2\net\fabricmc\fabric-api\fabric-crash-report-info-v1\0.2.20+1802ada577\fabric-crash-report-info-v1-0.2.20+1802ada577.jar to classpath.
[14:44:43] [main/DEBUG] (FabricLoader/Knot) Adding D:\...Vialumix Dev\Vialumix 1.20.1\vialumix_main-1.20.1-dev0.11.14\.gradle\loom-cache\remapped_mods\net_fabricmc_yarn_1_20_1_1_20_1_build_10_v2\net\fabricmc\fabric-api\fabric-game-rule-api-v1\1.0.41+1802ada577\fabric-game-rule-api-v1-1.0.41+1802ada577.jar to classpath.
[14:44:43] [main/DEBUG] (FabricLoader/Knot) Adding D:\...Vialumix Dev\Vialumix 1.20.1\vialumix_main-1.20.1-dev0.11.14\.gradle\loom-cache\remapped_mods\net_fabricmc_yarn_1_20_1_1_20_1_build_10_v2\net\fabricmc\fabric-api\fabric-keybindings-v0\0.2.36+df3654b377\fabric-keybindings-v0-0.2.36+df3654b377.jar to classpath.
[14:44:43] [main/DEBUG] (FabricLoader/Knot) Adding D:\...Vialumix Dev\Vialumix 1.20.1\vialumix_main-1.20.1-dev0.11.14\.gradle\loom-cache\remapped_mods\net_fabricmc_yarn_1_20_1_1_20_1_build_10_v2\net\fabricmc\fabric-api\fabric-key-binding-api-v1\1.0.38+1802ada577\fabric-key-binding-api-v1-1.0.38+1802ada577.jar to classpath.
[14:44:43] [main/DEBUG] (FabricLoader/Knot) Adding D:\...Vialumix Dev\Vialumix 1.20.1\vialumix_main-1.20.1-dev0.11.14\.gradle\loom-cache\remapped_mods\net_fabricmc_yarn_1_20_1_1_20_1_build_10_v2\net\fabricmc\fabric-api\fabric-resource-conditions-api-v1\2.3.9+1802ada577\fabric-resource-conditions-api-v1-2.3.9+1802ada577.jar to classpath.
[14:44:43] [main/DEBUG] (FabricLoader/Knot) Adding D:\...Vialumix Dev\Vialumix 1.20.1\vialumix_main-1.20.1-dev0.11.14\.gradle\loom-cache\remapped_mods\net_fabricmc_yarn_1_20_1_1_20_1_build_10_v2\net\fabricmc\fabric-api\fabric-resource-loader-v0\0.11.12+fb82e9d777\fabric-resource-loader-v0-0.11.12+fb82e9d777.jar to classpath.
[14:44:43] [main/DEBUG] (FabricLoader/Knot) Adding D:\...Vialumix Dev\Vialumix 1.20.1\vialumix_main-1.20.1-dev0.11.14\.gradle\loom-cache\remapped_mods\net_fabricmc_yarn_1_20_1_1_20_1_build_10_v2\net\fabricmc\fabric-api\fabric-sound-api-v1\1.0.14+1802ada577\fabric-sound-api-v1-1.0.14+1802ada577.jar to classpath.
[14:44:43] [main/DEBUG] (FabricLoader/Knot) Adding D:\...Vialumix Dev\Vialumix 1.20.1\vialumix_main-1.20.1-dev0.11.14\.gradle\loom-cache\remapped_mods\net_fabricmc_yarn_1_20_1_1_20_1_build_10_v2\net\fabricmc\fabric-api\fabric-transitive-access-wideners-v1\4.3.2+1802ada577\fabric-transitive-access-wideners-v1-4.3.2+1802ada577.jar to classpath.
[14:44:43] [main/DEBUG] (FabricLoader/Knot) Adding D:\...Vialumix Dev\Vialumix 1.20.1\vialumix_main-1.20.1-dev0.11.14\.gradle\loom-cache\remapped_mods\net_fabricmc_yarn_1_20_1_1_20_1_build_10_v2\unspecified\sodium-0.5.13+mc1.20.1\688c26029ce6\sodium-0.5.13+mc1.20.1-688c26029ce6.jar to classpath.
[14:44:43] [main/DEBUG] (FabricLoader/Knot) Adding D:\...Vialumix Dev\Vialumix 1.20.1\vialumix_main-1.20.1-dev0.11.14\.gradle\loom-cache\remapped_mods\net_fabricmc_yarn_1_20_1_1_20_1_build_10_v2\unspecified\iris-1.7.6+mc1.20.1\9eb15e563e0c\iris-1.7.6+mc1.20.1-9eb15e563e0c.jar to classpath.
[14:44:43] [main/DEBUG] (FabricLoader/Knot) Adding C:\Users\gael\.gradle\caches\modules-2\files-2.1\org.jline\jline-reader\3.20.0\8f15415b022a25b473e8e16c28ae913186ffb9c4\jline-reader-3.20.0.jar to classpath.
[14:44:43] [main/DEBUG] (FabricLoader/Knot) Adding C:\Users\gael\.gradle\caches\modules-2\files-2.1\org.jline\jline-terminal\3.20.0\d0ddcc708ddf527a3454c941b7b9225cc83a15ff\jline-terminal-3.20.0.jar to classpath.
[14:44:43] [main/DEBUG] (FabricLoader/Entrypoint) Iterating over entrypoint 'preLaunch'
[14:44:43] [main/DEBUG] (FabricLoader/Mixin) Preparing mixins for MixinEnvironment[DEFAULT]
[14:44:43] [main/DEBUG] (FabricLoader/Mixin) Selecting config fabric-tag-api-v1.mixins.json
[14:44:43] [main/DEBUG] (FabricLoader/Mixin) Remapping refMap fabric-tag-api-v1-refmap.json using remapper chain
[14:44:43] [main/DEBUG] (FabricLoader/Mixin) Selecting config fabric-api-lookup-api-v1.mixins.json
[14:44:43] [main/DEBUG] (FabricLoader/Mixin) Remapping refMap fabric-api-lookup-api-v1-refmap.json using remapper chain
[14:44:43] [main/DEBUG] (FabricLoader/Mixin) Selecting config fabric-particles-v1.client.mixins.json
[14:44:43] [main/DEBUG] (FabricLoader/Mixin) Remapping refMap client-fabric-particles-v1-refmap.json using remapper chain
[14:44:43] [main/DEBUG] (FabricLoader/Mixin) Selecting config fabric-recipe-api-v1.mixins.json
[14:44:43] [main/DEBUG] (FabricLoader/Mixin) Remapping refMap fabric-recipe-api-v1-refmap.json using remapper chain
[14:44:43] [main/DEBUG] (FabricLoader/Mixin) Selecting config fabric-key-binding-api-v1.mixins.json
[14:44:43] [main/DEBUG] (FabricLoader/Mixin) Remapping refMap client-fabric-key-binding-api-v1-refmap.json using remapper chain
[14:44:43] [main/DEBUG] (FabricLoader/Mixin) Selecting config fabric-blockrenderlayer-v1.mixins.json
[14:44:43] [main/DEBUG] (FabricLoader/Mixin) Remapping refMap client-fabric-blockrenderlayer-v1-refmap.json using remapper chain
[14:44:43] [main/DEBUG] (FabricLoader/Mixin) Selecting config fabric-loot-api-v2.mixins.json
[14:44:43] [main/DEBUG] (FabricLoader/Mixin) Remapping refMap fabric-loot-api-v2-refmap.json using remapper chain
[14:44:43] [main/DEBUG] (FabricLoader/Mixin) Selecting config mixins.iris.json
[14:44:43] [main/DEBUG] (FabricLoader/Mixin) Selecting config iris-batched-entity-rendering.mixins.json
[14:44:43] [main/DEBUG] (FabricLoader/Mixin) Selecting config mixins.iris.fantastic.json
[14:44:43] [main/DEBUG] (FabricLoader/Mixin) Selecting config mixins.iris.vertexformat.json
[14:44:43] [main/DEBUG] (FabricLoader/Mixin) Selecting config mixins.iris.bettermipmaps.json
[14:44:43] [main/DEBUG] (FabricLoader/Mixin) Selecting config mixins.iris.compat.indigo.json
[14:44:43] [main/DEBUG] (FabricLoader/Mixin) Selecting config mixins.iris.compat.sodium.json
[14:44:43] [main/DEBUG] (FabricLoader/Mixin) Selecting config mixins.iris.compat.indium.json
[14:44:43] [main/DEBUG] (FabricLoader/Mixin) Selecting config mixins.iris.fixes.maxfpscrash.json
[14:44:43] [main/DEBUG] (FabricLoader/Mixin) Selecting config fabric-sound-api-v1.mixins.json
[14:44:43] [main/DEBUG] (FabricLoader/Mixin) Remapping refMap client-fabric-sound-api-v1-refmap.json using remapper chain
[14:44:43] [main/DEBUG] (FabricLoader/Mixin) Selecting config fabric-lifecycle-events-v1.mixins.json
[14:44:43] [main/DEBUG] (FabricLoader/Mixin) Remapping refMap fabric-lifecycle-events-v1-refmap.json using remapper chain
[14:44:43] [main/DEBUG] (FabricLoader/Mixin) Selecting config fabric-lifecycle-events-v1.client.mixins.json
[14:44:43] [main/DEBUG] (FabricLoader/Mixin) Remapping refMap client-fabric-lifecycle-events-v1-refmap.json using remapper chain
[14:44:43] [main/DEBUG] (FabricLoader/Mixin) Selecting config fabric-block-view-api-v2.mixins.json
[14:44:43] [main/DEBUG] (FabricLoader/Mixin) Remapping refMap fabric-block-view-api-v2-refmap.json using remapper chain
[14:44:43] [main/DEBUG] (FabricLoader/Mixin) Selecting config fabric-block-view-api-v2.client.mixins.json
[14:44:43] [main/DEBUG] (FabricLoader/Mixin) Remapping refMap client-fabric-block-view-api-v2-refmap.json using remapper chain
[14:44:43] [main/DEBUG] (FabricLoader/Mixin) Selecting config fabric-renderer-api-v1.mixins.json
[14:44:43] [main/DEBUG] (FabricLoader/Mixin) Remapping refMap client-fabric-renderer-api-v1-refmap.json using remapper chain
[14:44:43] [main/DEBUG] (FabricLoader/Mixin) Selecting config fabric-renderer-api-v1.debughud.mixins.json
[14:44:43] [main/DEBUG] (FabricLoader/Mixin) Remapping refMap client-fabric-renderer-api-v1-refmap.json using remapper chain
[14:44:43] [main/DEBUG] (FabricLoader/Mixin) Selecting config fabric-model-loading-api-v1.mixins.json
[14:44:43] [main/DEBUG] (FabricLoader/Mixin) Remapping refMap client-fabric-model-loading-api-v1-refmap.json using remapper chain
[14:44:43] [main/DEBUG] (FabricLoader/Mixin) Selecting config fabric-entity-events-v1.mixins.json
[14:44:43] [main/DEBUG] (FabricLoader/Mixin) Remapping refMap fabric-entity-events-v1-refmap.json using remapper chain
[14:44:43] [main/DEBUG] (FabricLoader/Mixin) Selecting config fabric-entity-events-v1.client.mixins.json
[14:44:43] [main/DEBUG] (FabricLoader/Mixin) Remapping refMap client-fabric-entity-events-v1-refmap.json using remapper chain
[14:44:43] [main/DEBUG] (FabricLoader/Mixin) Selecting config fabric-rendering-fluids-v1.mixins.json
[14:44:43] [main/DEBUG] (FabricLoader/Mixin) Remapping refMap client-fabric-rendering-fluids-v1-refmap.json using remapper chain
[14:44:43] [main/DEBUG] (FabricLoader/Mixin) Selecting config fabric-loot-tables-v1.mixins.json
[14:44:43] [main/DEBUG] (FabricLoader/Mixin) Remapping refMap fabric-loot-tables-v1-refmap.json using remapper chain
[14:44:43] [main/DEBUG] (FabricLoader/Mixin) Selecting config fabric-registry-sync-v0.mixins.json
[14:44:43] [main/DEBUG] (FabricLoader/Mixin) Remapping refMap fabric-registry-sync-v0-refmap.json using remapper chain
[14:44:43] [main/DEBUG] (FabricLoader/Mixin) Selecting config fabric-registry-sync-v0.client.mixins.json
[14:44:43] [main/DEBUG] (FabricLoader/Mixin) Remapping refMap client-fabric-registry-sync-v0-refmap.json using remapper chain
[14:44:43] [main/DEBUG] (FabricLoader/Mixin) Selecting config fabric-rendering-v1.mixins.json
[14:44:43] [main/DEBUG] (FabricLoader/Mixin) Remapping refMap client-fabric-rendering-v1-refmap.json using remapper chain
[14:44:43] [main/DEBUG] (FabricLoader/Mixin) Selecting config fabric-biome-api-v1.mixins.json
[14:44:43] [main/DEBUG] (FabricLoader/Mixin) Remapping refMap fabric-biome-api-v1-refmap.json using remapper chain
[14:44:43] [main/DEBUG] (FabricLoader/Mixin) Selecting config fabric-data-generation-api-v1.mixins.json
[14:44:43] [main/DEBUG] (FabricLoader/Mixin) Remapping refMap fabric-data-generation-api-v1-refmap.json using remapper chain
[14:44:43] [main/DEBUG] (FabricLoader/Mixin) Selecting config fabric-data-generation-api-v1.client.mixins.json
[14:44:43] [main/DEBUG] (FabricLoader/Mixin) Remapping refMap client-fabric-data-generation-api-v1-refmap.json using remapper chain
[14:44:43] [main/DEBUG] (FabricLoader/Mixin) Selecting config fabric-screen-api-v1.mixins.json
[14:44:43] [main/DEBUG] (FabricLoader/Mixin) Remapping refMap client-fabric-screen-api-v1-refmap.json using remapper chain
[14:44:43] [main/DEBUG] (FabricLoader/Mixin) Selecting config fabric-gametest-api-v1.mixins.json
[14:44:43] [main/DEBUG] (FabricLoader/Mixin) Remapping refMap fabric-gametest-api-v1-refmap.json using remapper chain
[14:44:43] [main/DEBUG] (FabricLoader/Mixin) Selecting config fabric-item-group-api-v1.mixins.json
[14:44:43] [main/DEBUG] (FabricLoader/Mixin) Remapping refMap fabric-item-group-api-v1-refmap.json using remapper chain
[14:44:43] [main/DEBUG] (FabricLoader/Mixin) Selecting config fabric-item-group-api-v1.client.mixins.json
[14:44:43] [main/DEBUG] (FabricLoader/Mixin) Remapping refMap client-fabric-item-group-api-v1-refmap.json using remapper chain
[14:44:43] [main/DEBUG] (FabricLoader/Mixin) Selecting config fabric-dimensions-v1.mixins.json
[14:44:43] [main/DEBUG] (FabricLoader/Mixin) Remapping refMap fabric-dimensions-v1-refmap.json using remapper chain
[14:44:43] [main/DEBUG] (FabricLoader/Mixin) Selecting config fabric-resource-conditions-api-v1.mixins.json
[14:44:43] [main/DEBUG] (FabricLoader/Mixin) Remapping refMap fabric-resource-conditions-api-v1-refmap.json using remapper chain
[14:44:43] [main/DEBUG] (FabricLoader/Mixin) Selecting config fabric-command-api-v2.mixins.json
[14:44:43] [main/DEBUG] (FabricLoader/Mixin) Remapping refMap fabric-command-api-v2-refmap.json using remapper chain
[14:44:43] [main/DEBUG] (FabricLoader/Mixin) Selecting config fabric-command-api-v2.client.mixins.json
[14:44:43] [main/DEBUG] (FabricLoader/Mixin) Remapping refMap client-fabric-command-api-v2-refmap.json using remapper chain
[14:44:43] [main/DEBUG] (FabricLoader/Mixin) Selecting config fabric-events-interaction-v0.mixins.json
[14:44:43] [main/DEBUG] (FabricLoader/Mixin) Remapping refMap fabric-events-interaction-v0-refmap.json using remapper chain
[14:44:43] [main/DEBUG] (FabricLoader/Mixin) Selecting config fabric-events-interaction-v0.client.mixins.json
[14:44:43] [main/DEBUG] (FabricLoader/Mixin) Remapping refMap client-fabric-events-interaction-v0-refmap.json using remapper chain
[14:44:43] [main/DEBUG] (FabricLoader/Mixin) Selecting config fabric-containers-v0.mixins.json
[14:44:43] [main/DEBUG] (FabricLoader/Mixin) Remapping refMap fabric-containers-v0-refmap.json using remapper chain
[14:44:43] [main/DEBUG] (FabricLoader/Mixin) Selecting config fabric-containers-v0.accurate.mixins.json
[14:44:43] [main/DEBUG] (FabricLoader/Mixin) Remapping refMap fabric-containers-v0-refmap.json using remapper chain
[14:44:43] [main/DEBUG] (FabricLoader/Mixin) Selecting config fabric-item-api-v1.mixins.json
[14:44:43] [main/DEBUG] (FabricLoader/Mixin) Remapping refMap fabric-item-api-v1-refmap.json using remapper chain
[14:44:43] [main/DEBUG] (FabricLoader/Mixin) Selecting config fabric-item-api-v1.client.mixins.json
[14:44:43] [main/DEBUG] (FabricLoader/Mixin) Remapping refMap client-fabric-item-api-v1-refmap.json using remapper chain
[14:44:43] [main/DEBUG] (FabricLoader/Mixin) Selecting config fabric-screen-handler-api-v1.mixins.json
[14:44:43] [main/DEBUG] (FabricLoader/Mixin) Remapping refMap fabric-screen-handler-api-v1-refmap.json using remapper chain
[14:44:43] [main/DEBUG] (FabricLoader/Mixin) Selecting config fabric-rendering-data-attachment-v1.mixins.json
[14:44:43] [main/DEBUG] (FabricLoader/Mixin) Remapping refMap fabric-rendering-data-attachment-v1-refmap.json using remapper chain
[14:44:43] [main/DEBUG] (FabricLoader/Mixin) Selecting config fabric-rendering-data-attachment-v1.client.mixins.json
[14:44:43] [main/DEBUG] (FabricLoader/Mixin) Remapping refMap client-fabric-rendering-data-attachment-v1-refmap.json using remapper chain
[14:44:43] [main/DEBUG] (FabricLoader/Mixin) Selecting config fabric-message-api-v1.mixins.json
[14:44:43] [main/DEBUG] (FabricLoader/Mixin) Remapping refMap fabric-message-api-v1-refmap.json using remapper chain
[14:44:43] [main/DEBUG] (FabricLoader/Mixin) Selecting config fabric-message-api-v1.client.mixins.json
[14:44:43] [main/DEBUG] (FabricLoader/Mixin) Remapping refMap client-fabric-message-api-v1-refmap.json using remapper chain
[14:44:43] [main/DEBUG] (FabricLoader/Mixin) Selecting config fabric-resource-loader-v0.mixins.json
[14:44:43] [main/DEBUG] (FabricLoader/Mixin) Remapping refMap fabric-resource-loader-v0-refmap.json using remapper chain
[14:44:43] [main/DEBUG] (FabricLoader/Mixin) Selecting config fabric-resource-loader-v0.client.mixins.json
[14:44:43] [main/DEBUG] (FabricLoader/Mixin) Remapping refMap client-fabric-resource-loader-v0-refmap.json using remapper chain
[14:44:43] [main/DEBUG] (FabricLoader/Mixin) Selecting config fabric-transfer-api-v1.mixins.json
[14:44:43] [main/DEBUG] (FabricLoader/Mixin) Remapping refMap fabric-transfer-api-v1-refmap.json using remapper chain
[14:44:43] [main/DEBUG] (FabricLoader/Mixin) Selecting config vialumix.mixins.json
[14:44:43] [main/DEBUG] (FabricLoader/Mixin) Selecting config fabric-networking-api-v1.mixins.json
[14:44:43] [main/DEBUG] (FabricLoader/Mixin) Remapping refMap fabric-networking-api-v1-refmap.json using remapper chain
[14:44:43] [main/DEBUG] (FabricLoader/Mixin) Selecting config fabric-networking-api-v1.client.mixins.json
[14:44:43] [main/DEBUG] (FabricLoader/Mixin) Remapping refMap client-fabric-networking-api-v1-refmap.json using remapper chain
[14:44:43] [main/DEBUG] (FabricLoader/Mixin) Selecting config fabric-block-api-v1.mixins.json
[14:44:43] [main/DEBUG] (FabricLoader/Mixin) Remapping refMap fabric-block-api-v1-refmap.json using remapper chain
[14:44:43] [main/DEBUG] (FabricLoader/Mixin) Selecting config fabric-data-attachment-api-v1.mixins.json
[14:44:43] [main/DEBUG] (FabricLoader/Mixin) Remapping refMap fabric-data-attachment-api-v1-refmap.json using remapper chain
[14:44:43] [main/DEBUG] (FabricLoader/Mixin) Selecting config fabric-data-attachment-api-v1.client.mixins.json
[14:44:43] [main/DEBUG] (FabricLoader/Mixin) Remapping refMap client-fabric-data-attachment-api-v1-refmap.json using remapper chain
[14:44:43] [main/DEBUG] (FabricLoader/Mixin) Selecting config fabric-renderer-indigo.mixins.json
[14:44:43] [main/DEBUG] (FabricLoader/Mixin) Remapping refMap client-fabric-renderer-indigo-refmap.json using remapper chain
[14:44:43] [main/DEBUG] (FabricLoader/Mixin) Selecting config fabric-mining-level-api-v1.mixins.json
[14:44:43] [main/DEBUG] (FabricLoader/Mixin) Remapping refMap fabric-mining-level-api-v1-refmap.json using remapper chain
[14:44:43] [main/DEBUG] (FabricLoader/Mixin) Selecting config fabric-content-registries-v0.mixins.json
[14:44:43] [main/DEBUG] (FabricLoader/Mixin) Remapping refMap fabric-content-registries-v0-refmap.json using remapper chain
[14:44:43] [main/DEBUG] (FabricLoader/Mixin) Selecting config sodium.mixins.json
[14:44:43] [main/INFO] (Sodium) Loaded configuration file for Sodium: 42 options available, 3 override(s) found
[14:44:43] [main/DEBUG] (FabricLoader/Mixin) Selecting config fabric-object-builder-v1.mixins.json
[14:44:43] [main/DEBUG] (FabricLoader/Mixin) Remapping refMap fabric-object-builder-api-v1-refmap.json using remapper chain
[14:44:43] [main/DEBUG] (FabricLoader/Mixin) Selecting config fabric-object-builder-v1.client.mixins.json
[14:44:43] [main/DEBUG] (FabricLoader/Mixin) Remapping refMap client-fabric-object-builder-api-v1-refmap.json using remapper chain
[14:44:43] [main/DEBUG] (FabricLoader/Mixin) Selecting config fabric-crash-report-info-v1.mixins.json
[14:44:43] [main/DEBUG] (FabricLoader/Mixin) Remapping refMap fabric-crash-report-info-v1-refmap.json using remapper chain
[14:44:43] [main/DEBUG] (FabricLoader/Mixin) Selecting config fabric-game-rule-api-v1.mixins.json
[14:44:43] [main/DEBUG] (FabricLoader/Mixin) Remapping refMap fabric-game-rule-api-v1-refmap.json using remapper chain
[14:44:43] [main/DEBUG] (FabricLoader/Mixin) Selecting config fabric-game-rule-api-v1.client.mixins.json
[14:44:43] [main/DEBUG] (FabricLoader/Mixin) Remapping refMap client-fabric-game-rule-api-v1-refmap.json using remapper chain
[14:44:43] [main/DEBUG] (FabricLoader/Mixin) Selecting config mixinextras.init.mixins.json
[14:44:43] [main/DEBUG] (FabricLoader/MixinExtras|Service) com.llamalad7.mixinextras.service.MixinExtrasServiceImpl(version=0.4.1) is taking over from null
[14:44:43] [main/DEBUG] (FabricLoader/Mixin) Registering new injector for @Inject with org.spongepowered.asm.mixin.injection.struct.CallbackInjectionInfo
[14:44:43] [main/DEBUG] (FabricLoader/Mixin) Registering new injector for @ModifyArg with org.spongepowered.asm.mixin.injection.struct.ModifyArgInjectionInfo
[14:44:43] [main/DEBUG] (FabricLoader/Mixin) Registering new injector for @ModifyArgs with org.spongepowered.asm.mixin.injection.struct.ModifyArgsInjectionInfo
[14:44:43] [main/DEBUG] (FabricLoader/Mixin) Registering new injector for @Redirect with org.spongepowered.asm.mixin.injection.struct.RedirectInjectionInfo
[14:44:43] [main/DEBUG] (FabricLoader/Mixin) Registering new injector for @ModifyVariable with org.spongepowered.asm.mixin.injection.struct.ModifyVariableInjectionInfo
[14:44:43] [main/DEBUG] (FabricLoader/Mixin) Registering new injector for @ModifyConstant with org.spongepowered.asm.mixin.injection.struct.ModifyConstantInjectionInfo
[14:44:43] [main/DEBUG] (FabricLoader/Mixin) Preparing fabric-tag-api-v1.mixins.json (3)
[14:44:43] [main/DEBUG] (FabricLoader/Mixin) Preparing fabric-api-lookup-api-v1.mixins.json (2)
[14:44:43] [main/DEBUG] (FabricLoader/Mixin) Preparing fabric-particles-v1.client.mixins.json (4)
[14:44:43] [main/DEBUG] (FabricLoader/Mixin) Preparing fabric-recipe-api-v1.mixins.json (3)
[14:44:43] [main/DEBUG] (FabricLoader/Mixin) Preparing fabric-key-binding-api-v1.mixins.json (2)
[14:44:43] [main/DEBUG] (FabricLoader/Mixin) Preparing fabric-blockrenderlayer-v1.mixins.json (1)
[14:44:43] [main/DEBUG] (FabricLoader/Mixin) Preparing fabric-loot-api-v2.mixins.json (5)
[14:44:43] [main/DEBUG] (FabricLoader/Mixin) Preparing mixins.iris.json (92)
[14:44:43] [main/DEBUG] (FabricLoader/Mixin) Preparing iris-batched-entity-rendering.mixins.json (17)
[14:44:43] [main/DEBUG] (FabricLoader/Mixin) Preparing mixins.iris.fantastic.json (5)
[14:44:43] [main/DEBUG] (FabricLoader/Mixin) @Mixin target net/minecraft/client/particle/FireworksSparkParticle$Explosion is public in mixins.iris.fantastic.json:MixinFireworkSparkParticle from mod iris and should be specified in value
[14:44:43] [main/DEBUG] (FabricLoader/Mixin) Preparing mixins.iris.vertexformat.json (8)
[14:44:43] [main/DEBUG] (FabricLoader/Mixin) @Mixin target net/minecraft/client/render/chunk/ChunkBuilder$BuiltChunk$RebuildTask is public in mixins.iris.vertexformat.json:block_rendering.MixinChunkRebuildTask from mod iris and should be specified in value
[14:44:43] [main/DEBUG] (FabricLoader/Mixin) Preparing mixins.iris.bettermipmaps.json (0)
[14:44:43] [main/DEBUG] (FabricLoader/Mixin) Preparing mixins.iris.compat.indigo.json (1)
[14:44:43] [main/DEBUG] (FabricLoader/Mixin) Preparing mixins.iris.compat.sodium.json (48)
[14:44:43] [main/DEBUG] (FabricLoader/Mixin) Preparing mixins.iris.compat.indium.json (1)
[14:44:43] [main/DEBUG] (FabricLoader/Mixin) Preparing mixins.iris.fixes.maxfpscrash.json (1)
[14:44:43] [main/DEBUG] (FabricLoader/Mixin) Preparing fabric-sound-api-v1.mixins.json (2)
[14:44:43] [main/DEBUG] (FabricLoader/Mixin) Preparing fabric-lifecycle-events-v1.mixins.json (9)
[14:44:43] [main/DEBUG] (FabricLoader/Mixin) @Mixin target net/minecraft/server/world/ServerWorld$ServerEntityHandler is public in fabric-lifecycle-events-v1.mixins.json:ServerWorldServerEntityHandlerMixin from mod fabric-lifecycle-events-v1 and should be specified in value
[14:44:43] [main/DEBUG] (FabricLoader/Mixin) Preparing fabric-lifecycle-events-v1.client.mixins.json (6)
[14:44:43] [main/DEBUG] (FabricLoader/Mixin) @Mixin target net/minecraft/client/world/ClientWorld$ClientEntityHandler is public in fabric-lifecycle-events-v1.client.mixins.json:ClientWorldClientEntityHandlerMixin from mod fabric-lifecycle-events-v1 and should be specified in value
[14:44:43] [main/DEBUG] (FabricLoader/Mixin) Preparing fabric-block-view-api-v2.mixins.json (3)
[14:44:43] [main/DEBUG] (FabricLoader/Mixin) Preparing fabric-block-view-api-v2.client.mixins.json (2)
[14:44:43] [main/DEBUG] (FabricLoader/Mixin) Preparing fabric-renderer-api-v1.mixins.json (5)
[14:44:43] [main/DEBUG] (FabricLoader/Mixin) Preparing fabric-renderer-api-v1.debughud.mixins.json (1)
[14:44:43] [main/DEBUG] (FabricLoader/Mixin) Preparing fabric-model-loading-api-v1.mixins.json (3)
[14:44:43] [main/DEBUG] (FabricLoader/Mixin) @Mixin target net/minecraft/client/render/model/ModelLoader$BakerImpl is public in fabric-model-loading-api-v1.mixins.json:ModelLoaderBakerImplMixin from mod fabric-model-loading-api-v1 and should be specified in value
[14:44:43] [main/DEBUG] (FabricLoader/Mixin) Preparing fabric-entity-events-v1.mixins.json (11)
[14:44:43] [main/DEBUG] (FabricLoader/Mixin) Preparing fabric-entity-events-v1.client.mixins.json (1)
[14:44:43] [main/DEBUG] (FabricLoader/Mixin) Preparing fabric-rendering-fluids-v1.mixins.json (1)
[14:44:43] [main/DEBUG] (FabricLoader/Mixin) Preparing fabric-loot-tables-v1.mixins.json (2)
[14:44:43] [main/DEBUG] (FabricLoader/Mixin) Preparing fabric-registry-sync-v0.mixins.json (15)
[14:44:43] [main/DEBUG] (FabricLoader/Mixin) Preparing fabric-registry-sync-v0.client.mixins.json (5)
[14:44:43] [main/DEBUG] (FabricLoader/Mixin) Preparing fabric-rendering-v1.mixins.json (17)
[14:44:43] [main/DEBUG] (FabricLoader/Mixin) @Mixin target net/minecraft/client/gl/ShaderProgram$1 is public in fabric-rendering-v1.mixins.json:shader.ShaderProgramImportProcessorMixin from mod fabric-rendering-v1 and should be specified in value
[14:44:43] [main/DEBUG] (FabricLoader/Mixin) Preparing fabric-biome-api-v1.mixins.json (9)
[14:44:43] [main/DEBUG] (FabricLoader/Mixin) @Mixin target net/minecraft/world/biome/source/MultiNoiseBiomeSourceParameterList$Preset$1 is public in fabric-biome-api-v1.mixins.json:NetherBiomePresetMixin from mod fabric-biome-api-v1 and should be specified in value
[14:44:43] [main/DEBUG] (FabricLoader/Mixin) Preparing fabric-data-generation-api-v1.mixins.json (6)
[14:44:43] [main/DEBUG] (FabricLoader/Mixin) Preparing fabric-data-generation-api-v1.client.mixins.json (1)
[14:44:43] [main/DEBUG] (FabricLoader/Mixin) Preparing fabric-screen-api-v1.mixins.json (6)
[14:44:43] [main/DEBUG] (FabricLoader/Mixin) Preparing fabric-gametest-api-v1.mixins.json (7)
[14:44:43] [main/DEBUG] (FabricLoader/Mixin) Preparing fabric-item-group-api-v1.mixins.json (3)
[14:44:43] [main/DEBUG] (FabricLoader/Mixin) Preparing fabric-item-group-api-v1.client.mixins.json (1)
[14:44:43] [main/DEBUG] (FabricLoader/Mixin) Preparing fabric-dimensions-v1.mixins.json (5)
[14:44:43] [main/DEBUG] (FabricLoader/Mixin) Preparing fabric-resource-conditions-api-v1.mixins.json (6)
[14:44:43] [main/DEBUG] (FabricLoader/Mixin) Preparing fabric-command-api-v2.mixins.json (5)
[14:44:43] [main/DEBUG] (FabricLoader/Mixin) Preparing fabric-command-api-v2.client.mixins.json (2)
[14:44:43] [main/DEBUG] (FabricLoader/Mixin) Preparing fabric-events-interaction-v0.mixins.json (5)
[14:44:43] [main/DEBUG] (FabricLoader/Mixin) @Mixin target net/minecraft/server/network/ServerPlayNetworkHandler$1 is public in fabric-events-interaction-v0.mixins.json:ServerPlayNetworkHandlerMixin from mod fabric-events-interaction-v0 and should be specified in value
[14:44:43] [main/DEBUG] (FabricLoader/Mixin) Preparing fabric-events-interaction-v0.client.mixins.json (3)
[14:44:43] [main/DEBUG] (FabricLoader/Mixin) Preparing fabric-containers-v0.mixins.json (1)
[14:44:43] [main/DEBUG] (FabricLoader/Mixin) Preparing fabric-containers-v0.accurate.mixins.json (1)
[14:44:43] [main/DEBUG] (FabricLoader/Mixin) Preparing fabric-item-api-v1.mixins.json (7)
[14:44:43] [main/DEBUG] (FabricLoader/Mixin) Preparing fabric-item-api-v1.client.mixins.json (3)
[14:44:43] [main/DEBUG] (FabricLoader/Mixin) Preparing fabric-screen-handler-api-v1.mixins.json (2)
[14:44:43] [main/DEBUG] (FabricLoader/Mixin) Preparing fabric-rendering-data-attachment-v1.mixins.json (2)
[14:44:43] [main/DEBUG] (FabricLoader/Mixin) Preparing fabric-rendering-data-attachment-v1.client.mixins.json (1)
[14:44:43] [main/DEBUG] (FabricLoader/Mixin) Preparing fabric-message-api-v1.mixins.json (2)
[14:44:43] [main/DEBUG] (FabricLoader/Mixin) Preparing fabric-message-api-v1.client.mixins.json (2)
[14:44:43] [main/DEBUG] (FabricLoader/Mixin) Preparing fabric-resource-loader-v0.mixins.json (12)
[14:44:43] [main/DEBUG] (FabricLoader/Mixin) Preparing fabric-resource-loader-v0.client.mixins.json (6)
[14:44:43] [main/DEBUG] (FabricLoader/Mixin) Preparing fabric-transfer-api-v1.mixins.json (12)
[14:44:43] [main/DEBUG] (FabricLoader/Mixin) Preparing vialumix.mixins.json (5)
[14:44:43] [main/DEBUG] (FabricLoader/Mixin) Preparing fabric-networking-api-v1.mixins.json (12)
[14:44:43] [main/DEBUG] (FabricLoader/Mixin) @Mixin target net/minecraft/server/world/ThreadedAnvilChunkStorage$EntityTracker is public in fabric-networking-api-v1.mixins.json:accessor.EntityTrackerAccessor from mod fabric-networking-api-v1 and should be specified in value
[14:44:43] [main/DEBUG] (FabricLoader/Mixin) Preparing fabric-networking-api-v1.client.mixins.json (5)
[14:44:43] [main/DEBUG] (FabricLoader/Mixin) Preparing fabric-block-api-v1.mixins.json (2)
[14:44:43] [main/DEBUG] (FabricLoader/Mixin) Preparing fabric-data-attachment-api-v1.mixins.json (8)
[14:44:43] [main/DEBUG] (FabricLoader/Mixin) Preparing fabric-data-attachment-api-v1.client.mixins.json (1)
[14:44:43] [main/DEBUG] (FabricLoader/Mixin) Preparing fabric-renderer-indigo.mixins.json (5)
[14:44:43] [main/DEBUG] (FabricLoader/Mixin) Preparing fabric-mining-level-api-v1.mixins.json (3)
[14:44:43] [main/DEBUG] (FabricLoader/Mixin) Preparing fabric-content-registries-v0.mixins.json (11)
[14:44:43] [main/DEBUG] (FabricLoader/Mixin) Preparing sodium.mixins.json (77)
[14:44:43] [main/WARN] (Sodium) Force-disabling mixin 'features.render.entity.CuboidMixin' as rule 'mixin.features.render.entity' (added by mods [iris]) disables it and children
[14:44:43] [main/WARN] (Sodium) Force-disabling mixin 'features.render.entity.ModelPartMixin' as rule 'mixin.features.render.entity' (added by mods [iris]) disables it and children
[14:44:43] [main/WARN] (Sodium) Force-disabling mixin 'features.render.entity.cull.EntityRendererMixin' as rule 'mixin.features.render.entity' (added by mods [iris]) disables it and children
[14:44:43] [main/WARN] (Sodium) Force-disabling mixin 'features.render.entity.shadows.EntityRenderDispatcherMixin' as rule 'mixin.features.render.entity' (added by mods [iris]) disables it and children
[14:44:43] [main/WARN] (Sodium) Force-disabling mixin 'features.render.gui.font.GlyphRendererMixin' as rule 'mixin.features.render.gui.font' (added by mods [iris]) disables it and children
[14:44:43] [main/WARN] (Sodium) Force-disabling mixin 'features.render.world.sky.BackgroundRendererMixin' as rule 'mixin.features.render.world.sky' (added by mods [iris]) disables it and children
[14:44:43] [main/WARN] (Sodium) Force-disabling mixin 'features.render.world.sky.ClientWorldMixin' as rule 'mixin.features.render.world.sky' (added by mods [iris]) disables it and children
[14:44:43] [main/WARN] (Sodium) Force-disabling mixin 'features.render.world.sky.WorldRendererMixin' as rule 'mixin.features.render.world.sky' (added by mods [iris]) disables it and children
[14:44:43] [main/DEBUG] (FabricLoader/Mixin) @Mixin target net/minecraft/client/render/OutlineVertexConsumerProvider$OutlineVertexConsumer is public in sodium.mixins.json:core.render.immediate.consumer.OutlineVertexConsumerMixin from mod sodium and should be specified in value
[14:44:43] [main/DEBUG] (FabricLoader/Mixin) @Mixin target net/minecraft/client/render/VertexConsumers$Dual is public in sodium.mixins.json:core.render.immediate.consumer.VertexConsumersMixin$DualMixin from mod sodium and should be specified in value
[14:44:43] [main/DEBUG] (FabricLoader/Mixin) @Mixin target net/minecraft/client/render/VertexConsumers$Union is public in sodium.mixins.json:core.render.immediate.consumer.VertexConsumersMixin$UnionMixin from mod sodium and should be specified in value
[14:44:43] [main/DEBUG] (FabricLoader/Mixin) Preparing fabric-object-builder-v1.mixins.json (7)
[14:44:43] [main/DEBUG] (FabricLoader/Mixin) Preparing fabric-object-builder-v1.client.mixins.json (5)
[14:44:43] [main/DEBUG] (FabricLoader/Mixin) Preparing fabric-crash-report-info-v1.mixins.json (1)
[14:44:43] [main/DEBUG] (FabricLoader/Mixin) Preparing fabric-game-rule-api-v1.mixins.json (6)
[14:44:43] [main/DEBUG] (FabricLoader/Mixin) @Mixin target net/minecraft/server/command/GameRuleCommand$1 is public in fabric-game-rule-api-v1.mixins.json:GameRuleCommandVisitorMixin from mod fabric-game-rule-api-v1 and should be specified in value
[14:44:43] [main/DEBUG] (FabricLoader/Mixin) Preparing fabric-game-rule-api-v1.client.mixins.json (3)
[14:44:43] [main/DEBUG] (FabricLoader/Mixin) @Mixin target net/minecraft/client/gui/screen/world/EditGameRulesScreen$RuleListWidget$1 is public in fabric-game-rule-api-v1.client.mixins.json:RuleListWidgetVisitorMixin from mod fabric-game-rule-api-v1 and should be specified in value
[14:44:43] [main/DEBUG] (FabricLoader/Mixin) Preparing mixinextras.init.mixins.json (0)
[14:44:43] [main/DEBUG] (FabricLoader/Mixin) Inner class net/fabricmc/fabric/mixin/itemgroup/ItemGroupsMixin$1ItemGroupPosition in net/fabricmc/fabric/mixin/itemgroup/ItemGroupsMixin on net/minecraft/item/ItemGroups gets unique name net/minecraft/item/ItemGroups$1ItemGroupPosition$5695be7b8d6840c39204e0e56eb93766
[14:44:43] [main/DEBUG] (FabricLoader/Mixin) Inner class net/fabricmc/fabric/mixin/transfer/ChiseledBookshelfBlockEntityMixin$1 in net/fabricmc/fabric/mixin/transfer/ChiseledBookshelfBlockEntityMixin on net/minecraft/block/entity/ChiseledBookshelfBlockEntity gets unique name net/minecraft/block/entity/ChiseledBookshelfBlockEntity$Anonymous$e486f636afed4744be50b539c6ea33b8
[14:44:43] [main/DEBUG] (FabricLoader/Mixin) Prepared 519 mixins in 0,424 sec (0,8ms avg) (0ms load, 0ms transform, 0ms plugin)
[14:44:44] [main/INFO] (Sodium-GraphicsAdapterProbe) Searching for graphics cards...
[14:44:44] [main/INFO] (Sodium-GraphicsAdapterProbe) Found graphics adapter: AdapterInfo{vendor=NVIDIA, description='NVIDIA GeForce RTX 5070', adapterType=0x0000231B, openglIcdFilePath='C:\WINDOWS\System32\DriverStore\FileRepository\nvmdi.inf_amd64_3990df11758b8744\nvoglv64.dll', openglIcdVersion=32.0.16.1714}
[14:44:44] [main/WARN] (Sodium-Workarounds) Sodium has applied one or more workarounds to prevent crashes or other issues on your system: [NVIDIA_THREADED_OPTIMIZATIONS_BROKEN]
[14:44:44] [main/WARN] (Sodium-Workarounds) This is not necessarily an issue, but it may result in certain features or optimizations being disabled. You can sometimes fix these issues by upgrading your graphics driver.
[14:44:44] [main/DEBUG] (io.netty.util.internal.logging.InternalLoggerFactory) Using SLF4J as the default logging framework
[14:44:44] [main/DEBUG] (io.netty.util.ResourceLeakDetector) -Dio.netty.leakDetection.level: simple
[14:44:44] [main/DEBUG] (io.netty.util.ResourceLeakDetector) -Dio.netty.leakDetection.targetRecords: 4
[14:44:44] [main/INFO] (FabricLoader/MixinExtras|Service) Initializing MixinExtras via com.llamalad7.mixinextras.service.MixinExtrasServiceImpl(version=0.4.1).
[14:44:44] [main/DEBUG] (FabricLoader/Mixin) Registering new injector for @SugarWrapper with com.llamalad7.mixinextras.sugar.impl.SugarWrapperInjectionInfo
[14:44:44] [main/DEBUG] (FabricLoader/Mixin) Registering new injector for @FactoryRedirectWrapper with com.llamalad7.mixinextras.wrapper.factory.FactoryRedirectWrapperInjectionInfo
[14:44:44] [main/DEBUG] (FabricLoader/Mixin) Mixing texture.MixinResourceLocation from mixins.iris.json into net.minecraft.util.Identifier
[14:44:44] [main/DEBUG] (FabricLoader/Mixin) mixins.iris.json:texture.MixinResourceLocation from mod iris: Class version 61 required is higher than the class version supported by the current version of Mixin (JAVA_8 supports class version 52)
[14:44:44] [main/DEBUG] (FabricLoader/Mixin) mixins.iris.json:texture.MixinResourceLocation from mod iris->@Inject::iris$blockDUMMY(Ljava/lang/String;Lorg/spongepowered/asm/mixin/injection/callback/CallbackInfoReturnable;)V does use it's CallbackInfoReturnable
[14:44:44] [main/DEBUG] (FabricLoader/Mixin) mixins.iris.json:texture.MixinResourceLocation from mod iris->@Inject::iris$allowInvalidPaths(CLorg/spongepowered/asm/mixin/injection/callback/CallbackInfoReturnable;)V does use it's CallbackInfoReturnable
[14:44:44] [main/DEBUG] (FabricLoader/Mixin) Mixing MixinSystemReport from mixins.iris.json into net.minecraft.util.SystemDetails
[14:44:44] [main/DEBUG] (FabricLoader/Mixin) mixins.iris.json:MixinSystemReport from mod iris: Class version 61 required is higher than the class version supported by the current version of Mixin (JAVA_8 supports class version 52)
[14:44:44] [main/DEBUG] (FabricLoader/Mixin) Renaming synthetic method lambda$fillSystemDetails$1()Ljava/lang/String; to mda9fcf3$iris$lambda$fillSystemDetails$1$0 in mixins.iris.json:MixinSystemReport from mod iris
[14:44:44] [main/DEBUG] (FabricLoader/Mixin) Renaming synthetic method lambda$fillSystemDetails$0(Ljava/lang/StringBuilder;Lnet/irisshaders/iris/shaderpack/ShaderPack;)V to mda9fcf3$iris$lambda$fillSystemDetails$0$1 in mixins.iris.json:MixinSystemReport from mod iris
[14:44:44] [main/DEBUG] (FabricLoader/Mixin) Mixing SystemDetailsMixin from fabric-crash-report-info-v1.mixins.json into net.minecraft.util.SystemDetails
[14:44:44] [main/DEBUG] (FabricLoader/Mixin) fabric-crash-report-info-v1.mixins.json:SystemDetailsMixin from mod fabric-crash-report-info-v1: Class version 61 required is higher than the class version supported by the current version of Mixin (JAVA_16 supports class version 60)
[14:44:44] [main/DEBUG] (FabricLoader/Mixin) Renaming synthetic method lambda$appendMods$1(Lnet/fabricmc/loader/api/ModContainer;)Ljava/lang/String; to mda9fcf3$fabric-crash-report-info-v1$lambda$appendMods$1$2 in fabric-crash-report-info-v1.mixins.json:SystemDetailsMixin from mod fabric-crash-report-info-v1
[14:44:44] [main/DEBUG] (FabricLoader/Mixin) Renaming synthetic method lambda$fillSystemDetails$0()Ljava/lang/String; to mda9fcf3$fabric-crash-report-info-v1$lambda$fillSystemDetails$0$3 in fabric-crash-report-info-v1.mixins.json:SystemDetailsMixin from mod fabric-crash-report-info-v1
[14:44:44] [main/DEBUG] (FabricLoader/Mixin) mixins.iris.json:MixinSystemReport from mod iris->@Inject::fillSystemDetails(Lorg/spongepowered/asm/mixin/injection/callback/CallbackInfo;)V doesn't use it's CallbackInfo
[14:44:44] [main/DEBUG] (FabricLoader/Mixin) mixins.iris.json:MixinSystemReport from mod iris->@Inject::fillSystemDetails(Lorg/spongepowered/asm/mixin/injection/callback/CallbackInfo;)V has 0 override(s) in child classes
[14:44:44] [main/DEBUG] (FabricLoader/Mixin) mixins.iris.json:MixinSystemReport from mod iris->@Inject::fillSystemDetails(Lorg/spongepowered/asm/mixin/injection/callback/CallbackInfo;)V won't be passed a CallbackInfo as a result
[14:44:44] [main/DEBUG] (FabricLoader/Mixin) fabric-crash-report-info-v1.mixins.json:SystemDetailsMixin from mod fabric-crash-report-info-v1->@Inject::fillSystemDetails(Lorg/spongepowered/asm/mixin/injection/callback/CallbackInfo;)V doesn't use it's CallbackInfo
[14:44:44] [main/DEBUG] (FabricLoader/Mixin) fabric-crash-report-info-v1.mixins.json:SystemDetailsMixin from mod fabric-crash-report-info-v1->@Inject::fillSystemDetails(Lorg/spongepowered/asm/mixin/injection/callback/CallbackInfo;)V has 0 override(s) in child classes
[14:44:44] [main/DEBUG] (FabricLoader/Mixin) fabric-crash-report-info-v1.mixins.json:SystemDetailsMixin from mod fabric-crash-report-info-v1->@Inject::fillSystemDetails(Lorg/spongepowered/asm/mixin/injection/callback/CallbackInfo;)V won't be passed a CallbackInfo as a result
[14:44:45] [main/DEBUG] (FabricLoader/Mixin) Mixing ScreenAccessor from fabric-screen-api-v1.mixins.json into net.minecraft.client.gui.screen.Screen
[14:44:45] [main/DEBUG] (FabricLoader/Mixin) fabric-screen-api-v1.mixins.json:ScreenAccessor from mod fabric-screen-api-v1: Class version 61 required is higher than the class version supported by the current version of Mixin (JAVA_16 supports class version 60)
[14:44:45] [main/DEBUG] (FabricLoader/Mixin) Mixing ScreenMixin from fabric-screen-api-v1.mixins.json into net.minecraft.client.gui.screen.Screen
[14:44:45] [main/DEBUG] (FabricLoader/Mixin) fabric-screen-api-v1.mixins.json:ScreenMixin from mod fabric-screen-api-v1: Class version 61 required is higher than the class version supported by the current version of Mixin (JAVA_16 supports class version 60)
[14:44:45] [main/DEBUG] (FabricLoader/Mixin) fabric-screen-api-v1.mixins.json:ScreenMixin from mod fabric-screen-api-v1->@Inject::beforeInitScreen(Lnet/minecraft/client/MinecraftClient;IILorg/spongepowered/asm/mixin/injection/callback/CallbackInfo;)V doesn't use it's CallbackInfo
[14:44:45] [main/DEBUG] (FabricLoader/Mixin) fabric-screen-api-v1.mixins.json:ScreenMixin from mod fabric-screen-api-v1->@Inject::beforeInitScreen(Lnet/minecraft/client/MinecraftClient;IILorg/spongepowered/asm/mixin/injection/callback/CallbackInfo;)V has 0 override(s) in child classes
[14:44:45] [main/DEBUG] (FabricLoader/Mixin) fabric-screen-api-v1.mixins.json:ScreenMixin from mod fabric-screen-api-v1->@Inject::beforeInitScreen(Lnet/minecraft/client/MinecraftClient;IILorg/spongepowered/asm/mixin/injection/callback/CallbackInfo;)V won't be passed a CallbackInfo as a result
[14:44:45] [main/DEBUG] (FabricLoader/Mixin) fabric-screen-api-v1.mixins.json:ScreenMixin from mod fabric-screen-api-v1->@Inject::afterInitScreen(Lnet/minecraft/client/MinecraftClient;IILorg/spongepowered/asm/mixin/injection/callback/CallbackInfo;)V doesn't use it's CallbackInfo
[14:44:45] [main/DEBUG] (FabricLoader/Mixin) fabric-screen-api-v1.mixins.json:ScreenMixin from mod fabric-screen-api-v1->@Inject::afterInitScreen(Lnet/minecraft/client/MinecraftClient;IILorg/spongepowered/asm/mixin/injection/callback/CallbackInfo;)V has 0 override(s) in child classes
[14:44:45] [main/DEBUG] (FabricLoader/Mixin) fabric-screen-api-v1.mixins.json:ScreenMixin from mod fabric-screen-api-v1->@Inject::afterInitScreen(Lnet/minecraft/client/MinecraftClient;IILorg/spongepowered/asm/mixin/injection/callback/CallbackInfo;)V won't be passed a CallbackInfo as a result
[14:44:45] [main/DEBUG] (FabricLoader/Mixin) fabric-screen-api-v1.mixins.json:ScreenMixin from mod fabric-screen-api-v1->@Inject::beforeResizeScreen(Lnet/minecraft/client/MinecraftClient;IILorg/spongepowered/asm/mixin/injection/callback/CallbackInfo;)V doesn't use it's CallbackInfo
[14:44:45] [main/DEBUG] (FabricLoader/Mixin) fabric-screen-api-v1.mixins.json:ScreenMixin from mod fabric-screen-api-v1->@Inject::beforeResizeScreen(Lnet/minecraft/client/MinecraftClient;IILorg/spongepowered/asm/mixin/injection/callback/CallbackInfo;)V has 0 override(s) in child classes
[14:44:45] [main/DEBUG] (FabricLoader/Mixin) fabric-screen-api-v1.mixins.json:ScreenMixin from mod fabric-screen-api-v1->@Inject::beforeResizeScreen(Lnet/minecraft/client/MinecraftClient;IILorg/spongepowered/asm/mixin/injection/callback/CallbackInfo;)V won't be passed a CallbackInfo as a result
[14:44:45] [main/DEBUG] (FabricLoader/Mixin) fabric-screen-api-v1.mixins.json:ScreenMixin from mod fabric-screen-api-v1->@Inject::afterResizeScreen(Lnet/minecraft/client/MinecraftClient;IILorg/spongepowered/asm/mixin/injection/callback/CallbackInfo;)V doesn't use it's CallbackInfo
[14:44:45] [main/DEBUG] (FabricLoader/Mixin) fabric-screen-api-v1.mixins.json:ScreenMixin from mod fabric-screen-api-v1->@Inject::afterResizeScreen(Lnet/minecraft/client/MinecraftClient;IILorg/spongepowered/asm/mixin/injection/callback/CallbackInfo;)V has 0 override(s) in child classes
[14:44:45] [main/DEBUG] (FabricLoader/Mixin) fabric-screen-api-v1.mixins.json:ScreenMixin from mod fabric-screen-api-v1->@Inject::afterResizeScreen(Lnet/minecraft/client/MinecraftClient;IILorg/spongepowered/asm/mixin/injection/callback/CallbackInfo;)V won't be passed a CallbackInfo as a result
[14:44:45] [main/DEBUG] (FabricLoader/Mixin) Mixing BootstrapMixin from fabric-registry-sync-v0.mixins.json into net.minecraft.Bootstrap
[14:44:45] [main/DEBUG] (FabricLoader/Mixin) fabric-registry-sync-v0.mixins.json:BootstrapMixin from mod fabric-registry-sync-v0: Class version 61 required is higher than the class version supported by the current version of Mixin (JAVA_16 supports class version 60)
[14:44:45] [main/DEBUG] (FabricLoader/Mixin) Renaming synthetic method lambda$initialize$1(Lnet/minecraft/fluid/Fluid;)Ljava/util/Collection; to mda9fcf3$fabric-registry-sync-v0$lambda$initialize$1$0 in fabric-registry-sync-v0.mixins.json:BootstrapMixin from mod fabric-registry-sync-v0
[14:44:45] [main/DEBUG] (FabricLoader/Mixin) Renaming synthetic method lambda$initialize$0(Lnet/minecraft/block/Block;)Ljava/util/Collection; to mda9fcf3$fabric-registry-sync-v0$lambda$initialize$0$1 in fabric-registry-sync-v0.mixins.json:BootstrapMixin from mod fabric-registry-sync-v0
[14:44:45] [main/DEBUG] (FabricLoader/Mixin) fabric-registry-sync-v0.mixins.json:BootstrapMixin from mod fabric-registry-sync-v0->@Inject::initialize(Lorg/spongepowered/asm/mixin/injection/callback/CallbackInfo;)V doesn't use it's CallbackInfo
[14:44:45] [main/DEBUG] (FabricLoader/Mixin) Mixing RegistryMixin from fabric-registry-sync-v0.mixins.json into net.minecraft.registry.Registry
[14:44:45] [main/DEBUG] (FabricLoader/Mixin) fabric-registry-sync-v0.mixins.json:RegistryMixin from mod fabric-registry-sync-v0: Class version 61 required is higher than the class version supported by the current version of Mixin (JAVA_16 supports class version 60)
[14:44:45] [main/DEBUG] (FabricLoader/Mixin) Mixing RegistriesAccessor from fabric-registry-sync-v0.mixins.json into net.minecraft.registry.Registries
[14:44:45] [main/DEBUG] (FabricLoader/Mixin) fabric-registry-sync-v0.mixins.json:RegistriesAccessor from mod fabric-registry-sync-v0: Class version 61 required is higher than the class version supported by the current version of Mixin (JAVA_16 supports class version 60)
[14:44:45] [main/DEBUG] (FabricLoader/Mixin) Renaming @Accessor method getROOT()Lnet/minecraft/registry/MutableRegistry; to getROOT$fabric-registry-sync-v0_$md$a9fcf3$0 in fabric-registry-sync-v0.mixins.json:RegistriesAccessor from mod fabric-registry-sync-v0
[14:44:45] [main/DEBUG] (FabricLoader/Mixin) Mixing RegistriesMixin from fabric-registry-sync-v0.mixins.json into net.minecraft.registry.Registries
[14:44:45] [main/DEBUG] (FabricLoader/Mixin) fabric-registry-sync-v0.mixins.json:RegistriesMixin from mod fabric-registry-sync-v0: Class version 61 required is higher than the class version supported by the current version of Mixin (JAVA_16 supports class version 60)
[14:44:45] [main/DEBUG] (FabricLoader/Mixin) fabric-registry-sync-v0.mixins.json:RegistriesMixin from mod fabric-registry-sync-v0->@Inject::init(Lorg/spongepowered/asm/mixin/injection/callback/CallbackInfo;)V does use it's CallbackInfo
[14:44:45] [main/DEBUG] (FabricLoader/Mixin) Mixing SimpleRegistryMixin from fabric-registry-sync-v0.mixins.json into net.minecraft.registry.SimpleRegistry
[14:44:45] [main/DEBUG] (FabricLoader/Mixin) fabric-registry-sync-v0.mixins.json:SimpleRegistryMixin from mod fabric-registry-sync-v0: Class version 61 required is higher than the class version supported by the current version of Mixin (JAVA_16 supports class version 60)
[14:44:45] [main/DEBUG] (FabricLoader/Mixin) Renaming synthetic method lambda$init$10([Lnet/fabricmc/fabric/api/event/registry/RegistryIdRemapCallback;)Lnet/fabricmc/fabric/api/event/registry/RegistryIdRemapCallback; to mda9fcf3$fabric-registry-sync-v0$lambda$init$10$0 in fabric-registry-sync-v0.mixins.json:SimpleRegistryMixin from mod fabric-registry-sync-v0
[14:44:45] [main/DEBUG] (FabricLoader/Mixin) Renaming synthetic method lambda$init$9([Lnet/fabricmc/fabric/api/event/registry/RegistryIdRemapCallback;Lnet/fabricmc/fabric/api/event/registry/RegistryIdRemapCallback$RemapState;)V to mda9fcf3$fabric-registry-sync-v0$lambda$init$9$1 in fabric-registry-sync-v0.mixins.json:SimpleRegistryMixin from mod fabric-registry-sync-v0
[14:44:45] [main/DEBUG] (FabricLoader/Mixin) Renaming synthetic method lambda$init$8(ILnet/minecraft/util/Identifier;Ljava/lang/Object;)V to mda9fcf3$fabric-registry-sync-v0$lambda$init$8$2 in fabric-registry-sync-v0.mixins.json:SimpleRegistryMixin from mod fabric-registry-sync-v0
[14:44:45] [main/DEBUG] (FabricLoader/Mixin) Renaming synthetic method lambda$init$7([Lnet/fabricmc/fabric/api/event/registry/RegistryEntryAddedCallback;)Lnet/fabricmc/fabric/api/event/registry/RegistryEntryAddedCallback; to mda9fcf3$fabric-registry-sync-v0$lambda$init$7$3 in fabric-registry-sync-v0.mixins.json:SimpleRegistryMixin from mod fabric-registry-sync-v0
[14:44:45] [main/DEBUG] (FabricLoader/Mixin) Renaming synthetic method lambda$init$6([Lnet/fabricmc/fabric/api/event/registry/RegistryEntryAddedCallback;ILnet/minecraft/util/Identifier;Ljava/lang/Object;)V to mda9fcf3$fabric-registry-sync-v0$lambda$init$6$4 in fabric-registry-sync-v0.mixins.json:SimpleRegistryMixin from mod fabric-registry-sync-v0
[14:44:45] [main/DEBUG] (FabricLoader/Mixin) Renaming synthetic method lambda$new$5([Lnet/fabricmc/fabric/api/event/registry/RegistryIdRemapCallback;)Lnet/fabricmc/fabric/api/event/registry/RegistryIdRemapCallback; to mda9fcf3$fabric-registry-sync-v0$lambda$new$5$5 in fabric-registry-sync-v0.mixins.json:SimpleRegistryMixin from mod fabric-registry-sync-v0
[14:44:45] [main/DEBUG] (FabricLoader/Mixin) Renaming synthetic method lambda$new$4([Lnet/fabricmc/fabric/api/event/registry/RegistryIdRemapCallback;Lnet/fabricmc/fabric/api/event/registry/RegistryIdRemapCallback$RemapState;)V to mda9fcf3$fabric-registry-sync-v0$lambda$new$4$6 in fabric-registry-sync-v0.mixins.json:SimpleRegistryMixin from mod fabric-registry-sync-v0
[14:44:45] [main/DEBUG] (FabricLoader/Mixin) Renaming synthetic method lambda$new$3([Lnet/fabricmc/fabric/api/event/registry/RegistryEntryRemovedCallback;)Lnet/fabricmc/fabric/api/event/registry/RegistryEntryRemovedCallback; to mda9fcf3$fabric-registry-sync-v0$lambda$new$3$7 in fabric-registry-sync-v0.mixins.json:SimpleRegistryMixin from mod fabric-registry-sync-v0
[14:44:45] [main/DEBUG] (FabricLoader/Mixin) Renaming synthetic method lambda$new$2([Lnet/fabricmc/fabric/api/event/registry/RegistryEntryRemovedCallback;ILnet/minecraft/util/Identifier;Ljava/lang/Object;)V to mda9fcf3$fabric-registry-sync-v0$lambda$new$2$8 in fabric-registry-sync-v0.mixins.json:SimpleRegistryMixin from mod fabric-registry-sync-v0
[14:44:45] [main/DEBUG] (FabricLoader/Mixin) Renaming synthetic method lambda$new$1([Lnet/fabricmc/fabric/api/event/registry/RegistryEntryAddedCallback;)Lnet/fabricmc/fabric/api/event/registry/RegistryEntryAddedCallback; to mda9fcf3$fabric-registry-sync-v0$lambda$new$1$9 in fabric-registry-sync-v0.mixins.json:SimpleRegistryMixin from mod fabric-registry-sync-v0
[14:44:45] [main/DEBUG] (FabricLoader/Mixin) Renaming synthetic method lambda$new$0([Lnet/fabricmc/fabric/api/event/registry/RegistryEntryAddedCallback;ILnet/minecraft/util/Identifier;Ljava/lang/Object;)V to mda9fcf3$fabric-registry-sync-v0$lambda$new$0$a in fabric-registry-sync-v0.mixins.json:SimpleRegistryMixin from mod fabric-registry-sync-v0
[14:44:45] [main/DEBUG] (FabricLoader/Mixin) fabric-registry-sync-v0.mixins.json:SimpleRegistryMixin from mod fabric-registry-sync-v0->@Inject::init(Lnet/minecraft/registry/RegistryKey;Lcom/mojang/serialization/Lifecycle;ZLorg/spongepowered/asm/mixin/injection/callback/CallbackInfo;)V doesn't use it's CallbackInfo
[14:44:45] [main/DEBUG] (FabricLoader/Mixin) fabric-registry-sync-v0.mixins.json:SimpleRegistryMixin from mod fabric-registry-sync-v0->@Inject::init(Lnet/minecraft/registry/RegistryKey;Lcom/mojang/serialization/Lifecycle;ZLorg/spongepowered/asm/mixin/injection/callback/CallbackInfo;)V has 0 override(s) in child classes
[14:44:45] [main/DEBUG] (FabricLoader/Mixin) fabric-registry-sync-v0.mixins.json:SimpleRegistryMixin from mod fabric-registry-sync-v0->@Inject::init(Lnet/minecraft/registry/RegistryKey;Lcom/mojang/serialization/Lifecycle;ZLorg/spongepowered/asm/mixin/injection/callback/CallbackInfo;)V won't be passed a CallbackInfo as a result
[14:44:45] [main/DEBUG] (FabricLoader/Mixin) fabric-registry-sync-v0.mixins.json:SimpleRegistryMixin from mod fabric-registry-sync-v0->@Inject::add(Lnet/minecraft/registry/RegistryKey;Ljava/lang/Object;Lcom/mojang/serialization/Lifecycle;Lorg/spongepowered/asm/mixin/injection/callback/CallbackInfoReturnable;)V doesn't use it's CallbackInfoReturnable
[14:44:45] [main/DEBUG] (FabricLoader/Mixin) fabric-registry-sync-v0.mixins.json:SimpleRegistryMixin from mod fabric-registry-sync-v0->@Inject::add(Lnet/minecraft/registry/RegistryKey;Ljava/lang/Object;Lcom/mojang/serialization/Lifecycle;Lorg/spongepowered/asm/mixin/injection/callback/CallbackInfoReturnable;)V has 0 override(s) in child classes
[14:44:45] [main/DEBUG] (FabricLoader/Mixin) fabric-registry-sync-v0.mixins.json:SimpleRegistryMixin from mod fabric-registry-sync-v0->@Inject::add(Lnet/minecraft/registry/RegistryKey;Ljava/lang/Object;Lcom/mojang/serialization/Lifecycle;Lorg/spongepowered/asm/mixin/injection/callback/CallbackInfoReturnable;)V won't be passed a CallbackInfoReturnable as a result
[14:44:45] [main/DEBUG] (FabricLoader/Mixin) fabric-registry-sync-v0.mixins.json:SimpleRegistryMixin from mod fabric-registry-sync-v0->@Inject::set(ILnet/minecraft/registry/RegistryKey;Ljava/lang/Object;Lcom/mojang/serialization/Lifecycle;Lorg/spongepowered/asm/mixin/injection/callback/CallbackInfoReturnable;)V does use it's CallbackInfoReturnable
[14:44:45] [main/DEBUG] (FabricLoader/Mixin) fabric-registry-sync-v0.mixins.json:SimpleRegistryMixin from mod fabric-registry-sync-v0->@Inject::setPre(ILnet/minecraft/registry/RegistryKey;Ljava/lang/Object;Lcom/mojang/serialization/Lifecycle;Lorg/spongepowered/asm/mixin/injection/callback/CallbackInfoReturnable;)V doesn't use it's CallbackInfoReturnable
[14:44:45] [main/DEBUG] (FabricLoader/Mixin) fabric-registry-sync-v0.mixins.json:SimpleRegistryMixin from mod fabric-registry-sync-v0->@Inject::setPre(ILnet/minecraft/registry/RegistryKey;Ljava/lang/Object;Lcom/mojang/serialization/Lifecycle;Lorg/spongepowered/asm/mixin/injection/callback/CallbackInfoReturnable;)V has 0 override(s) in child classes
[14:44:45] [main/DEBUG] (FabricLoader/Mixin) fabric-registry-sync-v0.mixins.json:SimpleRegistryMixin from mod fabric-registry-sync-v0->@Inject::setPre(ILnet/minecraft/registry/RegistryKey;Ljava/lang/Object;Lcom/mojang/serialization/Lifecycle;Lorg/spongepowered/asm/mixin/injection/callback/CallbackInfoReturnable;)V won't be passed a CallbackInfoReturnable as a result
[14:44:45] [main/DEBUG] (FabricLoader/Mixin) fabric-registry-sync-v0.mixins.json:SimpleRegistryMixin from mod fabric-registry-sync-v0->@Inject::setPost(ILnet/minecraft/registry/RegistryKey;Ljava/lang/Object;Lcom/mojang/serialization/Lifecycle;Lorg/spongepowered/asm/mixin/injection/callback/CallbackInfoReturnable;)V doesn't use it's CallbackInfoReturnable
[14:44:45] [main/DEBUG] (FabricLoader/Mixin) fabric-registry-sync-v0.mixins.json:SimpleRegistryMixin from mod fabric-registry-sync-v0->@Inject::setPost(ILnet/minecraft/registry/RegistryKey;Ljava/lang/Object;Lcom/mojang/serialization/Lifecycle;Lorg/spongepowered/asm/mixin/injection/callback/CallbackInfoReturnable;)V has 0 override(s) in child classes
[14:44:45] [main/DEBUG] (FabricLoader/Mixin) fabric-registry-sync-v0.mixins.json:SimpleRegistryMixin from mod fabric-registry-sync-v0->@Inject::setPost(ILnet/minecraft/registry/RegistryKey;Ljava/lang/Object;Lcom/mojang/serialization/Lifecycle;Lorg/spongepowered/asm/mixin/injection/callback/CallbackInfoReturnable;)V won't be passed a CallbackInfoReturnable as a result
[14:44:45] [main/DEBUG] (FabricLoader/Mixin) Mixing PacketByteBufMixin from fabric-networking-api-v1.mixins.json into net.minecraft.network.PacketByteBuf
[14:44:45] [main/DEBUG] (FabricLoader/Mixin) fabric-networking-api-v1.mixins.json:PacketByteBufMixin from mod fabric-networking-api-v1: Class version 61 required is higher than the class version supported by the current version of Mixin (JAVA_16 supports class version 60)
[14:44:45] [main/DEBUG] (FabricLoader/Mixin) Mixing FluidMixin from fabric-transfer-api-v1.mixins.json into net.minecraft.fluid.Fluid
[14:44:45] [main/DEBUG] (FabricLoader/Mixin) fabric-transfer-api-v1.mixins.json:FluidMixin from mod fabric-transfer-api-v1: Class version 61 required is higher than the class version supported by the current version of Mixin (JAVA_16 supports class version 60)
[14:44:45] [main/DEBUG] (FabricLoader/Mixin) fabric-transfer-api-v1.mixins.json:FluidMixin from mod fabric-transfer-api-v1->@Inject::hookGetBucketFillSound(Lorg/spongepowered/asm/mixin/injection/callback/CallbackInfoReturnable;)V does use it's CallbackInfoReturnable
[14:44:45] [main/DEBUG] (FabricLoader/Mixin) Mixing BlockMixin from fabric-block-api-v1.mixins.json into net.minecraft.block.Block
[14:44:45] [main/DEBUG] (FabricLoader/Mixin) Mixing AbstractBlockAccessor from fabric-object-builder-v1.mixins.json into net.minecraft.block.AbstractBlock
[14:44:45] [main/DEBUG] (FabricLoader/Mixin) fabric-object-builder-v1.mixins.json:AbstractBlockAccessor from mod fabric-object-builder-api-v1: Class version 61 required is higher than the class version supported by the current version of Mixin (JAVA_16 supports class version 60)
[14:44:45] [main/DEBUG] (FabricLoader/Mixin) Mixing MixinItem from mixins.iris.json into net.minecraft.item.Item
[14:44:45] [main/DEBUG] (FabricLoader/Mixin) mixins.iris.json:MixinItem from mod iris: Class version 61 required is higher than the class version supported by the current version of Mixin (JAVA_8 supports class version 52)
[14:44:45] [main/DEBUG] (FabricLoader/Mixin) Mixing ItemMixin from fabric-item-api-v1.mixins.json into net.minecraft.item.Item
[14:44:45] [main/DEBUG] (FabricLoader/Mixin) fabric-item-api-v1.mixins.json:ItemMixin from mod fabric-item-api-v1: Class version 61 required is higher than the class version supported by the current version of Mixin (JAVA_16 supports class version 60)
[14:44:45] [main/DEBUG] (FabricLoader/Mixin) Mixing ItemMixin from fabric-transfer-api-v1.mixins.json into net.minecraft.item.Item
[14:44:45] [main/DEBUG] (FabricLoader/Mixin) fabric-transfer-api-v1.mixins.json:ItemMixin from mod fabric-transfer-api-v1: Class version 61 required is higher than the class version supported by the current version of Mixin (JAVA_16 supports class version 60)
[14:44:45] [main/DEBUG] (FabricLoader/Mixin) fabric-item-api-v1.mixins.json:ItemMixin from mod fabric-item-api-v1->@Inject::onConstruct(Lnet/minecraft/item/Item$Settings;Lorg/spongepowered/asm/mixin/injection/callback/CallbackInfo;)V doesn't use it's CallbackInfo
[14:44:45] [main/DEBUG] (FabricLoader/Mixin) fabric-item-api-v1.mixins.json:ItemMixin from mod fabric-item-api-v1->@Inject::onConstruct(Lnet/minecraft/item/Item$Settings;Lorg/spongepowered/asm/mixin/injection/callback/CallbackInfo;)V has 0 override(s) in child classes
[14:44:45] [main/DEBUG] (FabricLoader/Mixin) fabric-item-api-v1.mixins.json:ItemMixin from mod fabric-item-api-v1->@Inject::onConstruct(Lnet/minecraft/item/Item$Settings;Lorg/spongepowered/asm/mixin/injection/callback/CallbackInfo;)V won't be passed a CallbackInfo as a result
[14:44:45] [main/DEBUG] (FabricLoader/Mixin) Mixing BlockEntityTypeAccessor from fabric-api-lookup-api-v1.mixins.json into net.minecraft.block.entity.BlockEntityType
[14:44:45] [main/DEBUG] (FabricLoader/Mixin) fabric-api-lookup-api-v1.mixins.json:BlockEntityTypeAccessor from mod fabric-api-lookup-api-v1: Class version 61 required is higher than the class version supported by the current version of Mixin (JAVA_16 supports class version 60)
[14:44:45] [main/DEBUG] (FabricLoader/Mixin) Mixing ArgumentTypesMixin from fabric-gametest-api-v1.mixins.json into net.minecraft.command.argument.ArgumentTypes
[14:44:45] [main/DEBUG] (FabricLoader/Mixin) fabric-gametest-api-v1.mixins.json:ArgumentTypesMixin from mod fabric-gametest-api-v1: Class version 61 required is higher than the class version supported by the current version of Mixin (JAVA_16 supports class version 60)
[14:44:45] [main/DEBUG] (FabricLoader/Mixin) Mixing ArgumentTypesAccessor from fabric-command-api-v2.mixins.json into net.minecraft.command.argument.ArgumentTypes
[14:44:45] [main/DEBUG] (FabricLoader/Mixin) fabric-command-api-v2.mixins.json:ArgumentTypesAccessor from mod fabric-command-api-v2: Class version 61 required is higher than the class version supported by the current version of Mixin (JAVA_16 supports class version 60)
[14:44:45] [main/DEBUG] (FabricLoader/Mixin) Renaming @Accessor method fabric_getClassMap()Ljava/util/Map; to fabric_getClassMap$fabric-command-api-v2_$md$a9fcf3$0 in fabric-command-api-v2.mixins.json:ArgumentTypesAccessor from mod fabric-command-api-v2
[14:44:45] [main/DEBUG] (FabricLoader/Mixin) fabric-gametest-api-v1.mixins.json:ArgumentTypesMixin from mod fabric-gametest-api-v1->@Inject::register(Lnet/minecraft/registry/Registry;Lorg/spongepowered/asm/mixin/injection/callback/CallbackInfoReturnable;)V doesn't use it's CallbackInfoReturnable
[14:44:45] [main/DEBUG] (FabricLoader/Mixin) Mixing ItemGroupsMixin from fabric-item-group-api-v1.mixins.json into net.minecraft.item.ItemGroups
[14:44:45] [main/DEBUG] (FabricLoader/Mixin) fabric-item-group-api-v1.mixins.json:ItemGroupsMixin from mod fabric-item-group-api-v1->@Inject::collect(Lorg/spongepowered/asm/mixin/injection/callback/CallbackInfo;)V does use it's CallbackInfo
[14:44:45] [main/DEBUG] (FabricLoader/Mixin) Mixing ItemGroupAccessor from fabric-item-group-api-v1.mixins.json into net.minecraft.item.ItemGroup
[14:44:45] [main/DEBUG] (FabricLoader/Mixin) Mixing ItemGroupMixin from fabric-item-group-api-v1.mixins.json into net.minecraft.item.ItemGroup
[14:44:45] [main/DEBUG] (FabricLoader/Mixin) Renaming synthetic method lambda$getStacks$0(Lnet/minecraft/item/ItemGroup;)Ljava/lang/IllegalStateException; to mda9fcf3$fabric-item-group-api-v1$lambda$getStacks$0$0 in fabric-item-group-api-v1.mixins.json:ItemGroupMixin from mod fabric-item-group-api-v1
[14:44:45] [main/DEBUG] (FabricLoader/Mixin) fabric-item-group-api-v1.mixins.json:ItemGroupMixin from mod fabric-item-group-api-v1->@Inject::getStacks(Lnet/minecraft/item/ItemGroup$DisplayContext;Lorg/spongepowered/asm/mixin/injection/callback/CallbackInfo;)V doesn't use it's CallbackInfo
[14:44:45] [main/DEBUG] (FabricLoader/Mixin) fabric-item-group-api-v1.mixins.json:ItemGroupMixin from mod fabric-item-group-api-v1->@Inject::getStacks(Lnet/minecraft/item/ItemGroup$DisplayContext;Lorg/spongepowered/asm/mixin/injection/callback/CallbackInfo;)V has 0 override(s) in child classes
[14:44:45] [main/DEBUG] (FabricLoader/Mixin) fabric-item-group-api-v1.mixins.json:ItemGroupMixin from mod fabric-item-group-api-v1->@Inject::getStacks(Lnet/minecraft/item/ItemGroup$DisplayContext;Lorg/spongepowered/asm/mixin/injection/callback/CallbackInfo;)V won't be passed a CallbackInfo as a result
[14:44:45] [main/DEBUG] (FabricLoader/Mixin) Mixing FireBlockMixin from fabric-content-registries-v0.mixins.json into net.minecraft.block.FireBlock
[14:44:45] [main/DEBUG] (FabricLoader/Mixin) fabric-content-registries-v0.mixins.json:FireBlockMixin from mod fabric-content-registries-v0: Class version 61 required is higher than the class version supported by the current version of Mixin (JAVA_16 supports class version 60)
[14:44:45] [main/DEBUG] (FabricLoader/Mixin) fabric-content-registries-v0.mixins.json:FireBlockMixin from mod fabric-content-registries-v0->@Inject::afterConstruct(Lnet/minecraft/block/AbstractBlock$Settings;Lorg/spongepowered/asm/mixin/injection/callback/CallbackInfo;)V doesn't use it's CallbackInfo
[14:44:45] [main/DEBUG] (FabricLoader/Mixin) fabric-content-registries-v0.mixins.json:FireBlockMixin from mod fabric-content-registries-v0->@Inject::afterConstruct(Lnet/minecraft/block/AbstractBlock$Settings;Lorg/spongepowered/asm/mixin/injection/callback/CallbackInfo;)V has 0 override(s) in child classes
[14:44:45] [main/DEBUG] (FabricLoader/Mixin) fabric-content-registries-v0.mixins.json:FireBlockMixin from mod fabric-content-registries-v0->@Inject::afterConstruct(Lnet/minecraft/block/AbstractBlock$Settings;Lorg/spongepowered/asm/mixin/injection/callback/CallbackInfo;)V won't be passed a CallbackInfo as a result
[14:44:45] [main/DEBUG] (FabricLoader/Mixin) fabric-content-registries-v0.mixins.json:FireBlockMixin from mod fabric-content-registries-v0->@Inject::getFabricBurnChance(Lnet/minecraft/block/BlockState;Lorg/spongepowered/asm/mixin/injection/callback/CallbackInfoReturnable;)V does use it's CallbackInfoReturnable
[14:44:45] [main/DEBUG] (FabricLoader/Mixin) fabric-content-registries-v0.mixins.json:FireBlockMixin from mod fabric-content-registries-v0->@Inject::getFabricSpreadChance(Lnet/minecraft/block/BlockState;Lorg/spongepowered/asm/mixin/injection/callback/CallbackInfoReturnable;)V does use it's CallbackInfoReturnable
[14:44:45] [main/DEBUG] (FabricLoader/Mixin) Mixing EntityMixin from fabric-entity-events-v1.mixins.json into net.minecraft.entity.Entity
[14:44:45] [main/DEBUG] (FabricLoader/Mixin) fabric-entity-events-v1.mixins.json:EntityMixin from mod fabric-entity-events-v1: Class version 61 required is higher than the class version supported by the current version of Mixin (JAVA_16 supports class version 60)
[14:44:45] [main/DEBUG] (FabricLoader/Mixin) Mixing EntityMixin from fabric-dimensions-v1.mixins.json into net.minecraft.entity.Entity
[14:44:45] [main/DEBUG] (FabricLoader/Mixin) fabric-dimensions-v1.mixins.json:EntityMixin from mod fabric-dimensions-v1: Class version 61 required is higher than the class version supported by the current version of Mixin (JAVA_16 supports class version 60)
[14:44:45] [main/DEBUG] (FabricLoader/Mixin) Mixing AttachmentTargetsMixin from fabric-data-attachment-api-v1.mixins.json into net.minecraft.entity.Entity
[14:44:45] [main/DEBUG] (FabricLoader/Mixin) Mixing EntityMixin from fabric-data-attachment-api-v1.mixins.json into net.minecraft.entity.Entity
[14:44:45] [main/DEBUG] (FabricLoader/Mixin) fabric-entity-events-v1.mixins.json:EntityMixin from mod fabric-entity-events-v1->@Inject::afterWorldChanged(Lnet/minecraft/server/world/ServerWorld;Lorg/spongepowered/asm/mixin/injection/callback/CallbackInfoReturnable;)V does use it's CallbackInfoReturnable
[14:44:45] [main/DEBUG] (FabricLoader/Mixin) fabric-entity-events-v1.mixins.json:EntityMixin from mod fabric-entity-events-v1->@Inject::afterWorldChanged(Lnet/minecraft/server/world/ServerWorld;Lorg/spongepowered/asm/mixin/injection/callback/CallbackInfoReturnable;)V does use it's CallbackInfoReturnable
[14:44:45] [main/DEBUG] (FabricLoader/Mixin) fabric-entity-events-v1.mixins.json:EntityMixin from mod fabric-entity-events-v1->@Inject::afterWorldChanged(Lnet/minecraft/server/world/ServerWorld;Lorg/spongepowered/asm/mixin/injection/callback/CallbackInfoReturnable;)V does use it's CallbackInfoReturnable
[14:44:45] [main/DEBUG] (FabricLoader/Mixin) fabric-entity-events-v1.mixins.json:EntityMixin from mod fabric-entity-events-v1->@Inject::afterEntityTeleportedToWorld(Lnet/minecraft/server/world/ServerWorld;DDDLjava/util/Set;FFLorg/spongepowered/asm/mixin/injection/callback/CallbackInfoReturnable;FLnet/minecraft/entity/Entity;)V doesn't use it's CallbackInfoReturnable
[14:44:45] [main/DEBUG] (FabricLoader/Mixin) fabric-entity-events-v1.mixins.json:EntityMixin from mod fabric-entity-events-v1->@Inject::afterEntityTeleportedToWorld(Lnet/minecraft/server/world/ServerWorld;DDDLjava/util/Set;FFLorg/spongepowered/asm/mixin/injection/callback/CallbackInfoReturnable;FLnet/minecraft/entity/Entity;)V has 0 override(s) in child classes
[14:44:45] [main/DEBUG] (FabricLoader/Mixin) fabric-entity-events-v1.mixins.json:EntityMixin from mod fabric-entity-events-v1->@Inject::afterEntityTeleportedToWorld(Lnet/minecraft/server/world/ServerWorld;DDDLjava/util/Set;FFLorg/spongepowered/asm/mixin/injection/callback/CallbackInfoReturnable;FLnet/minecraft/entity/Entity;)V won't be passed a CallbackInfoReturnable as a result
[14:44:45] [main/DEBUG] (FabricLoader/Mixin) fabric-dimensions-v1.mixins.json:EntityMixin from mod fabric-dimensions-v1->@Inject::getTeleportTarget(Lnet/minecraft/server/world/ServerWorld;Lorg/spongepowered/asm/mixin/injection/callback/CallbackInfoReturnable;)V does use it's CallbackInfoReturnable
[14:44:45] [main/DEBUG] (FabricLoader/Mixin) fabric-data-attachment-api-v1.mixins.json:EntityMixin from mod fabric-data-attachment-api-v1->@Inject::readEntityAttachments(Lnet/minecraft/nbt/NbtCompound;Lorg/spongepowered/asm/mixin/injection/callback/CallbackInfo;)V doesn't use it's CallbackInfo
[14:44:45] [main/DEBUG] (FabricLoader/Mixin) fabric-data-attachment-api-v1.mixins.json:EntityMixin from mod fabric-data-attachment-api-v1->@Inject::readEntityAttachments(Lnet/minecraft/nbt/NbtCompound;Lorg/spongepowered/asm/mixin/injection/callback/CallbackInfo;)V has 0 override(s) in child classes
[14:44:45] [main/DEBUG] (FabricLoader/Mixin) fabric-data-attachment-api-v1.mixins.json:EntityMixin from mod fabric-data-attachment-api-v1->@Inject::readEntityAttachments(Lnet/minecraft/nbt/NbtCompound;Lorg/spongepowered/asm/mixin/injection/callback/CallbackInfo;)V won't be passed a CallbackInfo as a result
[14:44:45] [main/DEBUG] (FabricLoader/Mixin) fabric-data-attachment-api-v1.mixins.json:EntityMixin from mod fabric-data-attachment-api-v1->@Inject::writeEntityAttachments(Lnet/minecraft/nbt/NbtCompound;Lorg/spongepowered/asm/mixin/injection/callback/CallbackInfoReturnable;)V doesn't use it's CallbackInfoReturnable
[14:44:45] [main/DEBUG] (FabricLoader/Mixin) fabric-data-attachment-api-v1.mixins.json:EntityMixin from mod fabric-data-attachment-api-v1->@Inject::writeEntityAttachments(Lnet/minecraft/nbt/NbtCompound;Lorg/spongepowered/asm/mixin/injection/callback/CallbackInfoReturnable;)V has 0 override(s) in child classes
[14:44:45] [main/DEBUG] (FabricLoader/Mixin) fabric-data-attachment-api-v1.mixins.json:EntityMixin from mod fabric-data-attachment-api-v1->@Inject::writeEntityAttachments(Lnet/minecraft/nbt/NbtCompound;Lorg/spongepowered/asm/mixin/injection/callback/CallbackInfoReturnable;)V won't be passed a CallbackInfoReturnable as a result
[14:44:45] [main/DEBUG] (FabricLoader/Mixin) Mixing PlayerEntityMixin from fabric-entity-events-v1.mixins.json into net.minecraft.entity.player.PlayerEntity
[14:44:45] [main/DEBUG] (FabricLoader/Mixin) fabric-entity-events-v1.mixins.json:PlayerEntityMixin from mod fabric-entity-events-v1: Class version 61 required is higher than the class version supported by the current version of Mixin (JAVA_16 supports class version 60)
[14:44:45] [main/DEBUG] (FabricLoader/Mixin) Mixing elytra.PlayerEntityMixin from fabric-entity-events-v1.mixins.json into net.minecraft.entity.player.PlayerEntity
[14:44:45] [main/DEBUG] (FabricLoader/Mixin) fabric-entity-events-v1.mixins.json:elytra.PlayerEntityMixin from mod fabric-entity-events-v1: Class version 61 required is higher than the class version supported by the current version of Mixin (JAVA_16 supports class version 60)
[14:44:45] [main/DEBUG] (FabricLoader/Mixin) fabric-entity-events-v1.mixins.json:PlayerEntityMixin from mod fabric-entity-events-v1->@Inject::onTrySleep(Lnet/minecraft/util/math/BlockPos;Lorg/spongepowered/asm/mixin/injection/callback/CallbackInfoReturnable;)V does use it's CallbackInfoReturnable
[14:44:45] [main/DEBUG] (FabricLoader/Mixin) fabric-entity-events-v1.mixins.json:PlayerEntityMixin from mod fabric-entity-events-v1->@Inject::onIsSleepingLongEnough(Lorg/spongepowered/asm/mixin/injection/callback/CallbackInfoReturnable;)V does use it's CallbackInfoReturnable
[14:44:45] [main/DEBUG] (FabricLoader/Mixin) fabric-entity-events-v1.mixins.json:elytra.PlayerEntityMixin from mod fabric-entity-events-v1->@Inject::injectElytraCheck(Lorg/spongepowered/asm/mixin/injection/callback/CallbackInfoReturnable;)V does use it's CallbackInfoReturnable
[14:44:45] [main/DEBUG] (FabricLoader/Mixin) Mixing LivingEntityMixin from fabric-lifecycle-events-v1.mixins.json into net.minecraft.entity.LivingEntity
[14:44:45] [main/DEBUG] (FabricLoader/Mixin) fabric-lifecycle-events-v1.mixins.json:LivingEntityMixin from mod fabric-lifecycle-events-v1: Class version 61 required is higher than the class version supported by the current version of Mixin (JAVA_16 supports class version 60)
[14:44:45] [main/DEBUG] (FabricLoader/Mixin) Mixing LivingEntityMixin from fabric-entity-events-v1.mixins.json into net.minecraft.entity.LivingEntity
[14:44:45] [main/DEBUG] (FabricLoader/Mixin) fabric-entity-events-v1.mixins.json:LivingEntityMixin from mod fabric-entity-events-v1: Class version 61 required is higher than the class version supported by the current version of Mixin (JAVA_16 supports class version 60)
[14:44:45] [main/DEBUG] (FabricLoader/Mixin) Mixing elytra.LivingEntityMixin from fabric-entity-events-v1.mixins.json into net.minecraft.entity.LivingEntity
[14:44:45] [main/DEBUG] (FabricLoader/Mixin) fabric-entity-events-v1.mixins.json:elytra.LivingEntityMixin from mod fabric-entity-events-v1: Class version 61 required is higher than the class version supported by the current version of Mixin (JAVA_16 supports class version 60)
[14:44:45] [main/DEBUG] (FabricLoader/Mixin) Mixing LivingEntityMixin from fabric-item-api-v1.mixins.json into net.minecraft.entity.LivingEntity
[14:44:45] [main/DEBUG] (FabricLoader/Mixin) fabric-item-api-v1.mixins.json:LivingEntityMixin from mod fabric-item-api-v1: Class version 61 required is higher than the class version supported by the current version of Mixin (JAVA_16 supports class version 60)
[14:44:45] [main/DEBUG] (FabricLoader/Mixin) fabric-lifecycle-events-v1.mixins.json:LivingEntityMixin from mod fabric-lifecycle-events-v1->@Inject::getEquipmentChanges(Lorg/spongepowered/asm/mixin/injection/callback/CallbackInfoReturnable;Ljava/util/Map;[Lnet/minecraft/entity/EquipmentSlot;IILnet/minecraft/entity/EquipmentSlot;Lnet/minecraft/item/ItemStack;Lnet/minecraft/item/ItemStack;)V doesn't use it's CallbackInfoReturnable
[14:44:45] [main/DEBUG] (FabricLoader/Mixin) fabric-lifecycle-events-v1.mixins.json:LivingEntityMixin from mod fabric-lifecycle-events-v1->@Inject::getEquipmentChanges(Lorg/spongepowered/asm/mixin/injection/callback/CallbackInfoReturnable;Ljava/util/Map;[Lnet/minecraft/entity/EquipmentSlot;IILnet/minecraft/entity/EquipmentSlot;Lnet/minecraft/item/ItemStack;Lnet/minecraft/item/ItemStack;)V has 0 override(s) in child classes
[14:44:45] [main/DEBUG] (FabricLoader/Mixin) fabric-lifecycle-events-v1.mixins.json:LivingEntityMixin from mod fabric-lifecycle-events-v1->@Inject::getEquipmentChanges(Lorg/spongepowered/asm/mixin/injection/callback/CallbackInfoReturnable;Ljava/util/Map;[Lnet/minecraft/entity/EquipmentSlot;IILnet/minecraft/entity/EquipmentSlot;Lnet/minecraft/item/ItemStack;Lnet/minecraft/item/ItemStack;)V won't be passed a CallbackInfoReturnable as a result
[14:44:45] [main/DEBUG] (FabricLoader/Mixin) fabric-entity-events-v1.mixins.json:LivingEntityMixin from mod fabric-entity-events-v1->@Inject::notifyDeath(Lnet/minecraft/entity/damage/DamageSource;Lorg/spongepowered/asm/mixin/injection/callback/CallbackInfo;)V doesn't use it's CallbackInfo
[14:44:45] [main/DEBUG] (FabricLoader/Mixin) fabric-entity-events-v1.mixins.json:LivingEntityMixin from mod fabric-entity-events-v1->@Inject::notifyDeath(Lnet/minecraft/entity/damage/DamageSource;Lorg/spongepowered/asm/mixin/injection/callback/CallbackInfo;)V has 0 override(s) in child classes
[14:44:45] [main/DEBUG] (FabricLoader/Mixin) fabric-entity-events-v1.mixins.json:LivingEntityMixin from mod fabric-entity-events-v1->@Inject::notifyDeath(Lnet/minecraft/entity/damage/DamageSource;Lorg/spongepowered/asm/mixin/injection/callback/CallbackInfo;)V won't be passed a CallbackInfo as a result
[14:44:45] [main/DEBUG] (FabricLoader/Mixin) fabric-entity-events-v1.mixins.json:LivingEntityMixin from mod fabric-entity-events-v1->@Inject::beforeDamage(Lnet/minecraft/entity/damage/DamageSource;FLorg/spongepowered/asm/mixin/injection/callback/CallbackInfoReturnable;)V does use it's CallbackInfoReturnable
[14:44:45] [main/DEBUG] (FabricLoader/Mixin) fabric-entity-events-v1.mixins.json:LivingEntityMixin from mod fabric-entity-events-v1->@Inject::onSleep(Lnet/minecraft/util/math/BlockPos;Lorg/spongepowered/asm/mixin/injection/callback/CallbackInfo;)V doesn't use it's CallbackInfo
[14:44:45] [main/DEBUG] (FabricLoader/Mixin) fabric-entity-events-v1.mixins.json:LivingEntityMixin from mod fabric-entity-events-v1->@Inject::onSleep(Lnet/minecraft/util/math/BlockPos;Lorg/spongepowered/asm/mixin/injection/callback/CallbackInfo;)V has 0 override(s) in child classes
[14:44:45] [main/DEBUG] (FabricLoader/Mixin) fabric-entity-events-v1.mixins.json:LivingEntityMixin from mod fabric-entity-events-v1->@Inject::onSleep(Lnet/minecraft/util/math/BlockPos;Lorg/spongepowered/asm/mixin/injection/callback/CallbackInfo;)V won't be passed a CallbackInfo as a result
[14:44:45] [main/DEBUG] (FabricLoader/Mixin) fabric-entity-events-v1.mixins.json:LivingEntityMixin from mod fabric-entity-events-v1->@Inject::onWakeUp(Lorg/spongepowered/asm/mixin/injection/callback/CallbackInfo;)V doesn't use it's CallbackInfo
[14:44:45] [main/DEBUG] (FabricLoader/Mixin) fabric-entity-events-v1.mixins.json:LivingEntityMixin from mod fabric-entity-events-v1->@Inject::onWakeUp(Lorg/spongepowered/asm/mixin/injection/callback/CallbackInfo;)V has 0 override(s) in child classes
[14:44:45] [main/DEBUG] (FabricLoader/Mixin) fabric-entity-events-v1.mixins.json:LivingEntityMixin from mod fabric-entity-events-v1->@Inject::onWakeUp(Lorg/spongepowered/asm/mixin/injection/callback/CallbackInfo;)V won't be passed a CallbackInfo as a result
[14:44:45] [main/DEBUG] (FabricLoader/Mixin) fabric-entity-events-v1.mixins.json:LivingEntityMixin from mod fabric-entity-events-v1->@Inject::onIsSleepingInBed(Lnet/minecraft/util/math/BlockPos;Lorg/spongepowered/asm/mixin/injection/callback/CallbackInfoReturnable;)V does use it's CallbackInfoReturnable
[14:44:45] [main/DEBUG] (FabricLoader/Mixin) fabric-entity-events-v1.mixins.json:elytra.LivingEntityMixin from mod fabric-entity-events-v1->@Inject::injectElytraTick(Lorg/spongepowered/asm/mixin/injection/callback/CallbackInfo;)V does use it's CallbackInfo
[14:44:45] [main/DEBUG] (FabricLoader/Mixin) fabric-item-api-v1.mixins.json:LivingEntityMixin from mod fabric-item-api-v1->@Inject::onGetPreferredEquipmentSlot(Lnet/minecraft/item/ItemStack;Lorg/spongepowered/asm/mixin/injection/callback/CallbackInfoReturnable;)V does use it's CallbackInfoReturnable
[14:44:45] [main/DEBUG] (FabricLoader/Mixin) Mixing WorldMixin from fabric-lifecycle-events-v1.mixins.json into net.minecraft.world.World
[14:44:45] [main/DEBUG] (FabricLoader/Mixin) fabric-lifecycle-events-v1.mixins.json:WorldMixin from mod fabric-lifecycle-events-v1: Class version 61 required is higher than the class version supported by the current version of Mixin (JAVA_16 supports class version 60)
[14:44:45] [main/DEBUG] (FabricLoader/Mixin) Mixing AttachmentTargetsMixin from fabric-data-attachment-api-v1.mixins.json into net.minecraft.world.World
[14:44:45] [main/DEBUG] (FabricLoader/Mixin) Mixing WorldViewMixin from fabric-block-view-api-v2.mixins.json into net.minecraft.world.WorldView
[14:44:45] [main/DEBUG] (FabricLoader/Mixin) Mixing WorldViewMixin from fabric-rendering-data-attachment-v1.mixins.json into net.minecraft.world.WorldView
[14:44:45] [main/DEBUG] (FabricLoader/Mixin) Mixing BlockViewMixin from fabric-block-view-api-v2.mixins.json into net.minecraft.world.BlockView
[14:44:45] [main/DEBUG] (FabricLoader/Mixin) Mixing ServerWorldMixin from fabric-api-lookup-api-v1.mixins.json into net.minecraft.server.world.ServerWorld
[14:44:45] [main/DEBUG] (FabricLoader/Mixin) fabric-api-lookup-api-v1.mixins.json:ServerWorldMixin from mod fabric-api-lookup-api-v1: Class version 61 required is higher than the class version supported by the current version of Mixin (JAVA_16 supports class version 60)
[14:44:45] [main/DEBUG] (FabricLoader/Mixin) Renaming synthetic method lambda$fabric_invalidateCache$5(Ljava/util/Map$Entry;)Z to mda9fcf3$fabric-api-lookup-api-v1$lambda$fabric_invalidateCache$5$0 in fabric-api-lookup-api-v1.mixins.json:ServerWorldMixin from mod fabric-api-lookup-api-v1
[14:44:45] [main/DEBUG] (FabricLoader/Mixin) Renaming synthetic method lambda$fabric_invalidateCache$4(Ljava/lang/ref/WeakReference;)Z to mda9fcf3$fabric-api-lookup-api-v1$lambda$fabric_invalidateCache$4$1 in fabric-api-lookup-api-v1.mixins.json:ServerWorldMixin from mod fabric-api-lookup-api-v1
[14:44:45] [main/DEBUG] (FabricLoader/Mixin) Renaming synthetic method lambda$fabric_invalidateCache$3(Ljava/lang/ref/WeakReference;)V to mda9fcf3$fabric-api-lookup-api-v1$lambda$fabric_invalidateCache$3$2 in fabric-api-lookup-api-v1.mixins.json:ServerWorldMixin from mod fabric-api-lookup-api-v1
[14:44:45] [main/DEBUG] (FabricLoader/Mixin) Renaming synthetic method lambda$fabric_invalidateCache$2(Ljava/lang/ref/WeakReference;)Z to mda9fcf3$fabric-api-lookup-api-v1$lambda$fabric_invalidateCache$2$3 in fabric-api-lookup-api-v1.mixins.json:ServerWorldMixin from mod fabric-api-lookup-api-v1
[14:44:45] [main/DEBUG] (FabricLoader/Mixin) Renaming synthetic method lambda$fabric_registerCache$1(Ljava/lang/ref/WeakReference;)Z to mda9fcf3$fabric-api-lookup-api-v1$lambda$fabric_registerCache$1$4 in fabric-api-lookup-api-v1.mixins.json:ServerWorldMixin from mod fabric-api-lookup-api-v1
[14:44:45] [main/DEBUG] (FabricLoader/Mixin) Renaming synthetic method lambda$fabric_registerCache$0(Lnet/minecraft/util/math/BlockPos;)Ljava/util/List; to mda9fcf3$fabric-api-lookup-api-v1$lambda$fabric_registerCache$0$5 in fabric-api-lookup-api-v1.mixins.json:ServerWorldMixin from mod fabric-api-lookup-api-v1
[14:44:45] [main/DEBUG] (FabricLoader/Mixin) Mixing ServerWorldMixin from fabric-lifecycle-events-v1.mixins.json into net.minecraft.server.world.ServerWorld
[14:44:45] [main/DEBUG] (FabricLoader/Mixin) fabric-lifecycle-events-v1.mixins.json:ServerWorldMixin from mod fabric-lifecycle-events-v1: Class version 61 required is higher than the class version supported by the current version of Mixin (JAVA_16 supports class version 60)
[14:44:45] [main/DEBUG] (FabricLoader/Mixin) Mixing ServerWorldMixin from fabric-data-attachment-api-v1.mixins.json into net.minecraft.server.world.ServerWorld
[14:44:45] [main/DEBUG] (FabricLoader/Mixin) Renaming synthetic method lambda$createAttachmentsPersistentState$1(Lnet/minecraft/server/world/ServerWorld;)Lnet/fabricmc/fabric/impl/attachment/AttachmentPersistentState; to mda9fcf3$fabric-data-attachment-api-v1$lambda$createAttachmentsPersistentState$1$6 in fabric-data-attachment-api-v1.mixins.json:ServerWorldMixin from mod fabric-data-attachment-api-v1
[14:44:45] [main/DEBUG] (FabricLoader/Mixin) Renaming synthetic method lambda$createAttachmentsPersistentState$0(Lnet/minecraft/server/world/ServerWorld;Lnet/minecraft/nbt/NbtCompound;)Lnet/fabricmc/fabric/impl/attachment/AttachmentPersistentState; to mda9fcf3$fabric-data-attachment-api-v1$lambda$createAttachmentsPersistentState$0$7 in fabric-data-attachment-api-v1.mixins.json:ServerWorldMixin from mod fabric-data-attachment-api-v1
[14:44:45] [main/DEBUG] (FabricLoader/Mixin) fabric-lifecycle-events-v1.mixins.json:ServerWorldMixin from mod fabric-lifecycle-events-v1->@Inject::startWorldTick(Ljava/util/function/BooleanSupplier;Lorg/spongepowered/asm/mixin/injection/callback/CallbackInfo;)V doesn't use it's CallbackInfo
[14:44:45] [main/DEBUG] (FabricLoader/Mixin) fabric-lifecycle-events-v1.mixins.json:ServerWorldMixin from mod fabric-lifecycle-events-v1->@Inject::startWorldTick(Ljava/util/function/BooleanSupplier;Lorg/spongepowered/asm/mixin/injection/callback/CallbackInfo;)V has 0 override(s) in child classes
[14:44:45] [main/DEBUG] (FabricLoader/Mixin) fabric-lifecycle-events-v1.mixins.json:ServerWorldMixin from mod fabric-lifecycle-events-v1->@Inject::startWorldTick(Ljava/util/function/BooleanSupplier;Lorg/spongepowered/asm/mixin/injection/callback/CallbackInfo;)V won't be passed a CallbackInfo as a result
[14:44:45] [main/DEBUG] (FabricLoader/Mixin) fabric-lifecycle-events-v1.mixins.json:ServerWorldMixin from mod fabric-lifecycle-events-v1->@Inject::endWorldTick(Ljava/util/function/BooleanSupplier;Lorg/spongepowered/asm/mixin/injection/callback/CallbackInfo;)V doesn't use it's CallbackInfo
[14:44:45] [main/DEBUG] (FabricLoader/Mixin) fabric-lifecycle-events-v1.mixins.json:ServerWorldMixin from mod fabric-lifecycle-events-v1->@Inject::endWorldTick(Ljava/util/function/BooleanSupplier;Lorg/spongepowered/asm/mixin/injection/callback/CallbackInfo;)V has 0 override(s) in child classes
[14:44:45] [main/DEBUG] (FabricLoader/Mixin) fabric-lifecycle-events-v1.mixins.json:ServerWorldMixin from mod fabric-lifecycle-events-v1->@Inject::endWorldTick(Ljava/util/function/BooleanSupplier;Lorg/spongepowered/asm/mixin/injection/callback/CallbackInfo;)V won't be passed a CallbackInfo as a result
[14:44:45] [main/DEBUG] (FabricLoader/Mixin) fabric-data-attachment-api-v1.mixins.json:ServerWorldMixin from mod fabric-data-attachment-api-v1->@Inject::createAttachmentsPersistentState(Lorg/spongepowered/asm/mixin/injection/callback/CallbackInfo;)V doesn't use it's CallbackInfo
[14:44:45] [main/DEBUG] (FabricLoader/Mixin) fabric-data-attachment-api-v1.mixins.json:ServerWorldMixin from mod fabric-data-attachment-api-v1->@Inject::createAttachmentsPersistentState(Lorg/spongepowered/asm/mixin/injection/callback/CallbackInfo;)V has 0 override(s) in child classes
[14:44:45] [main/DEBUG] (FabricLoader/Mixin) fabric-data-attachment-api-v1.mixins.json:ServerWorldMixin from mod fabric-data-attachment-api-v1->@Inject::createAttachmentsPersistentState(Lorg/spongepowered/asm/mixin/injection/callback/CallbackInfo;)V won't be passed a CallbackInfo as a result
[14:44:45] [main/DEBUG] (FabricLoader/Mixin) Mixing features.render.immediate.DirectionMixin from sodium.mixins.json into net.minecraft.util.math.Direction
[14:44:45] [main/DEBUG] (FabricLoader/Mixin) Mixing IdListMixin from fabric-registry-sync-v0.mixins.json into net.minecraft.util.collection.IdList
[14:44:45] [main/DEBUG] (FabricLoader/Mixin) fabric-registry-sync-v0.mixins.json:IdListMixin from mod fabric-registry-sync-v0: Class version 61 required is higher than the class version supported by the current version of Mixin (JAVA_16 supports class version 60)
[14:44:45] [main/DEBUG] (FabricLoader/Mixin) Renaming synthetic method lambda$fabric_remapIds$0(Lit/unimi/dsi/fastutil/ints/Int2IntMap;Ljava/lang/Object;Ljava/lang/Integer;)Ljava/lang/Integer; to mda9fcf3$fabric-registry-sync-v0$lambda$fabric_remapIds$0$0 in fabric-registry-sync-v0.mixins.json:IdListMixin from mod fabric-registry-sync-v0
[14:44:45] [main/DEBUG] (FabricLoader/Mixin) Mixing features.options.render_layers.LeavesBlockMixin from sodium.mixins.json into net.minecraft.block.LeavesBlock
[14:44:45] [main/DEBUG] (FabricLoader/Mixin) Mixing DetectorRailBlockMixin from fabric-object-builder-v1.mixins.json into net.minecraft.block.DetectorRailBlock
[14:44:45] [main/DEBUG] (FabricLoader/Mixin) fabric-object-builder-v1.mixins.json:DetectorRailBlockMixin from mod fabric-object-builder-api-v1: Class version 61 required is higher than the class version supported by the current version of Mixin (JAVA_16 supports class version 60)
[14:44:45] [main/DEBUG] (FabricLoader/Mixin) Renaming synthetic method lambda$getCustomComparatorOutput$0(Lnet/minecraft/entity/Entity;)Z to mda9fcf3$fabric-object-builder-api-v1$lambda$getCustomComparatorOutput$0$0 in fabric-object-builder-v1.mixins.json:DetectorRailBlockMixin from mod fabric-object-builder-api-v1
[14:44:45] [main/DEBUG] (FabricLoader/Mixin) fabric-object-builder-v1.mixins.json:DetectorRailBlockMixin from mod fabric-object-builder-api-v1->@Inject::getCustomComparatorOutput(Lnet/minecraft/block/BlockState;Lnet/minecraft/world/World;Lnet/minecraft/util/math/BlockPos;Lorg/spongepowered/asm/mixin/injection/callback/CallbackInfoReturnable;)V does use it's CallbackInfoReturnable
[14:44:45] [main/DEBUG] (FabricLoader/Mixin) Mixing DropperBlockMixin from fabric-transfer-api-v1.mixins.json into net.minecraft.block.DropperBlock
[14:44:45] [main/DEBUG] (FabricLoader/Mixin) fabric-transfer-api-v1.mixins.json:DropperBlockMixin from mod fabric-transfer-api-v1: Class version 61 required is higher than the class version supported by the current version of Mixin (JAVA_16 supports class version 60)
[14:44:45] [main/DEBUG] (FabricLoader/Mixin) Renaming synthetic method lambda$hookDispense$0(Lnet/fabricmc/fabric/api/transfer/v1/item/ItemVariant;)Z to mda9fcf3$fabric-transfer-api-v1$lambda$hookDispense$0$0 in fabric-transfer-api-v1.mixins.json:DropperBlockMixin from mod fabric-transfer-api-v1
[14:44:45] [main/DEBUG] (FabricLoader/Mixin) fabric-transfer-api-v1.mixins.json:DropperBlockMixin from mod fabric-transfer-api-v1->@Inject::hookDispense(Lnet/minecraft/server/world/ServerWorld;Lnet/minecraft/util/math/BlockPos;Lorg/spongepowered/asm/mixin/injection/callback/CallbackInfo;)V does use it's CallbackInfo
[14:44:45] [main/DEBUG] (FabricLoader/Mixin) Mixing BeehiveBlockMixin from fabric-events-interaction-v0.mixins.json into net.minecraft.block.BeehiveBlock
[14:44:45] [main/DEBUG] (FabricLoader/Mixin) fabric-events-interaction-v0.mixins.json:BeehiveBlockMixin from mod fabric-events-interaction-v0: Class version 61 required is higher than the class version supported by the current version of Mixin (JAVA_16 supports class version 60)
[14:44:45] [main/DEBUG] (FabricLoader/Mixin) fabric-events-interaction-v0.mixins.json:BeehiveBlockMixin from mod fabric-events-interaction-v0->@Inject::afterNearbyBeesPlayers(Lnet/minecraft/world/World;Lnet/minecraft/util/math/BlockPos;Lorg/spongepowered/asm/mixin/injection/callback/CallbackInfo;Ljava/util/List;Ljava/util/List;)V does use it's CallbackInfo
[14:44:45] [main/DEBUG] (FabricLoader/Mixin) Mixing OxidizableMixin from fabric-content-registries-v0.mixins.json into net.minecraft.block.Oxidizable
[14:44:45] [main/DEBUG] (FabricLoader/Mixin) fabric-content-registries-v0.mixins.json:OxidizableMixin from mod fabric-content-registries-v0: Class version 61 required is higher than the class version supported by the current version of Mixin (JAVA_16 supports class version 60)
[14:44:45] [main/DEBUG] (FabricLoader/Mixin) fabric-content-registries-v0.mixins.json:OxidizableMixin from mod fabric-content-registries-v0->@Inject::createOxidationLevelIncreasesMap(Lorg/spongepowered/asm/mixin/injection/callback/CallbackInfoReturnable;)V does use it's CallbackInfoReturnable
[14:44:45] [main/DEBUG] (FabricLoader/Mixin) Mixing AbstractBlockSettingsAccessor from fabric-object-builder-v1.mixins.json into net.minecraft.block.AbstractBlock$Settings
[14:44:45] [main/DEBUG] (FabricLoader/Mixin) fabric-object-builder-v1.mixins.json:AbstractBlockSettingsAccessor from mod fabric-object-builder-api-v1: Class version 61 required is higher than the class version supported by the current version of Mixin (JAVA_16 supports class version 60)
[14:44:45] [main/DEBUG] (FabricLoader/Mixin) Mixing BlockStateMixin from fabric-block-api-v1.mixins.json into net.minecraft.block.BlockState
[14:44:45] [main/DEBUG] (FabricLoader/Mixin) Mixing MixinBlockStateBehavior from mixins.iris.json into net.minecraft.block.AbstractBlock$AbstractBlockState
[14:44:45] [main/DEBUG] (FabricLoader/Mixin) mixins.iris.json:MixinBlockStateBehavior from mod iris: Class version 61 required is higher than the class version supported by the current version of Mixin (JAVA_8 supports class version 52)
[14:44:45] [main/DEBUG] (FabricLoader/Mixin) Mixing BlockEntityMixin from fabric-block-view-api-v2.mixins.json into net.minecraft.block.entity.BlockEntity
[14:44:45] [main/DEBUG] (FabricLoader/Mixin) Mixing BlockEntityMixin from fabric-rendering-data-attachment-v1.mixins.json into net.minecraft.block.entity.BlockEntity
[14:44:45] [main/DEBUG] (FabricLoader/Mixin) Mixing AttachmentTargetsMixin from fabric-data-attachment-api-v1.mixins.json into net.minecraft.block.entity.BlockEntity
[14:44:45] [main/DEBUG] (FabricLoader/Mixin) Mixing BlockEntityMixin from fabric-data-attachment-api-v1.mixins.json into net.minecraft.block.entity.BlockEntity
[14:44:45] [main/DEBUG] (FabricLoader/Mixin) fabric-data-attachment-api-v1.mixins.json:BlockEntityMixin from mod fabric-data-attachment-api-v1->@Inject::readBlockEntityAttachments(Lnet/minecraft/nbt/NbtCompound;Ljava/lang/String;Lnet/minecraft/block/entity/BlockEntity;Lorg/spongepowered/asm/mixin/injection/callback/CallbackInfoReturnable;)V doesn't use it's CallbackInfoReturnable
[14:44:45] [main/DEBUG] (FabricLoader/Mixin) fabric-data-attachment-api-v1.mixins.json:BlockEntityMixin from mod fabric-data-attachment-api-v1->@Inject::writeBlockEntityAttachments(Lorg/spongepowered/asm/mixin/injection/callback/CallbackInfoReturnable;)V does use it's CallbackInfoReturnable
[14:44:45] [main/DEBUG] (FabricLoader/Mixin) Mixing NamedScreenHandlerFactoryMixin from fabric-screen-handler-api-v1.mixins.json into net.minecraft.screen.NamedScreenHandlerFactory
[14:44:45] [main/DEBUG] (FabricLoader/Mixin) fabric-screen-handler-api-v1.mixins.json:NamedScreenHandlerFactoryMixin from mod fabric-screen-handler-api-v1: Class version 61 required is higher than the class version supported by the current version of Mixin (JAVA_16 supports class version 60)
[14:44:45] [main/DEBUG] (FabricLoader/Mixin) Mixing LootableContainerBlockEntityMixin from fabric-transfer-api-v1.mixins.json into net.minecraft.block.entity.LootableContainerBlockEntity
[14:44:45] [main/DEBUG] (FabricLoader/Mixin) fabric-transfer-api-v1.mixins.json:LootableContainerBlockEntityMixin from mod fabric-transfer-api-v1: Class version 61 required is higher than the class version supported by the current version of Mixin (JAVA_16 supports class version 60)
[14:44:46] [main/DEBUG] (FabricLoader/Mixin) Mixing ChiseledBookshelfBlockEntityMixin from fabric-transfer-api-v1.mixins.json into net.minecraft.block.entity.ChiseledBookshelfBlockEntity
[14:44:46] [main/DEBUG] (FabricLoader/Mixin) fabric-transfer-api-v1.mixins.json:ChiseledBookshelfBlockEntityMixin from mod fabric-transfer-api-v1: Class version 61 required is higher than the class version supported by the current version of Mixin (JAVA_16 supports class version 60)
[14:44:46] [main/DEBUG] (FabricLoader/Mixin) fabric-transfer-api-v1.mixins.json:ChiseledBookshelfBlockEntityMixin from mod fabric-transfer-api-v1->@Inject::setStackBypass(ILnet/minecraft/item/ItemStack;Lorg/spongepowered/asm/mixin/injection/callback/CallbackInfo;)V does use it's CallbackInfo
[14:44:46] [main/DEBUG] (FabricLoader/Mixin) Mixing AbstractFurnaceBlockEntityMixin from fabric-item-api-v1.mixins.json into net.minecraft.block.entity.AbstractFurnaceBlockEntity
[14:44:46] [main/DEBUG] (FabricLoader/Mixin) fabric-item-api-v1.mixins.json:AbstractFurnaceBlockEntityMixin from mod fabric-item-api-v1: Class version 61 required is higher than the class version supported by the current version of Mixin (JAVA_16 supports class version 60)
[14:44:46] [main/DEBUG] (FabricLoader/Mixin) Mixing AbstractFurnaceBlockEntityMixin from fabric-transfer-api-v1.mixins.json into net.minecraft.block.entity.AbstractFurnaceBlockEntity
[14:44:46] [main/DEBUG] (FabricLoader/Mixin) fabric-transfer-api-v1.mixins.json:AbstractFurnaceBlockEntityMixin from mod fabric-transfer-api-v1: Class version 61 required is higher than the class version supported by the current version of Mixin (JAVA_16 supports class version 60)
[14:44:46] [main/DEBUG] (FabricLoader/Mixin) Mixing AbstractFurnaceBlockEntityMixin from fabric-content-registries-v0.mixins.json into net.minecraft.block.entity.AbstractFurnaceBlockEntity
[14:44:46] [main/DEBUG] (FabricLoader/Mixin) fabric-content-registries-v0.mixins.json:AbstractFurnaceBlockEntityMixin from mod fabric-content-registries-v0: Class version 61 required is higher than the class version supported by the current version of Mixin (JAVA_16 supports class version 60)
[14:44:46] [main/DEBUG] (FabricLoader/Mixin) fabric-item-api-v1.mixins.json:AbstractFurnaceBlockEntityMixin from mod fabric-item-api-v1->@Inject::getStackRemainder(Lnet/minecraft/world/World;Lnet/minecraft/util/math/BlockPos;Lnet/minecraft/block/BlockState;Lnet/minecraft/block/entity/AbstractFurnaceBlockEntity;Lorg/spongepowered/asm/mixin/injection/callback/CallbackInfo;ZZLnet/minecraft/item/ItemStack;ZZLnet/minecraft/recipe/Recipe;I)V doesn't use it's CallbackInfo
[14:44:46] [main/DEBUG] (FabricLoader/Mixin) fabric-transfer-api-v1.mixins.json:AbstractFurnaceBlockEntityMixin from mod fabric-transfer-api-v1->@Inject::setStackSuppressUpdate(ILnet/minecraft/item/ItemStack;Lorg/spongepowered/asm/mixin/injection/callback/CallbackInfo;)V does use it's CallbackInfo
[14:44:46] [main/DEBUG] (FabricLoader/Mixin) fabric-content-registries-v0.mixins.json:AbstractFurnaceBlockEntityMixin from mod fabric-content-registries-v0->@Inject::fuelTimeMapHook(Lorg/spongepowered/asm/mixin/injection/callback/CallbackInfoReturnable;)V does use it's CallbackInfoReturnable
[14:44:46] [main/DEBUG] (FabricLoader/Mixin) Mixing JukeboxBlockEntityMixin from fabric-transfer-api-v1.mixins.json into net.minecraft.block.entity.JukeboxBlockEntity
[14:44:46] [main/DEBUG] (FabricLoader/Mixin) fabric-transfer-api-v1.mixins.json:JukeboxBlockEntityMixin from mod fabric-transfer-api-v1: Class version 61 required is higher than the class version supported by the current version of Mixin (JAVA_16 supports class version 60)
[14:44:46] [main/DEBUG] (FabricLoader/Mixin) fabric-transfer-api-v1.mixins.json:JukeboxBlockEntityMixin from mod fabric-transfer-api-v1->@Inject::setStackBypass(ILnet/minecraft/item/ItemStack;Lorg/spongepowered/asm/mixin/injection/callback/CallbackInfo;)V does use it's CallbackInfo
[14:44:46] [main/DEBUG] (FabricLoader/Mixin) Mixing MobEntityMixin from fabric-entity-events-v1.mixins.json into net.minecraft.entity.mob.MobEntity
[14:44:46] [main/DEBUG] (FabricLoader/Mixin) fabric-entity-events-v1.mixins.json:MobEntityMixin from mod fabric-entity-events-v1: Class version 61 required is higher than the class version supported by the current version of Mixin (JAVA_16 supports class version 60)
[14:44:46] [main/DEBUG] (FabricLoader/Mixin) Mixing BrewingStandBlockEntityMixin from fabric-item-api-v1.mixins.json into net.minecraft.block.entity.BrewingStandBlockEntity
[14:44:46] [main/DEBUG] (FabricLoader/Mixin) fabric-item-api-v1.mixins.json:BrewingStandBlockEntityMixin from mod fabric-item-api-v1: Class version 61 required is higher than the class version supported by the current version of Mixin (JAVA_16 supports class version 60)
[14:44:46] [main/DEBUG] (FabricLoader/Mixin) fabric-item-api-v1.mixins.json:BrewingStandBlockEntityMixin from mod fabric-item-api-v1->@Inject::captureItemStack(Lnet/minecraft/world/World;Lnet/minecraft/util/math/BlockPos;Lnet/minecraft/util/collection/DefaultedList;Lorg/spongepowered/asm/mixin/injection/callback/CallbackInfo;Lnet/minecraft/item/ItemStack;)V doesn't use it's CallbackInfo
[14:44:46] [main/DEBUG] (FabricLoader/Mixin) Mixing ItemStackMixin from fabric-item-api-v1.mixins.json into net.minecraft.item.ItemStack
[14:44:46] [main/DEBUG] (FabricLoader/Mixin) fabric-item-api-v1.mixins.json:ItemStackMixin from mod fabric-item-api-v1: Class version 61 required is higher than the class version supported by the current version of Mixin (JAVA_16 supports class version 60)
[14:44:46] [main/DEBUG] (FabricLoader/Mixin) Mixing ItemStackMixin from fabric-item-api-v1.client.mixins.json into net.minecraft.item.ItemStack
[14:44:46] [main/DEBUG] (FabricLoader/Mixin) fabric-item-api-v1.client.mixins.json:ItemStackMixin from mod fabric-item-api-v1: Class version 61 required is higher than the class version supported by the current version of Mixin (JAVA_16 supports class version 60)
[14:44:46] [main/DEBUG] (FabricLoader/Mixin) fabric-item-api-v1.mixins.json:ItemStackMixin from mod fabric-item-api-v1->@Inject::saveDamager(ILnet/minecraft/entity/LivingEntity;Ljava/util/function/Consumer;Lorg/spongepowered/asm/mixin/injection/callback/CallbackInfo;)V doesn't use it's CallbackInfo
[14:44:46] [main/DEBUG] (FabricLoader/Mixin) fabric-item-api-v1.mixins.json:ItemStackMixin from mod fabric-item-api-v1->@Inject::clearDamage(ILnet/minecraft/entity/LivingEntity;Ljava/util/function/Consumer;Lorg/spongepowered/asm/mixin/injection/callback/CallbackInfo;)V doesn't use it's CallbackInfo
[14:44:46] [main/DEBUG] (FabricLoader/Mixin) fabric-item-api-v1.mixins.json:ItemStackMixin from mod fabric-item-api-v1->@Inject::clearDamage(ILnet/minecraft/entity/LivingEntity;Ljava/util/function/Consumer;Lorg/spongepowered/asm/mixin/injection/callback/CallbackInfo;)V doesn't use it's CallbackInfo
[14:44:46] [main/DEBUG] (FabricLoader/Mixin) fabric-item-api-v1.mixins.json:ItemStackMixin from mod fabric-item-api-v1->@Inject::clearDamage(ILnet/minecraft/entity/LivingEntity;Ljava/util/function/Consumer;Lorg/spongepowered/asm/mixin/injection/callback/CallbackInfo;)V doesn't use it's CallbackInfo
[14:44:46] [main/DEBUG] (FabricLoader/Mixin) fabric-item-api-v1.client.mixins.json:ItemStackMixin from mod fabric-item-api-v1->@Inject::getTooltip(Lnet/minecraft/entity/player/PlayerEntity;Lnet/minecraft/client/item/TooltipContext;Lorg/spongepowered/asm/mixin/injection/callback/CallbackInfoReturnable;)V does use it's CallbackInfoReturnable
[14:44:46] [main/DEBUG] (FabricLoader/Mixin) Mixing HopperBlockEntityMixin from fabric-transfer-api-v1.mixins.json into net.minecraft.block.entity.HopperBlockEntity
[14:44:46] [main/DEBUG] (FabricLoader/Mixin) fabric-transfer-api-v1.mixins.json:HopperBlockEntityMixin from mod fabric-transfer-api-v1: Class version 61 required is higher than the class version supported by the current version of Mixin (JAVA_16 supports class version 60)
[14:44:46] [main/DEBUG] (FabricLoader/Mixin) Renaming synthetic method lambda$hookExtract$1(Lnet/fabricmc/fabric/api/transfer/v1/item/ItemVariant;)Z to mda9fcf3$fabric-transfer-api-v1$lambda$hookExtract$1$0 in fabric-transfer-api-v1.mixins.json:HopperBlockEntityMixin from mod fabric-transfer-api-v1
[14:44:46] [main/DEBUG] (FabricLoader/Mixin) Renaming synthetic method lambda$hookInsert$0(Lnet/fabricmc/fabric/api/transfer/v1/item/ItemVariant;)Z to mda9fcf3$fabric-transfer-api-v1$lambda$hookInsert$0$1 in fabric-transfer-api-v1.mixins.json:HopperBlockEntityMixin from mod fabric-transfer-api-v1
[14:44:46] [main/DEBUG] (FabricLoader/Mixin) fabric-transfer-api-v1.mixins.json:HopperBlockEntityMixin from mod fabric-transfer-api-v1->@Inject::hookInsert(Lnet/minecraft/world/World;Lnet/minecraft/util/math/BlockPos;Lnet/minecraft/block/BlockState;Lnet/minecraft/inventory/Inventory;Lorg/spongepowered/asm/mixin/injection/callback/CallbackInfoReturnable;Lnet/minecraft/inventory/Inventory;)V does use it's CallbackInfoReturnable
[14:44:46] [main/DEBUG] (FabricLoader/Mixin) fabric-transfer-api-v1.mixins.json:HopperBlockEntityMixin from mod fabric-transfer-api-v1->@Inject::hookExtract(Lnet/minecraft/world/World;Lnet/minecraft/block/entity/Hopper;Lorg/spongepowered/asm/mixin/injection/callback/CallbackInfoReturnable;Lnet/minecraft/inventory/Inventory;)V does use it's CallbackInfoReturnable
[14:44:46] [main/DEBUG] (FabricLoader/Mixin) Mixing TadpoleEntityMixin from fabric-entity-events-v1.mixins.json into net.minecraft.entity.passive.TadpoleEntity
[14:44:46] [main/DEBUG] (FabricLoader/Mixin) fabric-entity-events-v1.mixins.json:TadpoleEntityMixin from mod fabric-entity-events-v1: Class version 61 required is higher than the class version supported by the current version of Mixin (JAVA_16 supports class version 60)
[14:44:47] [main/DEBUG] (FabricLoader/Mixin) Mixing ArmorItemMixin from fabric-item-api-v1.mixins.json into net.minecraft.item.ArmorItem
[14:44:47] [main/DEBUG] (FabricLoader/Mixin) fabric-item-api-v1.mixins.json:ArmorItemMixin from mod fabric-item-api-v1: Class version 61 required is higher than the class version supported by the current version of Mixin (JAVA_16 supports class version 60)
[14:44:47] [main/DEBUG] (FabricLoader/Mixin) Mixing SwordItemMixin from fabric-mining-level-api-v1.mixins.json into net.minecraft.item.SwordItem
[14:44:47] [main/DEBUG] (FabricLoader/Mixin) fabric-mining-level-api-v1.mixins.json:SwordItemMixin from mod fabric-mining-level-api-v1: Class version 61 required is higher than the class version supported by the current version of Mixin (JAVA_16 supports class version 60)
[14:44:47] [main/DEBUG] (FabricLoader/Mixin) fabric-mining-level-api-v1.mixins.json:SwordItemMixin from mod fabric-mining-level-api-v1->@Inject::fabric$onIsSuitableFor(Lnet/minecraft/block/BlockState;Lorg/spongepowered/asm/mixin/injection/callback/CallbackInfoReturnable;)V does use it's CallbackInfoReturnable
[14:44:47] [main/DEBUG] (FabricLoader/Mixin) fabric-mining-level-api-v1.mixins.json:SwordItemMixin from mod fabric-mining-level-api-v1->@Inject::fabric$onGetMiningSpeedMultiplier(Lnet/minecraft/item/ItemStack;Lnet/minecraft/block/BlockState;Lorg/spongepowered/asm/mixin/injection/callback/CallbackInfoReturnable;)V does use it's CallbackInfoReturnable
[14:44:47] [main/DEBUG] (FabricLoader/Mixin) fabric-mining-level-api-v1.mixins.json:SwordItemMixin from mod fabric-mining-level-api-v1->@Inject::fabric$onGetMiningSpeedMultiplier(Lnet/minecraft/item/ItemStack;Lnet/minecraft/block/BlockState;Lorg/spongepowered/asm/mixin/injection/callback/CallbackInfoReturnable;)V does use it's CallbackInfoReturnable
[14:44:47] [main/DEBUG] (FabricLoader/Mixin) Mixing ShovelItemAccessor from fabric-content-registries-v0.mixins.json into net.minecraft.item.ShovelItem
[14:44:47] [main/DEBUG] (FabricLoader/Mixin) fabric-content-registries-v0.mixins.json:ShovelItemAccessor from mod fabric-content-registries-v0: Class version 61 required is higher than the class version supported by the current version of Mixin (JAVA_16 supports class version 60)
[14:44:47] [main/DEBUG] (FabricLoader/Mixin) Renaming @Accessor method getPathStates()Ljava/util/Map; to getPathStates$fabric-content-registries-v0_$md$a9fcf3$0 in fabric-content-registries-v0.mixins.json:ShovelItemAccessor from mod fabric-content-registries-v0
[14:44:47] [main/DEBUG] (FabricLoader/Mixin) Mixing MiningToolItemMixin from fabric-mining-level-api-v1.mixins.json into net.minecraft.item.MiningToolItem
[14:44:47] [main/DEBUG] (FabricLoader/Mixin) fabric-mining-level-api-v1.mixins.json:MiningToolItemMixin from mod fabric-mining-level-api-v1: Class version 61 required is higher than the class version supported by the current version of Mixin (JAVA_16 supports class version 60)
[14:44:47] [main/DEBUG] (FabricLoader/Mixin) fabric-mining-level-api-v1.mixins.json:MiningToolItemMixin from mod fabric-mining-level-api-v1->@Inject::fabric$onIsSuitableFor(Lnet/minecraft/block/BlockState;Lorg/spongepowered/asm/mixin/injection/callback/CallbackInfoReturnable;I)V does use it's CallbackInfoReturnable
[14:44:47] [main/DEBUG] (FabricLoader/Mixin) Mixing AxeItemAccessor from fabric-content-registries-v0.mixins.json into net.minecraft.item.AxeItem
[14:44:47] [main/DEBUG] (FabricLoader/Mixin) fabric-content-registries-v0.mixins.json:AxeItemAccessor from mod fabric-content-registries-v0: Class version 61 required is higher than the class version supported by the current version of Mixin (JAVA_16 supports class version 60)
[14:44:47] [main/DEBUG] (FabricLoader/Mixin) Renaming @Accessor method getStrippedBlocks()Ljava/util/Map; to getStrippedBlocks$fabric-content-registries-v0_$md$a9fcf3$0 in fabric-content-registries-v0.mixins.json:AxeItemAccessor from mod fabric-content-registries-v0
[14:44:47] [main/DEBUG] (FabricLoader/Mixin) Renaming @Accessor method setStrippedBlocks(Ljava/util/Map;)V to setStrippedBlocks$fabric-content-registries-v0_$md$a9fcf3$1 in fabric-content-registries-v0.mixins.json:AxeItemAccessor from mod fabric-content-registries-v0
[14:44:47] [main/DEBUG] (FabricLoader/Mixin) Mixing HoeItemAccessor from fabric-content-registries-v0.mixins.json into net.minecraft.item.HoeItem
[14:44:47] [main/DEBUG] (FabricLoader/Mixin) fabric-content-registries-v0.mixins.json:HoeItemAccessor from mod fabric-content-registries-v0: Class version 61 required is higher than the class version supported by the current version of Mixin (JAVA_16 supports class version 60)
[14:44:47] [main/DEBUG] (FabricLoader/Mixin) Renaming @Accessor method getTillingActions()Ljava/util/Map; to getTillingActions$fabric-content-registries-v0_$md$a9fcf3$0 in fabric-content-registries-v0.mixins.json:HoeItemAccessor from mod fabric-content-registries-v0
[14:44:47] [main/DEBUG] (FabricLoader/Mixin) Mixing BucketItemAccessor from fabric-transfer-api-v1.mixins.json into net.minecraft.item.BucketItem
[14:44:47] [main/DEBUG] (FabricLoader/Mixin) fabric-transfer-api-v1.mixins.json:BucketItemAccessor from mod fabric-transfer-api-v1: Class version 61 required is higher than the class version supported by the current version of Mixin (JAVA_16 supports class version 60)
[14:44:47] [main/DEBUG] (FabricLoader/Mixin) Mixing BucketItemMixin from fabric-transfer-api-v1.mixins.json into net.minecraft.item.BucketItem
[14:44:47] [main/DEBUG] (FabricLoader/Mixin) fabric-transfer-api-v1.mixins.json:BucketItemMixin from mod fabric-transfer-api-v1: Class version 61 required is higher than the class version supported by the current version of Mixin (JAVA_16 supports class version 60)
[14:44:47] [main/DEBUG] (FabricLoader/Mixin) Mixing ShearsItemMixin from fabric-mining-level-api-v1.mixins.json into net.minecraft.item.ShearsItem
[14:44:47] [main/DEBUG] (FabricLoader/Mixin) fabric-mining-level-api-v1.mixins.json:ShearsItemMixin from mod fabric-mining-level-api-v1: Class version 61 required is higher than the class version supported by the current version of Mixin (JAVA_16 supports class version 60)
[14:44:47] [main/DEBUG] (FabricLoader/Mixin) fabric-mining-level-api-v1.mixins.json:ShearsItemMixin from mod fabric-mining-level-api-v1->@Inject::fabric$onIsSuitableFor(Lnet/minecraft/block/BlockState;Lorg/spongepowered/asm/mixin/injection/callback/CallbackInfoReturnable;)V does use it's CallbackInfoReturnable
[14:44:47] [main/DEBUG] (FabricLoader/Mixin) fabric-mining-level-api-v1.mixins.json:ShearsItemMixin from mod fabric-mining-level-api-v1->@Inject::fabric$onGetMiningSpeedMultiplier(Lnet/minecraft/item/ItemStack;Lnet/minecraft/block/BlockState;Lorg/spongepowered/asm/mixin/injection/callback/CallbackInfoReturnable;)V does use it's CallbackInfoReturnable
[14:44:47] [main/DEBUG] (FabricLoader/Mixin) fabric-mining-level-api-v1.mixins.json:ShearsItemMixin from mod fabric-mining-level-api-v1->@Inject::fabric$onGetMiningSpeedMultiplier(Lnet/minecraft/item/ItemStack;Lnet/minecraft/block/BlockState;Lorg/spongepowered/asm/mixin/injection/callback/CallbackInfoReturnable;)V does use it's CallbackInfoReturnable
[14:44:47] [main/DEBUG] (FabricLoader/Mixin) fabric-mining-level-api-v1.mixins.json:ShearsItemMixin from mod fabric-mining-level-api-v1->@Inject::fabric$onGetMiningSpeedMultiplier(Lnet/minecraft/item/ItemStack;Lnet/minecraft/block/BlockState;Lorg/spongepowered/asm/mixin/injection/callback/CallbackInfoReturnable;)V does use it's CallbackInfoReturnable
[14:44:47] [main/DEBUG] (FabricLoader/Mixin) fabric-mining-level-api-v1.mixins.json:ShearsItemMixin from mod fabric-mining-level-api-v1->@Inject::fabric$onGetMiningSpeedMultiplier(Lnet/minecraft/item/ItemStack;Lnet/minecraft/block/BlockState;Lorg/spongepowered/asm/mixin/injection/callback/CallbackInfoReturnable;)V does use it's CallbackInfoReturnable
[14:44:47] [main/DEBUG] (FabricLoader/Mixin) Mixing HoneycombItemMixin from fabric-content-registries-v0.mixins.json into net.minecraft.item.HoneycombItem
[14:44:47] [main/DEBUG] (FabricLoader/Mixin) fabric-content-registries-v0.mixins.json:HoneycombItemMixin from mod fabric-content-registries-v0: Class version 61 required is higher than the class version supported by the current version of Mixin (JAVA_16 supports class version 60)
[14:44:47] [main/DEBUG] (FabricLoader/Mixin) fabric-content-registries-v0.mixins.json:HoneycombItemMixin from mod fabric-content-registries-v0->@Inject::createUnwaxedToWaxedMap(Lorg/spongepowered/asm/mixin/injection/callback/CallbackInfoReturnable;)V does use it's CallbackInfoReturnable
[14:44:47] [main/DEBUG] (FabricLoader/Mixin) Mixing StructuresToConfiguredStructuresFixMixin from fabric-registry-sync-v0.mixins.json into net.minecraft.datafixer.fix.StructuresToConfiguredStructuresFix
[14:44:47] [main/DEBUG] (FabricLoader/Mixin) fabric-registry-sync-v0.mixins.json:StructuresToConfiguredStructuresFixMixin from mod fabric-registry-sync-v0: Class version 61 required is higher than the class version supported by the current version of Mixin (JAVA_16 supports class version 60)
[14:44:47] [main/DEBUG] (FabricLoader/Mixin) fabric-registry-sync-v0.mixins.json:StructuresToConfiguredStructuresFixMixin from mod fabric-registry-sync-v0->@Inject::method_41022(Lcom/mojang/datafixers/util/Pair;Lcom/mojang/serialization/Dynamic;Lorg/spongepowered/asm/mixin/injection/callback/CallbackInfoReturnable;)V does use it's CallbackInfoReturnable
[14:44:47] [main/DEBUG] (FabricLoader/Mixin) Mixing TaggedChoiceTypeMixin from fabric-dimensions-v1.mixins.json into com.mojang.datafixers.types.templates.TaggedChoice$TaggedChoiceType
[14:44:47] [main/DEBUG] (FabricLoader/Mixin) fabric-dimensions-v1.mixins.json:TaggedChoiceTypeMixin from mod fabric-dimensions-v1: Class version 61 required is higher than the class version supported by the current version of Mixin (JAVA_16 supports class version 60)
[14:44:47] [main/DEBUG] (FabricLoader/Mixin) fabric-dimensions-v1.mixins.json:TaggedChoiceTypeMixin from mod fabric-dimensions-v1->@Inject::onGetCodec(Ljava/lang/Object;Lorg/spongepowered/asm/mixin/injection/callback/CallbackInfoReturnable;)V does use it's CallbackInfoReturnable
[14:44:47] [main/DEBUG] (FabricLoader/Mixin) Mixing TaggedChoiceMixin from fabric-dimensions-v1.mixins.json into com.mojang.datafixers.types.templates.TaggedChoice
[14:44:47] [main/DEBUG] (FabricLoader/Mixin) fabric-dimensions-v1.mixins.json:TaggedChoiceMixin from mod fabric-dimensions-v1: Class version 61 required is higher than the class version supported by the current version of Mixin (JAVA_16 supports class version 60)
[14:44:47] [main/DEBUG] (FabricLoader/Mixin) fabric-dimensions-v1.mixins.json:TaggedChoiceMixin from mod fabric-dimensions-v1->@Inject::onApply(Lcom/mojang/datafixers/util/Pair;Lorg/spongepowered/asm/mixin/injection/callback/CallbackInfoReturnable;)V does use it's CallbackInfoReturnable
[14:44:47] [main/DEBUG] (FabricLoader/Mixin) Mixing Schema2832Mixin from fabric-dimensions-v1.mixins.json into net.minecraft.datafixer.schema.Schema2832
[14:44:47] [main/DEBUG] (FabricLoader/Mixin) fabric-dimensions-v1.mixins.json:Schema2832Mixin from mod fabric-dimensions-v1: Class version 61 required is higher than the class version supported by the current version of Mixin (JAVA_16 supports class version 60)
[14:44:47] [Datafixer Bootstrap/INFO] (com.mojang.datafixers.DataFixerBuilder) 188 Datafixer optimizations took 97 milliseconds
[14:44:47] [main/DEBUG] (FabricLoader/Mixin) Mixing PigEntityMixin from fabric-entity-events-v1.mixins.json into net.minecraft.entity.passive.PigEntity
[14:44:47] [main/DEBUG] (FabricLoader/Mixin) fabric-entity-events-v1.mixins.json:PigEntityMixin from mod fabric-entity-events-v1: Class version 61 required is higher than the class version supported by the current version of Mixin (JAVA_16 supports class version 60)
[14:44:47] [main/DEBUG] (FabricLoader/Mixin) Mixing ServerPlayerEntityMixin from fabric-entity-events-v1.mixins.json into net.minecraft.server.network.ServerPlayerEntity
[14:44:47] [main/DEBUG] (FabricLoader/Mixin) fabric-entity-events-v1.mixins.json:ServerPlayerEntityMixin from mod fabric-entity-events-v1: Class version 61 required is higher than the class version supported by the current version of Mixin (JAVA_16 supports class version 60)
[14:44:47] [main/DEBUG] (FabricLoader/Mixin) Mixing EntityMixin from fabric-dimensions-v1.mixins.json into net.minecraft.server.network.ServerPlayerEntity
[14:44:47] [main/DEBUG] (FabricLoader/Mixin) fabric-dimensions-v1.mixins.json:EntityMixin from mod fabric-dimensions-v1: Class version 61 required is higher than the class version supported by the current version of Mixin (JAVA_16 supports class version 60)
[14:44:47] [main/DEBUG] (FabricLoader/Mixin) Mixing ServerPlayerEntityMixin from fabric-events-interaction-v0.mixins.json into net.minecraft.server.network.ServerPlayerEntity
[14:44:47] [main/DEBUG] (FabricLoader/Mixin) fabric-events-interaction-v0.mixins.json:ServerPlayerEntityMixin from mod fabric-events-interaction-v0: Class version 61 required is higher than the class version supported by the current version of Mixin (JAVA_16 supports class version 60)
[14:44:47] [main/DEBUG] (FabricLoader/Mixin) Mixing ServerPlayerEntityAccessor from fabric-containers-v0.mixins.json into net.minecraft.server.network.ServerPlayerEntity
[14:44:47] [main/DEBUG] (FabricLoader/Mixin) fabric-containers-v0.mixins.json:ServerPlayerEntityAccessor from mod fabric-containers-v0: Class version 61 required is higher than the class version supported by the current version of Mixin (JAVA_16 supports class version 60)
[14:44:47] [main/DEBUG] (FabricLoader/Mixin) Mixing ServerPlayerEntityMixin from fabric-containers-v0.accurate.mixins.json into net.minecraft.server.network.ServerPlayerEntity
[14:44:47] [main/DEBUG] (FabricLoader/Mixin) fabric-containers-v0.accurate.mixins.json:ServerPlayerEntityMixin from mod fabric-containers-v0: Class version 61 required is higher than the class version supported by the current version of Mixin (JAVA_16 supports class version 60)
[14:44:47] [main/DEBUG] (FabricLoader/Mixin) Mixing ServerPlayerEntityMixin from fabric-screen-handler-api-v1.mixins.json into net.minecraft.server.network.ServerPlayerEntity
[14:44:47] [main/DEBUG] (FabricLoader/Mixin) fabric-screen-handler-api-v1.mixins.json:ServerPlayerEntityMixin from mod fabric-screen-handler-api-v1: Class version 61 required is higher than the class version supported by the current version of Mixin (JAVA_16 supports class version 60)
[14:44:47] [main/DEBUG] (FabricLoader/Mixin) fabric-entity-events-v1.mixins.json:ServerPlayerEntityMixin from mod fabric-entity-events-v1->@Inject::callOnKillForPlayer(Lnet/minecraft/entity/damage/DamageSource;Lorg/spongepowered/asm/mixin/injection/callback/CallbackInfo;)V doesn't use it's CallbackInfo
[14:44:47] [main/DEBUG] (FabricLoader/Mixin) fabric-entity-events-v1.mixins.json:ServerPlayerEntityMixin from mod fabric-entity-events-v1->@Inject::callOnKillForPlayer(Lnet/minecraft/entity/damage/DamageSource;Lorg/spongepowered/asm/mixin/injection/callback/CallbackInfo;)V has 0 override(s) in child classes
[14:44:47] [main/DEBUG] (FabricLoader/Mixin) fabric-entity-events-v1.mixins.json:ServerPlayerEntityMixin from mod fabric-entity-events-v1->@Inject::callOnKillForPlayer(Lnet/minecraft/entity/damage/DamageSource;Lorg/spongepowered/asm/mixin/injection/callback/CallbackInfo;)V won't be passed a CallbackInfo as a result
[14:44:47] [main/DEBUG] (FabricLoader/Mixin) fabric-entity-events-v1.mixins.json:ServerPlayerEntityMixin from mod fabric-entity-events-v1->@Inject::notifyDeath(Lnet/minecraft/entity/damage/DamageSource;Lorg/spongepowered/asm/mixin/injection/callback/CallbackInfo;)V doesn't use it's CallbackInfo
[14:44:47] [main/DEBUG] (FabricLoader/Mixin) fabric-entity-events-v1.mixins.json:ServerPlayerEntityMixin from mod fabric-entity-events-v1->@Inject::notifyDeath(Lnet/minecraft/entity/damage/DamageSource;Lorg/spongepowered/asm/mixin/injection/callback/CallbackInfo;)V has 0 override(s) in child classes
[14:44:47] [main/DEBUG] (FabricLoader/Mixin) fabric-entity-events-v1.mixins.json:ServerPlayerEntityMixin from mod fabric-entity-events-v1->@Inject::notifyDeath(Lnet/minecraft/entity/damage/DamageSource;Lorg/spongepowered/asm/mixin/injection/callback/CallbackInfo;)V won't be passed a CallbackInfo as a result
[14:44:47] [main/DEBUG] (FabricLoader/Mixin) fabric-entity-events-v1.mixins.json:ServerPlayerEntityMixin from mod fabric-entity-events-v1->@Inject::afterWorldChanged(Lnet/minecraft/server/world/ServerWorld;Lorg/spongepowered/asm/mixin/injection/callback/CallbackInfo;)V doesn't use it's CallbackInfo
[14:44:47] [main/DEBUG] (FabricLoader/Mixin) fabric-entity-events-v1.mixins.json:ServerPlayerEntityMixin from mod fabric-entity-events-v1->@Inject::afterWorldChanged(Lnet/minecraft/server/world/ServerWorld;Lorg/spongepowered/asm/mixin/injection/callback/CallbackInfo;)V has 0 override(s) in child classes
[14:44:47] [main/DEBUG] (FabricLoader/Mixin) fabric-entity-events-v1.mixins.json:ServerPlayerEntityMixin from mod fabric-entity-events-v1->@Inject::afterWorldChanged(Lnet/minecraft/server/world/ServerWorld;Lorg/spongepowered/asm/mixin/injection/callback/CallbackInfo;)V won't be passed a CallbackInfo as a result
[14:44:47] [main/DEBUG] (FabricLoader/Mixin) fabric-entity-events-v1.mixins.json:ServerPlayerEntityMixin from mod fabric-entity-events-v1->@Inject::onCopyFrom(Lnet/minecraft/server/network/ServerPlayerEntity;ZLorg/spongepowered/asm/mixin/injection/callback/CallbackInfo;)V doesn't use it's CallbackInfo
[14:44:47] [main/DEBUG] (FabricLoader/Mixin) fabric-entity-events-v1.mixins.json:ServerPlayerEntityMixin from mod fabric-entity-events-v1->@Inject::onCopyFrom(Lnet/minecraft/server/network/ServerPlayerEntity;ZLorg/spongepowered/asm/mixin/injection/callback/CallbackInfo;)V has 0 override(s) in child classes
[14:44:47] [main/DEBUG] (FabricLoader/Mixin) fabric-entity-events-v1.mixins.json:ServerPlayerEntityMixin from mod fabric-entity-events-v1->@Inject::onCopyFrom(Lnet/minecraft/server/network/ServerPlayerEntity;ZLorg/spongepowered/asm/mixin/injection/callback/CallbackInfo;)V won't be passed a CallbackInfo as a result
[14:44:47] [main/DEBUG] (FabricLoader/Mixin) fabric-entity-events-v1.mixins.json:ServerPlayerEntityMixin from mod fabric-entity-events-v1->@Inject::onTrySleepDirectionCheck(Lnet/minecraft/util/math/BlockPos;Lorg/spongepowered/asm/mixin/injection/callback/CallbackInfoReturnable;Lnet/minecraft/util/math/Direction;)V does use it's CallbackInfoReturnable
[14:44:47] [main/DEBUG] (FabricLoader/Mixin) fabric-dimensions-v1.mixins.json:EntityMixin from mod fabric-dimensions-v1->@Inject::getTeleportTarget(Lnet/minecraft/server/world/ServerWorld;Lorg/spongepowered/asm/mixin/injection/callback/CallbackInfoReturnable;)V does use it's CallbackInfoReturnable
[14:44:47] [main/DEBUG] (FabricLoader/Mixin) fabric-events-interaction-v0.mixins.json:ServerPlayerEntityMixin from mod fabric-events-interaction-v0->@Inject::onPlayerInteractEntity(Lnet/minecraft/entity/Entity;Lorg/spongepowered/asm/mixin/injection/callback/CallbackInfo;)V does use it's CallbackInfo
[14:44:47] [main/DEBUG] (FabricLoader/Mixin) fabric-screen-handler-api-v1.mixins.json:ServerPlayerEntityMixin from mod fabric-screen-handler-api-v1->@Inject::fabric_storeOpenedScreenHandler(Lnet/minecraft/screen/NamedScreenHandlerFactory;Lorg/spongepowered/asm/mixin/injection/callback/CallbackInfoReturnable;Lnet/minecraft/screen/ScreenHandler;)V doesn't use it's CallbackInfoReturnable
[14:44:47] [main/DEBUG] (FabricLoader/Mixin) fabric-screen-handler-api-v1.mixins.json:ServerPlayerEntityMixin from mod fabric-screen-handler-api-v1->@Inject::fabric_storeOpenedScreenHandler(Lnet/minecraft/screen/NamedScreenHandlerFactory;Lorg/spongepowered/asm/mixin/injection/callback/CallbackInfoReturnable;Lnet/minecraft/screen/ScreenHandler;)V has 0 override(s) in child classes
[14:44:47] [main/DEBUG] (FabricLoader/Mixin) fabric-screen-handler-api-v1.mixins.json:ServerPlayerEntityMixin from mod fabric-screen-handler-api-v1->@Inject::fabric_storeOpenedScreenHandler(Lnet/minecraft/screen/NamedScreenHandlerFactory;Lorg/spongepowered/asm/mixin/injection/callback/CallbackInfoReturnable;Lnet/minecraft/screen/ScreenHandler;)V won't be passed a CallbackInfoReturnable as a result
[14:44:47] [main/DEBUG] (FabricLoader/Mixin) Mixing AttachmentTargetsMixin from fabric-data-attachment-api-v1.mixins.json into net.minecraft.world.chunk.Chunk
[14:44:47] [main/DEBUG] (FabricLoader/Mixin) Mixing WorldChunkMixin from fabric-lifecycle-events-v1.client.mixins.json into net.minecraft.world.chunk.WorldChunk
[14:44:47] [main/DEBUG] (FabricLoader/Mixin) fabric-lifecycle-events-v1.client.mixins.json:WorldChunkMixin from mod fabric-lifecycle-events-v1: Class version 61 required is higher than the class version supported by the current version of Mixin (JAVA_16 supports class version 60)
[14:44:47] [main/DEBUG] (FabricLoader/Mixin) Mixing WorldChunkMixin from fabric-data-attachment-api-v1.mixins.json into net.minecraft.world.chunk.WorldChunk
[14:44:47] [main/DEBUG] (FabricLoader/Mixin) fabric-lifecycle-events-v1.client.mixins.json:WorldChunkMixin from mod fabric-lifecycle-events-v1->@Inject::onLoadBlockEntity(Lnet/minecraft/block/entity/BlockEntity;Lorg/spongepowered/asm/mixin/injection/callback/CallbackInfo;Lnet/minecraft/util/math/BlockPos;Lnet/minecraft/block/entity/BlockEntity;)V doesn't use it's CallbackInfo
[14:44:47] [main/DEBUG] (FabricLoader/Mixin) fabric-lifecycle-events-v1.client.mixins.json:WorldChunkMixin from mod fabric-lifecycle-events-v1->@Inject::onLoadBlockEntity(Lnet/minecraft/block/entity/BlockEntity;Lorg/spongepowered/asm/mixin/injection/callback/CallbackInfo;Lnet/minecraft/util/math/BlockPos;Lnet/minecraft/block/entity/BlockEntity;)V has 0 override(s) in child classes
[14:44:47] [main/DEBUG] (FabricLoader/Mixin) fabric-lifecycle-events-v1.client.mixins.json:WorldChunkMixin from mod fabric-lifecycle-events-v1->@Inject::onLoadBlockEntity(Lnet/minecraft/block/entity/BlockEntity;Lorg/spongepowered/asm/mixin/injection/callback/CallbackInfo;Lnet/minecraft/util/math/BlockPos;Lnet/minecraft/block/entity/BlockEntity;)V won't be passed a CallbackInfo as a result
[14:44:47] [main/DEBUG] (FabricLoader/Mixin) fabric-lifecycle-events-v1.client.mixins.json:WorldChunkMixin from mod fabric-lifecycle-events-v1->@Inject::onRemoveBlockEntity(Lnet/minecraft/block/entity/BlockEntity;Lorg/spongepowered/asm/mixin/injection/callback/CallbackInfo;Lnet/minecraft/util/math/BlockPos;Lnet/minecraft/block/entity/BlockEntity;)V doesn't use it's CallbackInfo
[14:44:47] [main/DEBUG] (FabricLoader/Mixin) fabric-lifecycle-events-v1.client.mixins.json:WorldChunkMixin from mod fabric-lifecycle-events-v1->@Inject::onRemoveBlockEntity(Lnet/minecraft/block/entity/BlockEntity;Lorg/spongepowered/asm/mixin/injection/callback/CallbackInfo;Lnet/minecraft/util/math/BlockPos;Lnet/minecraft/block/entity/BlockEntity;)V has 0 override(s) in child classes
[14:44:47] [main/DEBUG] (FabricLoader/Mixin) fabric-lifecycle-events-v1.client.mixins.json:WorldChunkMixin from mod fabric-lifecycle-events-v1->@Inject::onRemoveBlockEntity(Lnet/minecraft/block/entity/BlockEntity;Lorg/spongepowered/asm/mixin/injection/callback/CallbackInfo;Lnet/minecraft/util/math/BlockPos;Lnet/minecraft/block/entity/BlockEntity;)V won't be passed a CallbackInfo as a result
[14:44:47] [main/DEBUG] (FabricLoader/Mixin) fabric-lifecycle-events-v1.client.mixins.json:WorldChunkMixin from mod fabric-lifecycle-events-v1->@Inject::onRemoveBlockEntity(Lnet/minecraft/util/math/BlockPos;Lorg/spongepowered/asm/mixin/injection/callback/CallbackInfo;Lnet/minecraft/block/entity/BlockEntity;)V doesn't use it's CallbackInfo
[14:44:47] [main/DEBUG] (FabricLoader/Mixin) fabric-lifecycle-events-v1.client.mixins.json:WorldChunkMixin from mod fabric-lifecycle-events-v1->@Inject::onRemoveBlockEntity(Lnet/minecraft/util/math/BlockPos;Lorg/spongepowered/asm/mixin/injection/callback/CallbackInfo;Lnet/minecraft/block/entity/BlockEntity;)V has 0 override(s) in child classes
[14:44:47] [main/DEBUG] (FabricLoader/Mixin) fabric-lifecycle-events-v1.client.mixins.json:WorldChunkMixin from mod fabric-lifecycle-events-v1->@Inject::onRemoveBlockEntity(Lnet/minecraft/util/math/BlockPos;Lorg/spongepowered/asm/mixin/injection/callback/CallbackInfo;Lnet/minecraft/block/entity/BlockEntity;)V won't be passed a CallbackInfo as a result
[14:44:47] [main/DEBUG] (FabricLoader/Mixin) fabric-data-attachment-api-v1.mixins.json:WorldChunkMixin from mod fabric-data-attachment-api-v1->@Inject::transferProtoChunkAttachement(Lnet/minecraft/server/world/ServerWorld;Lnet/minecraft/world/chunk/ProtoChunk;Lnet/minecraft/world/chunk/WorldChunk$EntityLoader;Lorg/spongepowered/asm/mixin/injection/callback/CallbackInfo;)V doesn't use it's CallbackInfo
[14:44:47] [main/DEBUG] (FabricLoader/Mixin) fabric-data-attachment-api-v1.mixins.json:WorldChunkMixin from mod fabric-data-attachment-api-v1->@Inject::transferProtoChunkAttachement(Lnet/minecraft/server/world/ServerWorld;Lnet/minecraft/world/chunk/ProtoChunk;Lnet/minecraft/world/chunk/WorldChunk$EntityLoader;Lorg/spongepowered/asm/mixin/injection/callback/CallbackInfo;)V has 0 override(s) in child classes
[14:44:47] [main/DEBUG] (FabricLoader/Mixin) fabric-data-attachment-api-v1.mixins.json:WorldChunkMixin from mod fabric-data-attachment-api-v1->@Inject::transferProtoChunkAttachement(Lnet/minecraft/server/world/ServerWorld;Lnet/minecraft/world/chunk/ProtoChunk;Lnet/minecraft/world/chunk/WorldChunk$EntityLoader;Lorg/spongepowered/asm/mixin/injection/callback/CallbackInfo;)V won't be passed a CallbackInfo as a result
[14:44:47] [main/DEBUG] (FabricLoader/Mixin) Mixing VillagerEntityMixin from fabric-entity-events-v1.mixins.json into net.minecraft.entity.passive.VillagerEntity
[14:44:47] [main/DEBUG] (FabricLoader/Mixin) fabric-entity-events-v1.mixins.json:VillagerEntityMixin from mod fabric-entity-events-v1: Class version 61 required is higher than the class version supported by the current version of Mixin (JAVA_16 supports class version 60)
[14:44:47] [main/DEBUG] (FabricLoader/Mixin) Mixing VillagerEntityAccessor from fabric-content-registries-v0.mixins.json into net.minecraft.entity.passive.VillagerEntity
[14:44:47] [main/DEBUG] (FabricLoader/Mixin) fabric-content-registries-v0.mixins.json:VillagerEntityAccessor from mod fabric-content-registries-v0: Class version 61 required is higher than the class version supported by the current version of Mixin (JAVA_16 supports class version 60)
[14:44:47] [main/DEBUG] (FabricLoader/Mixin) Renaming @Accessor method fabric_setItemFoodValues(Ljava/util/Map;)V to fabric_setItemFoodValues$fabric-content-registries-v0_$md$a9fcf3$0 in fabric-content-registries-v0.mixins.json:VillagerEntityAccessor from mod fabric-content-registries-v0
[14:44:47] [main/DEBUG] (FabricLoader/Mixin) Renaming @Accessor method fabric_setGatherableItems(Ljava/util/Set;)V to fabric_setGatherableItems$fabric-content-registries-v0_$md$a9fcf3$1 in fabric-content-registries-v0.mixins.json:VillagerEntityAccessor from mod fabric-content-registries-v0
[14:44:47] [main/DEBUG] (FabricLoader/Mixin) Renaming @Accessor method fabric_getGatherableItems()Ljava/util/Set; to fabric_getGatherableItems$fabric-content-registries-v0_$md$a9fcf3$2 in fabric-content-registries-v0.mixins.json:VillagerEntityAccessor from mod fabric-content-registries-v0
[14:44:47] [main/DEBUG] (FabricLoader/Mixin) Mixing ingredient.IngredientMixin from fabric-recipe-api-v1.mixins.json into net.minecraft.recipe.Ingredient
[14:44:47] [main/DEBUG] (FabricLoader/Mixin) fabric-recipe-api-v1.mixins.json:ingredient.IngredientMixin from mod fabric-recipe-api-v1->@Inject::injectFromJson(Lcom/google/gson/JsonElement;ZLorg/spongepowered/asm/mixin/injection/callback/CallbackInfoReturnable;)V does use it's CallbackInfoReturnable
[14:44:47] [main/DEBUG] (FabricLoader/Mixin) fabric-recipe-api-v1.mixins.json:ingredient.IngredientMixin from mod fabric-recipe-api-v1->@Inject::injectEntryFromJson(Lcom/google/gson/JsonObject;Lorg/spongepowered/asm/mixin/injection/callback/CallbackInfoReturnable;)V doesn't use it's CallbackInfoReturnable
[14:44:47] [main/DEBUG] (FabricLoader/Mixin) fabric-recipe-api-v1.mixins.json:ingredient.IngredientMixin from mod fabric-recipe-api-v1->@Inject::injectFromPacket(Lnet/minecraft/network/PacketByteBuf;Lorg/spongepowered/asm/mixin/injection/callback/CallbackInfoReturnable;)V does use it's CallbackInfoReturnable
[14:44:47] [main/DEBUG] (FabricLoader/Mixin) Mixing ServerPlayNetworkHandlerMixin from fabric-networking-api-v1.mixins.json into net.minecraft.server.network.ServerPlayNetworkHandler
[14:44:47] [main/DEBUG] (FabricLoader/Mixin) fabric-networking-api-v1.mixins.json:ServerPlayNetworkHandlerMixin from mod fabric-networking-api-v1: Class version 61 required is higher than the class version supported by the current version of Mixin (JAVA_16 supports class version 60)
[14:44:47] [main/DEBUG] (FabricLoader/Mixin) Mixing accessor.ServerPlayNetworkHandlerAccessor from fabric-networking-api-v1.mixins.json into net.minecraft.server.network.ServerPlayNetworkHandler
[14:44:47] [main/DEBUG] (FabricLoader/Mixin) fabric-networking-api-v1.mixins.json:accessor.ServerPlayNetworkHandlerAccessor from mod fabric-networking-api-v1: Class version 61 required is higher than the class version supported by the current version of Mixin (JAVA_16 supports class version 60)
[14:44:47] [main/DEBUG] (FabricLoader/Mixin) fabric-networking-api-v1.mixins.json:ServerPlayNetworkHandlerMixin from mod fabric-networking-api-v1->@Inject::initAddon(Lorg/spongepowered/asm/mixin/injection/callback/CallbackInfo;)V doesn't use it's CallbackInfo
[14:44:47] [main/DEBUG] (FabricLoader/Mixin) fabric-networking-api-v1.mixins.json:ServerPlayNetworkHandlerMixin from mod fabric-networking-api-v1->@Inject::initAddon(Lorg/spongepowered/asm/mixin/injection/callback/CallbackInfo;)V has 0 override(s) in child classes
[14:44:47] [main/DEBUG] (FabricLoader/Mixin) fabric-networking-api-v1.mixins.json:ServerPlayNetworkHandlerMixin from mod fabric-networking-api-v1->@Inject::initAddon(Lorg/spongepowered/asm/mixin/injection/callback/CallbackInfo;)V won't be passed a CallbackInfo as a result
[14:44:47] [main/DEBUG] (FabricLoader/Mixin) fabric-networking-api-v1.mixins.json:ServerPlayNetworkHandlerMixin from mod fabric-networking-api-v1->@Inject::handleCustomPayloadReceivedAsync(Lnet/minecraft/network/packet/c2s/play/CustomPayloadC2SPacket;Lorg/spongepowered/asm/mixin/injection/callback/CallbackInfo;)V does use it's CallbackInfo
[14:44:47] [main/DEBUG] (FabricLoader/Mixin) fabric-networking-api-v1.mixins.json:ServerPlayNetworkHandlerMixin from mod fabric-networking-api-v1->@Inject::handleDisconnection(Lnet/minecraft/text/Text;Lorg/spongepowered/asm/mixin/injection/callback/CallbackInfo;)V doesn't use it's CallbackInfo
[14:44:47] [main/DEBUG] (FabricLoader/Mixin) fabric-networking-api-v1.mixins.json:ServerPlayNetworkHandlerMixin from mod fabric-networking-api-v1->@Inject::handleDisconnection(Lnet/minecraft/text/Text;Lorg/spongepowered/asm/mixin/injection/callback/CallbackInfo;)V has 0 override(s) in child classes
[14:44:47] [main/DEBUG] (FabricLoader/Mixin) fabric-networking-api-v1.mixins.json:ServerPlayNetworkHandlerMixin from mod fabric-networking-api-v1->@Inject::handleDisconnection(Lnet/minecraft/text/Text;Lorg/spongepowered/asm/mixin/injection/callback/CallbackInfo;)V won't be passed a CallbackInfo as a result
[14:44:48] [main/DEBUG] (FabricLoader/Mixin) Mixing EntitySelectorOptionsAccessor from fabric-command-api-v2.mixins.json into net.minecraft.command.EntitySelectorOptions
[14:44:48] [main/DEBUG] (FabricLoader/Mixin) fabric-command-api-v2.mixins.json:EntitySelectorOptionsAccessor from mod fabric-command-api-v2: Class version 61 required is higher than the class version supported by the current version of Mixin (JAVA_16 supports class version 60)
[14:44:48] [main/DEBUG] (FabricLoader/Mixin) Renaming @Invoker method callPutOption(Ljava/lang/String;Lnet/minecraft/command/EntitySelectorOptions$SelectorHandler;Ljava/util/function/Predicate;Lnet/minecraft/text/Text;)V to callPutOption$fabric-command-api-v2_$md$a9fcf3$0 in fabric-command-api-v2.mixins.json:EntitySelectorOptionsAccessor from mod fabric-command-api-v2
[14:44:48] [main/DEBUG] (FabricLoader/Mixin) Mixing EntitySelectorReaderMixin from fabric-command-api-v2.mixins.json into net.minecraft.command.EntitySelectorReader
[14:44:48] [main/DEBUG] (FabricLoader/Mixin) fabric-command-api-v2.mixins.json:EntitySelectorReaderMixin from mod fabric-command-api-v2: Class version 61 required is higher than the class version supported by the current version of Mixin (JAVA_16 supports class version 60)
[14:44:48] [main/DEBUG] (FabricLoader/Mixin) Generating mapped inner class net/minecraft/block/entity/ChiseledBookshelfBlockEntity$Anonymous$e486f636afed4744be50b539c6ea33b8 (originally net/fabricmc/fabric/mixin/transfer/ChiseledBookshelfBlockEntityMixin$1)
[14:44:48] [main/DEBUG] (FabricLoader/Mixin) Mixing StructureTemplateManagerMixin from fabric-gametest-api-v1.mixins.json into net.minecraft.structure.StructureTemplateManager
[14:44:48] [main/DEBUG] (FabricLoader/Mixin) fabric-gametest-api-v1.mixins.json:StructureTemplateManagerMixin from mod fabric-gametest-api-v1: Class version 61 required is higher than the class version supported by the current version of Mixin (JAVA_16 supports class version 60)
[14:44:48] [main/DEBUG] (FabricLoader/Mixin) fabric-gametest-api-v1.mixins.json:StructureTemplateManagerMixin from mod fabric-gametest-api-v1->@Inject::addFabricTemplateProvider(Lnet/minecraft/resource/ResourceManager;Lnet/minecraft/world/level/storage/LevelStorage$Session;Lcom/mojang/datafixers/DataFixer;Lnet/minecraft/registry/RegistryEntryLookup;Lorg/spongepowered/asm/mixin/injection/callback/CallbackInfo;Lcom/google/common/collect/ImmutableList$Builder;)V doesn't use it's CallbackInfo
[14:44:48] [main/DEBUG] (FabricLoader/Mixin) fabric-gametest-api-v1.mixins.json:StructureTemplateManagerMixin from mod fabric-gametest-api-v1->@Inject::addFabricTemplateProvider(Lnet/minecraft/resource/ResourceManager;Lnet/minecraft/world/level/storage/LevelStorage$Session;Lcom/mojang/datafixers/DataFixer;Lnet/minecraft/registry/RegistryEntryLookup;Lorg/spongepowered/asm/mixin/injection/callback/CallbackInfo;Lcom/google/common/collect/ImmutableList$Builder;)V has 0 override(s) in child classes
[14:44:48] [main/DEBUG] (FabricLoader/Mixin) fabric-gametest-api-v1.mixins.json:StructureTemplateManagerMixin from mod fabric-gametest-api-v1->@Inject::addFabricTemplateProvider(Lnet/minecraft/resource/ResourceManager;Lnet/minecraft/world/level/storage/LevelStorage$Session;Lcom/mojang/datafixers/DataFixer;Lnet/minecraft/registry/RegistryEntryLookup;Lorg/spongepowered/asm/mixin/injection/callback/CallbackInfo;Lcom/google/common/collect/ImmutableList$Builder;)V won't be passed a CallbackInfo as a result
[14:44:48] [main/DEBUG] (FabricLoader/Mixin) Mixing SimpleInventoryMixin from fabric-transfer-api-v1.mixins.json into net.minecraft.inventory.SimpleInventory
[14:44:48] [main/DEBUG] (FabricLoader/Mixin) fabric-transfer-api-v1.mixins.json:SimpleInventoryMixin from mod fabric-transfer-api-v1: Class version 61 required is higher than the class version supported by the current version of Mixin (JAVA_16 supports class version 60)
[14:44:48] [main/DEBUG] (FabricLoader/Mixin) Mixing RecipeMixin from fabric-item-api-v1.mixins.json into net.minecraft.recipe.Recipe
[14:44:48] [main/DEBUG] (FabricLoader/Mixin) fabric-item-api-v1.mixins.json:RecipeMixin from mod fabric-item-api-v1: Class version 61 required is higher than the class version supported by the current version of Mixin (JAVA_16 supports class version 60)
[14:44:48] [main/DEBUG] (FabricLoader/Mixin) fabric-item-api-v1.mixins.json:RecipeMixin from mod fabric-item-api-v1->@Inject::captureStack(Lnet/minecraft/inventory/Inventory;Lorg/spongepowered/asm/mixin/injection/callback/CallbackInfoReturnable;Lnet/minecraft/util/collection/DefaultedList;I)V doesn't use it's CallbackInfoReturnable
[14:44:48] [main/DEBUG] (FabricLoader/Mixin) fabric-item-api-v1.mixins.json:RecipeMixin from mod fabric-item-api-v1->@Inject::captureStack(Lnet/minecraft/inventory/Inventory;Lorg/spongepowered/asm/mixin/injection/callback/CallbackInfoReturnable;Lnet/minecraft/util/collection/DefaultedList;I)V has 0 override(s) in child classes
[14:44:48] [main/DEBUG] (FabricLoader/Mixin) fabric-item-api-v1.mixins.json:RecipeMixin from mod fabric-item-api-v1->@Inject::captureStack(Lnet/minecraft/inventory/Inventory;Lorg/spongepowered/asm/mixin/injection/callback/CallbackInfoReturnable;Lnet/minecraft/util/collection/DefaultedList;I)V won't be passed a CallbackInfoReturnable as a result
[14:44:48] [main/DEBUG] (FabricLoader/Mixin) Mixing MixinBiomes from mixins.iris.json into net.minecraft.world.biome.BiomeKeys
[14:44:48] [main/DEBUG] (FabricLoader/Mixin) mixins.iris.json:MixinBiomes from mod iris: Class version 61 required is higher than the class version supported by the current version of Mixin (JAVA_8 supports class version 52)
[14:44:48] [main/DEBUG] (FabricLoader/Mixin) mixins.iris.json:MixinBiomes from mod iris->@Inject::iris$registerBiome(Ljava/lang/String;Lorg/spongepowered/asm/mixin/injection/callback/CallbackInfoReturnable;)V does use it's CallbackInfoReturnable
[14:44:48] [main/DEBUG] (FabricLoader/Mixin) Mixing DimensionTypeAccessor from mixins.iris.json into net.minecraft.world.dimension.DimensionType
[14:44:48] [main/DEBUG] (FabricLoader/Mixin) mixins.iris.json:DimensionTypeAccessor from mod iris: Class version 61 required is higher than the class version supported by the current version of Mixin (JAVA_8 supports class version 52)
[14:44:48] [main/DEBUG] (FabricLoader/Mixin) Mixing RegistryCodecsMixin from fabric-dimensions-v1.mixins.json into net.minecraft.registry.RegistryCodecs
[14:44:48] [main/DEBUG] (FabricLoader/Mixin) fabric-dimensions-v1.mixins.json:RegistryCodecsMixin from mod fabric-dimensions-v1: Class version 61 required is higher than the class version supported by the current version of Mixin (JAVA_16 supports class version 60)
[14:44:48] [main/DEBUG] (FabricLoader/Mixin) Mixing BiomeSourceMixin from fabric-biome-api-v1.mixins.json into net.minecraft.world.biome.source.BiomeSource
[14:44:48] [main/DEBUG] (FabricLoader/Mixin) fabric-biome-api-v1.mixins.json:BiomeSourceMixin from mod fabric-biome-api-v1: Class version 61 required is higher than the class version supported by the current version of Mixin (JAVA_16 supports class version 60)
[14:44:48] [main/DEBUG] (FabricLoader/Mixin) Mixing MixinBiome from mixins.iris.json into net.minecraft.world.biome.Biome
[14:44:48] [main/DEBUG] (FabricLoader/Mixin) mixins.iris.json:MixinBiome from mod iris: Class version 61 required is higher than the class version supported by the current version of Mixin (JAVA_8 supports class version 52)
[14:44:48] [main/DEBUG] (FabricLoader/Mixin) Mixing features.world.biome.BiomeMixin from sodium.mixins.json into net.minecraft.world.biome.Biome
[14:44:48] [main/DEBUG] (FabricLoader/Mixin) sodium.mixins.json:features.world.biome.BiomeMixin from mod sodium->@Inject::onInit(Lorg/spongepowered/asm/mixin/injection/callback/CallbackInfo;)V doesn't use it's CallbackInfo
[14:44:48] [main/DEBUG] (FabricLoader/Mixin) Mixing MultiNoiseBiomeSourceMixin from fabric-biome-api-v1.mixins.json into net.minecraft.world.biome.source.MultiNoiseBiomeSource
[14:44:48] [main/DEBUG] (FabricLoader/Mixin) fabric-biome-api-v1.mixins.json:MultiNoiseBiomeSourceMixin from mod fabric-biome-api-v1: Class version 61 required is higher than the class version supported by the current version of Mixin (JAVA_16 supports class version 60)
[14:44:48] [main/DEBUG] (FabricLoader/Mixin) Mixing NetherBiomePresetMixin from fabric-biome-api-v1.mixins.json into net.minecraft.world.biome.source.MultiNoiseBiomeSourceParameterList$Preset$1
[14:44:48] [main/DEBUG] (FabricLoader/Mixin) fabric-biome-api-v1.mixins.json:NetherBiomePresetMixin from mod fabric-biome-api-v1: Class version 61 required is higher than the class version supported by the current version of Mixin (JAVA_16 supports class version 60)
[14:44:48] [main/DEBUG] (FabricLoader/Mixin) fabric-biome-api-v1.mixins.json:NetherBiomePresetMixin from mod fabric-biome-api-v1->@Inject::apply(Ljava/util/function/Function;Lorg/spongepowered/asm/mixin/injection/callback/CallbackInfoReturnable;)V does use it's CallbackInfoReturnable
[14:44:48] [main/DEBUG] (FabricLoader/Mixin) Mixing TheEndBiomeSourceMixin from fabric-biome-api-v1.mixins.json into net.minecraft.world.biome.source.TheEndBiomeSource
[14:44:48] [main/DEBUG] (FabricLoader/Mixin) fabric-biome-api-v1.mixins.json:TheEndBiomeSourceMixin from mod fabric-biome-api-v1: Class version 61 required is higher than the class version supported by the current version of Mixin (JAVA_16 supports class version 60)
[14:44:48] [main/DEBUG] (FabricLoader/Mixin) Renaming synthetic method lambda$init$1(Lnet/minecraft/registry/RegistryEntryLookup;)Lnet/fabricmc/fabric/impl/biome/TheEndBiomeData$Overrides; to mda9fcf3$fabric-biome-api-v1$lambda$init$1$0 in fabric-biome-api-v1.mixins.json:TheEndBiomeSourceMixin from mod fabric-biome-api-v1
[14:44:48] [main/DEBUG] (FabricLoader/Mixin) Renaming synthetic method lambda$modifyCodec$0(Lcom/mojang/serialization/codecs/RecordCodecBuilder$Instance;)Lcom/mojang/datafixers/kinds/App; to mda9fcf3$fabric-biome-api-v1$lambda$modifyCodec$0$1 in fabric-biome-api-v1.mixins.json:TheEndBiomeSourceMixin from mod fabric-biome-api-v1
[14:44:48] [main/DEBUG] (FabricLoader/Mixin) fabric-biome-api-v1.mixins.json:TheEndBiomeSourceMixin from mod fabric-biome-api-v1->@Inject::modifyCodec(Lorg/spongepowered/asm/mixin/injection/callback/CallbackInfo;)V doesn't use it's CallbackInfo
[14:44:48] [main/DEBUG] (FabricLoader/Mixin) fabric-biome-api-v1.mixins.json:TheEndBiomeSourceMixin from mod fabric-biome-api-v1->@Inject::rememberLookup(Lnet/minecraft/registry/RegistryEntryLookup;Lorg/spongepowered/asm/mixin/injection/callback/CallbackInfoReturnable;)V doesn't use it's CallbackInfoReturnable
[14:44:48] [main/DEBUG] (FabricLoader/Mixin) fabric-biome-api-v1.mixins.json:TheEndBiomeSourceMixin from mod fabric-biome-api-v1->@Inject::clearLookup(Lnet/minecraft/registry/RegistryEntryLookup;Lorg/spongepowered/asm/mixin/injection/callback/CallbackInfoReturnable;)V doesn't use it's CallbackInfoReturnable
[14:44:48] [main/DEBUG] (FabricLoader/Mixin) fabric-biome-api-v1.mixins.json:TheEndBiomeSourceMixin from mod fabric-biome-api-v1->@Inject::init(Lnet/minecraft/registry/entry/RegistryEntry;Lnet/minecraft/registry/entry/RegistryEntry;Lnet/minecraft/registry/entry/RegistryEntry;Lnet/minecraft/registry/entry/RegistryEntry;Lnet/minecraft/registry/entry/RegistryEntry;Lorg/spongepowered/asm/mixin/injection/callback/CallbackInfo;)V doesn't use it's CallbackInfo
[14:44:48] [main/DEBUG] (FabricLoader/Mixin) fabric-biome-api-v1.mixins.json:TheEndBiomeSourceMixin from mod fabric-biome-api-v1->@Inject::init(Lnet/minecraft/registry/entry/RegistryEntry;Lnet/minecraft/registry/entry/RegistryEntry;Lnet/minecraft/registry/entry/RegistryEntry;Lnet/minecraft/registry/entry/RegistryEntry;Lnet/minecraft/registry/entry/RegistryEntry;Lorg/spongepowered/asm/mixin/injection/callback/CallbackInfo;)V has 0 override(s) in child classes
[14:44:48] [main/DEBUG] (FabricLoader/Mixin) fabric-biome-api-v1.mixins.json:TheEndBiomeSourceMixin from mod fabric-biome-api-v1->@Inject::init(Lnet/minecraft/registry/entry/RegistryEntry;Lnet/minecraft/registry/entry/RegistryEntry;Lnet/minecraft/registry/entry/RegistryEntry;Lnet/minecraft/registry/entry/RegistryEntry;Lnet/minecraft/registry/entry/RegistryEntry;Lorg/spongepowered/asm/mixin/injection/callback/CallbackInfo;)V won't be passed a CallbackInfo as a result
[14:44:48] [main/DEBUG] (FabricLoader/Mixin) fabric-biome-api-v1.mixins.json:TheEndBiomeSourceMixin from mod fabric-biome-api-v1->@Inject::getWeightedEndBiome(IIILnet/minecraft/world/biome/source/util/MultiNoiseUtil$MultiNoiseSampler;Lorg/spongepowered/asm/mixin/injection/callback/CallbackInfoReturnable;)V does use it's CallbackInfoReturnable
[14:44:48] [main/DEBUG] (FabricLoader/Mixin) fabric-biome-api-v1.mixins.json:TheEndBiomeSourceMixin from mod fabric-biome-api-v1->@Inject::getWeightedEndBiome(IIILnet/minecraft/world/biome/source/util/MultiNoiseUtil$MultiNoiseSampler;Lorg/spongepowered/asm/mixin/injection/callback/CallbackInfoReturnable;)V does use it's CallbackInfoReturnable
[14:44:48] [main/DEBUG] (FabricLoader/Mixin) fabric-biome-api-v1.mixins.json:TheEndBiomeSourceMixin from mod fabric-biome-api-v1->@Inject::getWeightedEndBiome(IIILnet/minecraft/world/biome/source/util/MultiNoiseUtil$MultiNoiseSampler;Lorg/spongepowered/asm/mixin/injection/callback/CallbackInfoReturnable;)V does use it's CallbackInfoReturnable
[14:44:48] [main/DEBUG] (FabricLoader/Mixin) fabric-biome-api-v1.mixins.json:TheEndBiomeSourceMixin from mod fabric-biome-api-v1->@Inject::getWeightedEndBiome(IIILnet/minecraft/world/biome/source/util/MultiNoiseUtil$MultiNoiseSampler;Lorg/spongepowered/asm/mixin/injection/callback/CallbackInfoReturnable;)V does use it's CallbackInfoReturnable
[14:44:48] [main/DEBUG] (FabricLoader/Mixin) fabric-biome-api-v1.mixins.json:TheEndBiomeSourceMixin from mod fabric-biome-api-v1->@Inject::getWeightedEndBiome(IIILnet/minecraft/world/biome/source/util/MultiNoiseUtil$MultiNoiseSampler;Lorg/spongepowered/asm/mixin/injection/callback/CallbackInfoReturnable;)V does use it's CallbackInfoReturnable
[14:44:48] [main/DEBUG] (FabricLoader/Mixin) Mixing DebugChunkGeneratorAccessor from fabric-registry-sync-v0.mixins.json into net.minecraft.world.gen.chunk.DebugChunkGenerator
[14:44:48] [main/DEBUG] (FabricLoader/Mixin) fabric-registry-sync-v0.mixins.json:DebugChunkGeneratorAccessor from mod fabric-registry-sync-v0: Class version 61 required is higher than the class version supported by the current version of Mixin (JAVA_16 supports class version 60)
[14:44:48] [main/DEBUG] (FabricLoader/Mixin) Renaming @Accessor method setBLOCK_STATES(Ljava/util/List;)V to setBLOCK_STATES$fabric-registry-sync-v0_$md$a9fcf3$0 in fabric-registry-sync-v0.mixins.json:DebugChunkGeneratorAccessor from mod fabric-registry-sync-v0
[14:44:48] [main/DEBUG] (FabricLoader/Mixin) Renaming @Accessor method setX_SIDE_LENGTH(I)V to setX_SIDE_LENGTH$fabric-registry-sync-v0_$md$a9fcf3$1 in fabric-registry-sync-v0.mixins.json:DebugChunkGeneratorAccessor from mod fabric-registry-sync-v0
[14:44:48] [main/DEBUG] (FabricLoader/Mixin) Renaming @Accessor method setZ_SIDE_LENGTH(I)V to setZ_SIDE_LENGTH$fabric-registry-sync-v0_$md$a9fcf3$2 in fabric-registry-sync-v0.mixins.json:DebugChunkGeneratorAccessor from mod fabric-registry-sync-v0
[14:44:48] [main/DEBUG] (FabricLoader/Mixin) Generating mapped inner class net/minecraft/item/ItemGroups$1ItemGroupPosition$5695be7b8d6840c39204e0e56eb93766 (originally net/fabricmc/fabric/mixin/itemgroup/ItemGroupsMixin$1ItemGroupPosition)
[14:44:48] [main/DEBUG] (FabricLoader/Mixin) Mixing DefaultAttributeRegistryAccessor from fabric-object-builder-v1.mixins.json into net.minecraft.entity.attribute.DefaultAttributeRegistry
[14:44:48] [main/DEBUG] (FabricLoader/Mixin) fabric-object-builder-v1.mixins.json:DefaultAttributeRegistryAccessor from mod fabric-object-builder-api-v1: Class version 61 required is higher than the class version supported by the current version of Mixin (JAVA_16 supports class version 60)
[14:44:48] [main/DEBUG] (FabricLoader/Mixin) Renaming @Accessor method getRegistry()Ljava/util/Map; to getRegistry$fabric-object-builder-api-v1_$md$a9fcf3$0 in fabric-object-builder-v1.mixins.json:DefaultAttributeRegistryAccessor from mod fabric-object-builder-api-v1
[14:44:48] [main/DEBUG] (FabricLoader/Mixin) Mixing DefaultAttributeRegistryMixin from fabric-object-builder-v1.mixins.json into net.minecraft.entity.attribute.DefaultAttributeRegistry
[14:44:48] [main/DEBUG] (FabricLoader/Mixin) fabric-object-builder-v1.mixins.json:DefaultAttributeRegistryMixin from mod fabric-object-builder-api-v1: Class version 61 required is higher than the class version supported by the current version of Mixin (JAVA_16 supports class version 60)
[14:44:48] [main/DEBUG] (FabricLoader/Mixin) fabric-object-builder-v1.mixins.json:DefaultAttributeRegistryMixin from mod fabric-object-builder-api-v1->@Inject::injectAttributes(Lorg/spongepowered/asm/mixin/injection/callback/CallbackInfo;)V doesn't use it's CallbackInfo
[14:44:48] [Render thread/DEBUG] (FabricLoader/Mixin) Mixing MixinGlStateManager from mixins.iris.json into com.mojang.blaze3d.systems.RenderSystem
[14:44:48] [Render thread/DEBUG] (FabricLoader/Mixin) mixins.iris.json:MixinGlStateManager from mod iris: Class version 61 required is higher than the class version supported by the current version of Mixin (JAVA_8 supports class version 52)
[14:44:48] [Render thread/DEBUG] (FabricLoader/Mixin) Mixing MixinRenderSystem from mixins.iris.json into com.mojang.blaze3d.systems.RenderSystem
[14:44:48] [Render thread/DEBUG] (FabricLoader/Mixin) mixins.iris.json:MixinRenderSystem from mod iris: Class version 61 required is higher than the class version supported by the current version of Mixin (JAVA_8 supports class version 52)
[14:44:48] [Render thread/DEBUG] (FabricLoader/Mixin) Mixing statelisteners.MixinRenderSystem from mixins.iris.json into com.mojang.blaze3d.systems.RenderSystem
[14:44:48] [Render thread/DEBUG] (FabricLoader/Mixin) mixins.iris.json:statelisteners.MixinRenderSystem from mod iris: Class version 61 required is higher than the class version supported by the current version of Mixin (JAVA_8 supports class version 52)
[14:44:48] [Render thread/DEBUG] (FabricLoader/Mixin) Renaming synthetic method lambda$static$1(Ljava/lang/Runnable;)V to mda9fcf3$iris$lambda$static$1$0 in mixins.iris.json:statelisteners.MixinRenderSystem from mod iris
[14:44:48] [Render thread/DEBUG] (FabricLoader/Mixin) Renaming synthetic method lambda$static$0(Ljava/lang/Runnable;)V to mda9fcf3$iris$lambda$static$0$1 in mixins.iris.json:statelisteners.MixinRenderSystem from mod iris
[14:44:48] [Render thread/DEBUG] (FabricLoader/Mixin) Mixing workarounds.event_loop.RenderSystemMixin from sodium.mixins.json into com.mojang.blaze3d.systems.RenderSystem
[14:44:48] [Render thread/DEBUG] (FabricLoader/Mixin) mixins.iris.json:MixinRenderSystem from mod iris->@Inject::iris$onRendererInit(IZLorg/spongepowered/asm/mixin/injection/callback/CallbackInfo;)V doesn't use it's CallbackInfo
[14:44:48] [Render thread/DEBUG] (FabricLoader/Mixin) mixins.iris.json:MixinRenderSystem from mod iris->@Inject::_setShaderTexture(ILnet/minecraft/util/Identifier;Lorg/spongepowered/asm/mixin/injection/callback/CallbackInfo;Lnet/minecraft/client/texture/TextureManager;Lnet/minecraft/client/texture/AbstractTexture;)V doesn't use it's CallbackInfo
[14:44:48] [Render thread/DEBUG] (FabricLoader/Mixin) mixins.iris.json:MixinRenderSystem from mod iris->@Inject::_setShaderTexture(IILorg/spongepowered/asm/mixin/injection/callback/CallbackInfo;)V doesn't use it's CallbackInfo
[14:44:48] [Render thread/DEBUG] (FabricLoader/Mixin) mixins.iris.json:statelisteners.MixinRenderSystem from mod iris->@Inject::iris$onFogStart(FLorg/spongepowered/asm/mixin/injection/callback/CallbackInfo;)V doesn't use it's CallbackInfo
[14:44:48] [Render thread/DEBUG] (FabricLoader/Mixin) mixins.iris.json:statelisteners.MixinRenderSystem from mod iris->@Inject::iris$onFogEnd(FLorg/spongepowered/asm/mixin/injection/callback/CallbackInfo;)V doesn't use it's CallbackInfo
[14:44:48] [Render thread/DEBUG] (FabricLoader/Mixin) Mixing block_rendering.MixinBufferBuilder_SeparateAo from mixins.iris.vertexformat.json into net.minecraft.client.render.BufferBuilder
[14:44:48] [Render thread/DEBUG] (FabricLoader/Mixin) mixins.iris.vertexformat.json:block_rendering.MixinBufferBuilder_SeparateAo from mod iris: Class version 61 required is higher than the class version supported by the current version of Mixin (JAVA_8 supports class version 52)
[14:44:48] [Render thread/DEBUG] (FabricLoader/Mixin) Mixing MixinBufferBuilder from iris-batched-entity-rendering.mixins.json into net.minecraft.client.render.BufferBuilder
[14:44:48] [Render thread/DEBUG] (FabricLoader/Mixin) iris-batched-entity-rendering.mixins.json:MixinBufferBuilder from mod iris: Class version 61 required is higher than the class version supported by the current version of Mixin (JAVA_8 supports class version 52)
[14:44:48] [Render thread/DEBUG] (FabricLoader/Mixin) Mixing MixinBufferBuilder from mixins.iris.vertexformat.json into net.minecraft.client.render.BufferBuilder
[14:44:48] [Render thread/DEBUG] (FabricLoader/Mixin) mixins.iris.vertexformat.json:MixinBufferBuilder from mod iris: Class version 61 required is higher than the class version supported by the current version of Mixin (JAVA_8 supports class version 52)
[14:44:48] [Render thread/DEBUG] (FabricLoader/Mixin) Mixing core.render.immediate.consumer.BufferBuilderMixin from sodium.mixins.json into net.minecraft.client.render.BufferBuilder
[14:44:48] [Render thread/DEBUG] (FabricLoader/Mixin) Mixing features.render.immediate.buffer_builder.intrinsics.BufferBuilderMixin from sodium.mixins.json into net.minecraft.client.render.BufferBuilder
[14:44:48] [Render thread/DEBUG] (FabricLoader/Mixin) Mixing features.render.immediate.buffer_builder.sorting.BufferBuilderMixin from sodium.mixins.json into net.minecraft.client.render.BufferBuilder
[14:44:48] [Render thread/DEBUG] (FabricLoader/Mixin) Mixing MixinBufferBuilder_SegmentRendering from iris-batched-entity-rendering.mixins.json into net.minecraft.client.render.BufferBuilder
[14:44:48] [Render thread/DEBUG] (FabricLoader/Mixin) iris-batched-entity-rendering.mixins.json:MixinBufferBuilder_SegmentRendering from mod iris: Class version 61 required is higher than the class version supported by the current version of Mixin (JAVA_8 supports class version 52)
[14:44:48] [Render thread/DEBUG] (FabricLoader/Mixin) mixins.iris.vertexformat.json:MixinBufferBuilder from mod iris->@Inject::iris$onReset(Lorg/spongepowered/asm/mixin/injection/callback/CallbackInfo;)V doesn't use it's CallbackInfo
[14:44:48] [Render thread/DEBUG] (FabricLoader/Mixin) mixins.iris.vertexformat.json:MixinBufferBuilder from mod iris->@Inject::iris$onReset(Lorg/spongepowered/asm/mixin/injection/callback/CallbackInfo;)V has 0 override(s) in child classes
[14:44:48] [Render thread/DEBUG] (FabricLoader/Mixin) mixins.iris.vertexformat.json:MixinBufferBuilder from mod iris->@Inject::iris$onReset(Lorg/spongepowered/asm/mixin/injection/callback/CallbackInfo;)V won't be passed a CallbackInfo as a result
[14:44:48] [Render thread/DEBUG] (FabricLoader/Mixin) mixins.iris.vertexformat.json:MixinBufferBuilder from mod iris->@Inject::iris$beforeNext(Lorg/spongepowered/asm/mixin/injection/callback/CallbackInfo;)V doesn't use it's CallbackInfo
[14:44:48] [Render thread/DEBUG] (FabricLoader/Mixin) mixins.iris.vertexformat.json:MixinBufferBuilder from mod iris->@Inject::iris$beforeNext(Lorg/spongepowered/asm/mixin/injection/callback/CallbackInfo;)V has 0 override(s) in child classes
[14:44:48] [Render thread/DEBUG] (FabricLoader/Mixin) mixins.iris.vertexformat.json:MixinBufferBuilder from mod iris->@Inject::iris$beforeNext(Lorg/spongepowered/asm/mixin/injection/callback/CallbackInfo;)V won't be passed a CallbackInfo as a result
[14:44:48] [Render thread/DEBUG] (FabricLoader/Mixin) sodium.mixins.json:core.render.immediate.consumer.BufferBuilderMixin from mod sodium->@Inject::onFormatChanged(Lnet/minecraft/client/render/VertexFormat;Lorg/spongepowered/asm/mixin/injection/callback/CallbackInfo;)V doesn't use it's CallbackInfo
[14:44:48] [Render thread/DEBUG] (FabricLoader/Mixin) sodium.mixins.json:core.render.immediate.consumer.BufferBuilderMixin from mod sodium->@Inject::onFormatChanged(Lnet/minecraft/client/render/VertexFormat;Lorg/spongepowered/asm/mixin/injection/callback/CallbackInfo;)V has 0 override(s) in child classes
[14:44:48] [Render thread/DEBUG] (FabricLoader/Mixin) sodium.mixins.json:core.render.immediate.consumer.BufferBuilderMixin from mod sodium->@Inject::onFormatChanged(Lnet/minecraft/client/render/VertexFormat;Lorg/spongepowered/asm/mixin/injection/callback/CallbackInfo;)V won't be passed a CallbackInfo as a result
[14:44:48] [Render thread/DEBUG] (FabricLoader/Mixin) sodium.mixins.json:core.render.immediate.consumer.BufferBuilderMixin from mod sodium->@Inject::resetDelegate(Lorg/spongepowered/asm/mixin/injection/callback/CallbackInfo;)V doesn't use it's CallbackInfo
[14:44:48] [Render thread/DEBUG] (FabricLoader/Mixin) sodium.mixins.json:core.render.immediate.consumer.BufferBuilderMixin from mod sodium->@Inject::resetDelegate(Lorg/spongepowered/asm/mixin/injection/callback/CallbackInfo;)V has 0 override(s) in child classes
[14:44:48] [Render thread/DEBUG] (FabricLoader/Mixin) sodium.mixins.json:core.render.immediate.consumer.BufferBuilderMixin from mod sodium->@Inject::resetDelegate(Lorg/spongepowered/asm/mixin/injection/callback/CallbackInfo;)V won't be passed a CallbackInfo as a result
[14:44:48] [Render thread/DEBUG] (FabricLoader/Mixin) sodium.mixins.json:core.render.immediate.consumer.BufferBuilderMixin from mod sodium->@Inject::resetDelegate(Lorg/spongepowered/asm/mixin/injection/callback/CallbackInfo;)V doesn't use it's CallbackInfo
[14:44:48] [Render thread/DEBUG] (FabricLoader/Mixin) sodium.mixins.json:core.render.immediate.consumer.BufferBuilderMixin from mod sodium->@Inject::resetDelegate(Lorg/spongepowered/asm/mixin/injection/callback/CallbackInfo;)V has 0 override(s) in child classes
[14:44:48] [Render thread/DEBUG] (FabricLoader/Mixin) sodium.mixins.json:core.render.immediate.consumer.BufferBuilderMixin from mod sodium->@Inject::resetDelegate(Lorg/spongepowered/asm/mixin/injection/callback/CallbackInfo;)V won't be passed a CallbackInfo as a result
[14:44:48] [Render thread/DEBUG] (FabricLoader/Mixin) sodium.mixins.json:core.render.immediate.consumer.BufferBuilderMixin from mod sodium->@Inject::resetDelegate(Lorg/spongepowered/asm/mixin/injection/callback/CallbackInfo;)V doesn't use it's CallbackInfo
[14:44:48] [Render thread/DEBUG] (FabricLoader/Mixin) sodium.mixins.json:core.render.immediate.consumer.BufferBuilderMixin from mod sodium->@Inject::resetDelegate(Lorg/spongepowered/asm/mixin/injection/callback/CallbackInfo;)V has 0 override(s) in child classes
[14:44:48] [Render thread/DEBUG] (FabricLoader/Mixin) sodium.mixins.json:core.render.immediate.consumer.BufferBuilderMixin from mod sodium->@Inject::resetDelegate(Lorg/spongepowered/asm/mixin/injection/callback/CallbackInfo;)V won't be passed a CallbackInfo as a result
[14:44:48] [Render thread/DEBUG] (FabricLoader/Mixin) iris-batched-entity-rendering.mixins.json:MixinBufferBuilder_SegmentRendering from mod iris->@Inject::batchedentityrendering$onEnd(Lorg/spongepowered/asm/mixin/injection/callback/CallbackInfoReturnable;)V doesn't use it's CallbackInfoReturnable
[14:44:48] [Render thread/DEBUG] (FabricLoader/Mixin) iris-batched-entity-rendering.mixins.json:MixinBufferBuilder_SegmentRendering from mod iris->@Inject::batchedentityrendering$onEnd(Lorg/spongepowered/asm/mixin/injection/callback/CallbackInfoReturnable;)V has 0 override(s) in child classes
[14:44:48] [Render thread/DEBUG] (FabricLoader/Mixin) iris-batched-entity-rendering.mixins.json:MixinBufferBuilder_SegmentRendering from mod iris->@Inject::batchedentityrendering$onEnd(Lorg/spongepowered/asm/mixin/injection/callback/CallbackInfoReturnable;)V won't be passed a CallbackInfoReturnable as a result
[14:44:48] [Render thread/DEBUG] (FabricLoader/Mixin) iris-batched-entity-rendering.mixins.json:MixinBufferBuilder_SegmentRendering from mod iris->@Inject::batchedentityrendering$onNext(Lorg/spongepowered/asm/mixin/injection/callback/CallbackInfo;)V doesn't use it's CallbackInfo
[14:44:48] [Render thread/DEBUG] (FabricLoader/Mixin) iris-batched-entity-rendering.mixins.json:MixinBufferBuilder_SegmentRendering from mod iris->@Inject::batchedentityrendering$onNext(Lorg/spongepowered/asm/mixin/injection/callback/CallbackInfo;)V has 0 override(s) in child classes
[14:44:48] [Render thread/DEBUG] (FabricLoader/Mixin) iris-batched-entity-rendering.mixins.json:MixinBufferBuilder_SegmentRendering from mod iris->@Inject::batchedentityrendering$onNext(Lorg/spongepowered/asm/mixin/injection/callback/CallbackInfo;)V won't be passed a CallbackInfo as a result
[14:44:48] [Render thread/DEBUG] (FabricLoader/Mixin) iris-batched-entity-rendering.mixins.json:MixinBufferBuilder_SegmentRendering from mod iris->@Inject::batchedentityrendering$onNextSodium(Lorg/spongepowered/asm/mixin/injection/callback/CallbackInfo;)V doesn't use it's CallbackInfo
[14:44:48] [Render thread/DEBUG] (FabricLoader/Mixin) iris-batched-entity-rendering.mixins.json:MixinBufferBuilder_SegmentRendering from mod iris->@Inject::batchedentityrendering$onNextSodium(Lorg/spongepowered/asm/mixin/injection/callback/CallbackInfo;)V has 0 override(s) in child classes
[14:44:48] [Render thread/DEBUG] (FabricLoader/Mixin) iris-batched-entity-rendering.mixins.json:MixinBufferBuilder_SegmentRendering from mod iris->@Inject::batchedentityrendering$onNextSodium(Lorg/spongepowered/asm/mixin/injection/callback/CallbackInfo;)V won't be passed a CallbackInfo as a result
[14:44:48] [Render thread/DEBUG] (FabricLoader/Mixin) Mixing features.render.immediate.matrix_stack.VertexConsumerMixin from sodium.mixins.json into net.minecraft.client.render.VertexConsumer
[14:44:48] [Render thread/DEBUG] (FabricLoader/Mixin) Mixing features.render.immediate.buffer_builder.sorting.VertexSorterMixin from sodium.mixins.json into com.mojang.blaze3d.systems.VertexSorter
[14:44:48] [Render thread/DEBUG] (FabricLoader/Mixin) Mixing features.render.immediate.matrix_stack.MatrixStackMixin from sodium.mixins.json into net.minecraft.client.util.math.MatrixStack
[14:44:48] [Render thread/DEBUG] (FabricLoader/Mixin) Mixing MixinMinecraft_Images from mixins.iris.json into net.minecraft.client.MinecraftClient
[14:44:48] [Render thread/DEBUG] (FabricLoader/Mixin) mixins.iris.json:MixinMinecraft_Images from mod iris: Class version 61 required is higher than the class version supported by the current version of Mixin (JAVA_8 supports class version 52)
[14:44:48] [Render thread/DEBUG] (FabricLoader/Mixin) Mixing MixinMinecraft_Keybinds from mixins.iris.json into net.minecraft.client.MinecraftClient
[14:44:48] [Render thread/DEBUG] (FabricLoader/Mixin) mixins.iris.json:MixinMinecraft_Keybinds from mod iris: Class version 61 required is higher than the class version supported by the current version of Mixin (JAVA_8 supports class version 52)
[14:44:48] [Render thread/DEBUG] (FabricLoader/Mixin) Mixing MixinMinecraft_PipelineManagement from mixins.iris.json into net.minecraft.client.MinecraftClient
[14:44:48] [Render thread/DEBUG] (FabricLoader/Mixin) mixins.iris.json:MixinMinecraft_PipelineManagement from mod iris: Class version 61 required is higher than the class version supported by the current version of Mixin (JAVA_8 supports class version 52)
[14:44:48] [Render thread/DEBUG] (FabricLoader/Mixin) Mixing MinecraftClientMixin from fabric-lifecycle-events-v1.client.mixins.json into net.minecraft.client.MinecraftClient
[14:44:48] [Render thread/DEBUG] (FabricLoader/Mixin) fabric-lifecycle-events-v1.client.mixins.json:MinecraftClientMixin from mod fabric-lifecycle-events-v1: Class version 61 required is higher than the class version supported by the current version of Mixin (JAVA_16 supports class version 60)
[14:44:48] [Render thread/DEBUG] (FabricLoader/Mixin) Mixing MinecraftClientMixin from fabric-registry-sync-v0.client.mixins.json into net.minecraft.client.MinecraftClient
[14:44:48] [Render thread/DEBUG] (FabricLoader/Mixin) fabric-registry-sync-v0.client.mixins.json:MinecraftClientMixin from mod fabric-registry-sync-v0: Class version 61 required is higher than the class version supported by the current version of Mixin (JAVA_16 supports class version 60)
[14:44:48] [Render thread/DEBUG] (FabricLoader/Mixin) Mixing MinecraftClientMixin from fabric-data-generation-api-v1.client.mixins.json into net.minecraft.client.MinecraftClient
[14:44:48] [Render thread/DEBUG] (FabricLoader/Mixin) fabric-data-generation-api-v1.client.mixins.json:MinecraftClientMixin from mod fabric-data-generation-api-v1: Class version 61 required is higher than the class version supported by the current version of Mixin (JAVA_16 supports class version 60)
[14:44:48] [Render thread/DEBUG] (FabricLoader/Mixin) Mixing MinecraftClientMixin from fabric-screen-api-v1.mixins.json into net.minecraft.client.MinecraftClient
[14:44:48] [Render thread/DEBUG] (FabricLoader/Mixin) fabric-screen-api-v1.mixins.json:MinecraftClientMixin from mod fabric-screen-api-v1: Class version 61 required is higher than the class version supported by the current version of Mixin (JAVA_16 supports class version 60)
[14:44:48] [Render thread/DEBUG] (FabricLoader/Mixin) Renaming @Unique field LOGGERLorg/slf4j/Logger; to fda9fcf3$fabric-screen-api-v1$LOGGER$0 in fabric-screen-api-v1.mixins.json:MinecraftClientMixin from mod fabric-screen-api-v1
[14:44:48] [Render thread/DEBUG] (FabricLoader/Mixin) Mixing MinecraftClientMixin from fabric-events-interaction-v0.client.mixins.json into net.minecraft.client.MinecraftClient
[14:44:48] [Render thread/DEBUG] (FabricLoader/Mixin) fabric-events-interaction-v0.client.mixins.json:MinecraftClientMixin from mod fabric-events-interaction-v0: Class version 61 required is higher than the class version supported by the current version of Mixin (JAVA_16 supports class version 60)
[14:44:48] [Render thread/DEBUG] (FabricLoader/Mixin) Mixing accessor.MinecraftClientAccessor from fabric-networking-api-v1.client.mixins.json into net.minecraft.client.MinecraftClient
[14:44:48] [Render thread/DEBUG] (FabricLoader/Mixin) fabric-networking-api-v1.client.mixins.json:accessor.MinecraftClientAccessor from mod fabric-networking-api-v1: Class version 61 required is higher than the class version supported by the current version of Mixin (JAVA_16 supports class version 60)
[14:44:48] [Render thread/DEBUG] (FabricLoader/Mixin) Mixing core.MinecraftClientMixin from sodium.mixins.json into net.minecraft.client.MinecraftClient
[14:44:48] [Render thread/DEBUG] (FabricLoader/Mixin) mixins.iris.json:MixinMinecraft_Images from mod iris->@Inject::iris$setupImages(Lnet/minecraft/client/RunArgs;Lorg/spongepowered/asm/mixin/injection/callback/CallbackInfo;)V doesn't use it's CallbackInfo
[14:44:48] [Render thread/DEBUG] (FabricLoader/Mixin) mixins.iris.json:MixinMinecraft_Images from mod iris->@Inject::iris$setupImages(Lnet/minecraft/client/RunArgs;Lorg/spongepowered/asm/mixin/injection/callback/CallbackInfo;)V has 0 override(s) in child classes
[14:44:48] [Render thread/DEBUG] (FabricLoader/Mixin) mixins.iris.json:MixinMinecraft_Images from mod iris->@Inject::iris$setupImages(Lnet/minecraft/client/RunArgs;Lorg/spongepowered/asm/mixin/injection/callback/CallbackInfo;)V won't be passed a CallbackInfo as a result
[14:44:48] [Render thread/DEBUG] (FabricLoader/Mixin) mixins.iris.json:MixinMinecraft_Keybinds from mod iris->@Inject::iris$onTick(Lorg/spongepowered/asm/mixin/injection/callback/CallbackInfo;)V doesn't use it's CallbackInfo
[14:44:48] [Render thread/DEBUG] (FabricLoader/Mixin) mixins.iris.json:MixinMinecraft_Keybinds from mod iris->@Inject::iris$onTick(Lorg/spongepowered/asm/mixin/injection/callback/CallbackInfo;)V has 0 override(s) in child classes
[14:44:48] [Render thread/DEBUG] (FabricLoader/Mixin) mixins.iris.json:MixinMinecraft_Keybinds from mod iris->@Inject::iris$onTick(Lorg/spongepowered/asm/mixin/injection/callback/CallbackInfo;)V won't be passed a CallbackInfo as a result
[14:44:48] [Render thread/DEBUG] (FabricLoader/Mixin) mixins.iris.json:MixinMinecraft_PipelineManagement from mod iris->@Inject::iris$trackLastDimensionOnLeave(Lnet/minecraft/client/gui/screen/Screen;Lorg/spongepowered/asm/mixin/injection/callback/CallbackInfo;)V doesn't use it's CallbackInfo
[14:44:48] [Render thread/DEBUG] (FabricLoader/Mixin) mixins.iris.json:MixinMinecraft_PipelineManagement from mod iris->@Inject::iris$trackLastDimensionOnLeave(Lnet/minecraft/client/gui/screen/Screen;Lorg/spongepowered/asm/mixin/injection/callback/CallbackInfo;)V has 0 override(s) in child classes
[14:44:48] [Render thread/DEBUG] (FabricLoader/Mixin) mixins.iris.json:MixinMinecraft_PipelineManagement from mod iris->@Inject::iris$trackLastDimensionOnLeave(Lnet/minecraft/client/gui/screen/Screen;Lorg/spongepowered/asm/mixin/injection/callback/CallbackInfo;)V won't be passed a CallbackInfo as a result
[14:44:48] [Render thread/DEBUG] (FabricLoader/Mixin) mixins.iris.json:MixinMinecraft_PipelineManagement from mod iris->@Inject::iris$trackLastDimensionOnLevelChange(Lnet/minecraft/client/world/ClientWorld;Lorg/spongepowered/asm/mixin/injection/callback/CallbackInfo;)V doesn't use it's CallbackInfo
[14:44:48] [Render thread/DEBUG] (FabricLoader/Mixin) mixins.iris.json:MixinMinecraft_PipelineManagement from mod iris->@Inject::iris$trackLastDimensionOnLevelChange(Lnet/minecraft/client/world/ClientWorld;Lorg/spongepowered/asm/mixin/injection/callback/CallbackInfo;)V has 0 override(s) in child classes
[14:44:48] [Render thread/DEBUG] (FabricLoader/Mixin) mixins.iris.json:MixinMinecraft_PipelineManagement from mod iris->@Inject::iris$trackLastDimensionOnLevelChange(Lnet/minecraft/client/world/ClientWorld;Lorg/spongepowered/asm/mixin/injection/callback/CallbackInfo;)V won't be passed a CallbackInfo as a result
[14:44:48] [Render thread/DEBUG] (FabricLoader/Mixin) mixins.iris.json:MixinMinecraft_PipelineManagement from mod iris->@Inject::iris$resetPipeline(Lnet/minecraft/client/world/ClientWorld;Lorg/spongepowered/asm/mixin/injection/callback/CallbackInfo;)V doesn't use it's CallbackInfo
[14:44:48] [Render thread/DEBUG] (FabricLoader/Mixin) mixins.iris.json:MixinMinecraft_PipelineManagement from mod iris->@Inject::iris$resetPipeline(Lnet/minecraft/client/world/ClientWorld;Lorg/spongepowered/asm/mixin/injection/callback/CallbackInfo;)V has 0 override(s) in child classes
[14:44:48] [Render thread/DEBUG] (FabricLoader/Mixin) mixins.iris.json:MixinMinecraft_PipelineManagement from mod iris->@Inject::iris$resetPipeline(Lnet/minecraft/client/world/ClientWorld;Lorg/spongepowered/asm/mixin/injection/callback/CallbackInfo;)V won't be passed a CallbackInfo as a result
[14:44:48] [Render thread/DEBUG] (FabricLoader/Mixin) fabric-lifecycle-events-v1.client.mixins.json:MinecraftClientMixin from mod fabric-lifecycle-events-v1->@Inject::onStartTick(Lorg/spongepowered/asm/mixin/injection/callback/CallbackInfo;)V doesn't use it's CallbackInfo
[14:44:48] [Render thread/DEBUG] (FabricLoader/Mixin) fabric-lifecycle-events-v1.client.mixins.json:MinecraftClientMixin from mod fabric-lifecycle-events-v1->@Inject::onStartTick(Lorg/spongepowered/asm/mixin/injection/callback/CallbackInfo;)V has 0 override(s) in child classes
[14:44:48] [Render thread/DEBUG] (FabricLoader/Mixin) fabric-lifecycle-events-v1.client.mixins.json:MinecraftClientMixin from mod fabric-lifecycle-events-v1->@Inject::onStartTick(Lorg/spongepowered/asm/mixin/injection/callback/CallbackInfo;)V won't be passed a CallbackInfo as a result
[14:44:48] [Render thread/DEBUG] (FabricLoader/Mixin) fabric-lifecycle-events-v1.client.mixins.json:MinecraftClientMixin from mod fabric-lifecycle-events-v1->@Inject::onEndTick(Lorg/spongepowered/asm/mixin/injection/callback/CallbackInfo;)V doesn't use it's CallbackInfo
[14:44:48] [Render thread/DEBUG] (FabricLoader/Mixin) fabric-lifecycle-events-v1.client.mixins.json:MinecraftClientMixin from mod fabric-lifecycle-events-v1->@Inject::onEndTick(Lorg/spongepowered/asm/mixin/injection/callback/CallbackInfo;)V has 0 override(s) in child classes
[14:44:48] [Render thread/DEBUG] (FabricLoader/Mixin) fabric-lifecycle-events-v1.client.mixins.json:MinecraftClientMixin from mod fabric-lifecycle-events-v1->@Inject::onEndTick(Lorg/spongepowered/asm/mixin/injection/callback/CallbackInfo;)V won't be passed a CallbackInfo as a result
[14:44:48] [Render thread/DEBUG] (FabricLoader/Mixin) fabric-lifecycle-events-v1.client.mixins.json:MinecraftClientMixin from mod fabric-lifecycle-events-v1->@Inject::onStopping(Lorg/spongepowered/asm/mixin/injection/callback/CallbackInfo;)V doesn't use it's CallbackInfo
[14:44:48] [Render thread/DEBUG] (FabricLoader/Mixin) fabric-lifecycle-events-v1.client.mixins.json:MinecraftClientMixin from mod fabric-lifecycle-events-v1->@Inject::onStopping(Lorg/spongepowered/asm/mixin/injection/callback/CallbackInfo;)V has 0 override(s) in child classes
[14:44:48] [Render thread/DEBUG] (FabricLoader/Mixin) fabric-lifecycle-events-v1.client.mixins.json:MinecraftClientMixin from mod fabric-lifecycle-events-v1->@Inject::onStopping(Lorg/spongepowered/asm/mixin/injection/callback/CallbackInfo;)V won't be passed a CallbackInfo as a result
[14:44:48] [Render thread/DEBUG] (FabricLoader/Mixin) fabric-lifecycle-events-v1.client.mixins.json:MinecraftClientMixin from mod fabric-lifecycle-events-v1->@Inject::onStart(Lorg/spongepowered/asm/mixin/injection/callback/CallbackInfo;)V doesn't use it's CallbackInfo
[14:44:48] [Render thread/DEBUG] (FabricLoader/Mixin) fabric-lifecycle-events-v1.client.mixins.json:MinecraftClientMixin from mod fabric-lifecycle-events-v1->@Inject::onStart(Lorg/spongepowered/asm/mixin/injection/callback/CallbackInfo;)V has 0 override(s) in child classes
[14:44:48] [Render thread/DEBUG] (FabricLoader/Mixin) fabric-lifecycle-events-v1.client.mixins.json:MinecraftClientMixin from mod fabric-lifecycle-events-v1->@Inject::onStart(Lorg/spongepowered/asm/mixin/injection/callback/CallbackInfo;)V won't be passed a CallbackInfo as a result
[14:44:48] [Render thread/DEBUG] (FabricLoader/Mixin) fabric-registry-sync-v0.client.mixins.json:MinecraftClientMixin from mod fabric-registry-sync-v0->@Inject::disconnectAfter(Lnet/minecraft/client/gui/screen/Screen;Lorg/spongepowered/asm/mixin/injection/callback/CallbackInfo;)V doesn't use it's CallbackInfo
[14:44:48] [Render thread/DEBUG] (FabricLoader/Mixin) fabric-registry-sync-v0.client.mixins.json:MinecraftClientMixin from mod fabric-registry-sync-v0->@Inject::disconnectAfter(Lnet/minecraft/client/gui/screen/Screen;Lorg/spongepowered/asm/mixin/injection/callback/CallbackInfo;)V has 0 override(s) in child classes
[14:44:48] [Render thread/DEBUG] (FabricLoader/Mixin) fabric-registry-sync-v0.client.mixins.json:MinecraftClientMixin from mod fabric-registry-sync-v0->@Inject::disconnectAfter(Lnet/minecraft/client/gui/screen/Screen;Lorg/spongepowered/asm/mixin/injection/callback/CallbackInfo;)V won't be passed a CallbackInfo as a result
[14:44:48] [Render thread/DEBUG] (FabricLoader/Mixin) fabric-registry-sync-v0.client.mixins.json:MinecraftClientMixin from mod fabric-registry-sync-v0->@Inject::onStart(Lorg/spongepowered/asm/mixin/injection/callback/CallbackInfo;)V doesn't use it's CallbackInfo
[14:44:48] [Render thread/DEBUG] (FabricLoader/Mixin) fabric-registry-sync-v0.client.mixins.json:MinecraftClientMixin from mod fabric-registry-sync-v0->@Inject::onStart(Lorg/spongepowered/asm/mixin/injection/callback/CallbackInfo;)V has 0 override(s) in child classes
[14:44:48] [Render thread/DEBUG] (FabricLoader/Mixin) fabric-registry-sync-v0.client.mixins.json:MinecraftClientMixin from mod fabric-registry-sync-v0->@Inject::onStart(Lorg/spongepowered/asm/mixin/injection/callback/CallbackInfo;)V won't be passed a CallbackInfo as a result
[14:44:48] [Render thread/DEBUG] (FabricLoader/Mixin) fabric-data-generation-api-v1.client.mixins.json:MinecraftClientMixin from mod fabric-data-generation-api-v1->@Inject::main(Lorg/spongepowered/asm/mixin/injection/callback/CallbackInfo;)V doesn't use it's CallbackInfo
[14:44:48] [Render thread/DEBUG] (FabricLoader/Mixin) fabric-data-generation-api-v1.client.mixins.json:MinecraftClientMixin from mod fabric-data-generation-api-v1->@Inject::main(Lorg/spongepowered/asm/mixin/injection/callback/CallbackInfo;)V has 0 override(s) in child classes
[14:44:48] [Render thread/DEBUG] (FabricLoader/Mixin) fabric-data-generation-api-v1.client.mixins.json:MinecraftClientMixin from mod fabric-data-generation-api-v1->@Inject::main(Lorg/spongepowered/asm/mixin/injection/callback/CallbackInfo;)V won't be passed a CallbackInfo as a result
[14:44:48] [Render thread/DEBUG] (FabricLoader/Mixin) fabric-screen-api-v1.mixins.json:MinecraftClientMixin from mod fabric-screen-api-v1->@Inject::checkThreadOnDev(Lnet/minecraft/client/gui/screen/Screen;Lorg/spongepowered/asm/mixin/injection/callback/CallbackInfo;)V doesn't use it's CallbackInfo
[14:44:48] [Render thread/DEBUG] (FabricLoader/Mixin) fabric-screen-api-v1.mixins.json:MinecraftClientMixin from mod fabric-screen-api-v1->@Inject::checkThreadOnDev(Lnet/minecraft/client/gui/screen/Screen;Lorg/spongepowered/asm/mixin/injection/callback/CallbackInfo;)V has 0 override(s) in child classes
[14:44:48] [Render thread/DEBUG] (FabricLoader/Mixin) fabric-screen-api-v1.mixins.json:MinecraftClientMixin from mod fabric-screen-api-v1->@Inject::checkThreadOnDev(Lnet/minecraft/client/gui/screen/Screen;Lorg/spongepowered/asm/mixin/injection/callback/CallbackInfo;)V won't be passed a CallbackInfo as a result
[14:44:48] [Render thread/DEBUG] (FabricLoader/Mixin) fabric-screen-api-v1.mixins.json:MinecraftClientMixin from mod fabric-screen-api-v1->@Inject::onScreenRemove(Lnet/minecraft/client/gui/screen/Screen;Lorg/spongepowered/asm/mixin/injection/callback/CallbackInfo;)V doesn't use it's CallbackInfo
[14:44:48] [Render thread/DEBUG] (FabricLoader/Mixin) fabric-screen-api-v1.mixins.json:MinecraftClientMixin from mod fabric-screen-api-v1->@Inject::onScreenRemove(Lnet/minecraft/client/gui/screen/Screen;Lorg/spongepowered/asm/mixin/injection/callback/CallbackInfo;)V has 0 override(s) in child classes
[14:44:48] [Render thread/DEBUG] (FabricLoader/Mixin) fabric-screen-api-v1.mixins.json:MinecraftClientMixin from mod fabric-screen-api-v1->@Inject::onScreenRemove(Lnet/minecraft/client/gui/screen/Screen;Lorg/spongepowered/asm/mixin/injection/callback/CallbackInfo;)V won't be passed a CallbackInfo as a result
[14:44:48] [Render thread/DEBUG] (FabricLoader/Mixin) fabric-screen-api-v1.mixins.json:MinecraftClientMixin from mod fabric-screen-api-v1->@Inject::onScreenRemoveBecauseStopping(Lorg/spongepowered/asm/mixin/injection/callback/CallbackInfo;)V doesn't use it's CallbackInfo
[14:44:48] [Render thread/DEBUG] (FabricLoader/Mixin) fabric-screen-api-v1.mixins.json:MinecraftClientMixin from mod fabric-screen-api-v1->@Inject::onScreenRemoveBecauseStopping(Lorg/spongepowered/asm/mixin/injection/callback/CallbackInfo;)V has 0 override(s) in child classes
[14:44:48] [Render thread/DEBUG] (FabricLoader/Mixin) fabric-screen-api-v1.mixins.json:MinecraftClientMixin from mod fabric-screen-api-v1->@Inject::onScreenRemoveBecauseStopping(Lorg/spongepowered/asm/mixin/injection/callback/CallbackInfo;)V won't be passed a CallbackInfo as a result
[14:44:48] [Render thread/DEBUG] (FabricLoader/Mixin) fabric-screen-api-v1.mixins.json:MinecraftClientMixin from mod fabric-screen-api-v1->@Inject::beforeScreenTick(Lorg/spongepowered/asm/mixin/injection/callback/CallbackInfo;)V doesn't use it's CallbackInfo
[14:44:48] [Render thread/DEBUG] (FabricLoader/Mixin) fabric-screen-api-v1.mixins.json:MinecraftClientMixin from mod fabric-screen-api-v1->@Inject::beforeScreenTick(Lorg/spongepowered/asm/mixin/injection/callback/CallbackInfo;)V has 0 override(s) in child classes
[14:44:48] [Render thread/DEBUG] (FabricLoader/Mixin) fabric-screen-api-v1.mixins.json:MinecraftClientMixin from mod fabric-screen-api-v1->@Inject::beforeScreenTick(Lorg/spongepowered/asm/mixin/injection/callback/CallbackInfo;)V won't be passed a CallbackInfo as a result
[14:44:48] [Render thread/DEBUG] (FabricLoader/Mixin) fabric-screen-api-v1.mixins.json:MinecraftClientMixin from mod fabric-screen-api-v1->@Inject::afterScreenTick(Lorg/spongepowered/asm/mixin/injection/callback/CallbackInfo;)V doesn't use it's CallbackInfo
[14:44:48] [Render thread/DEBUG] (FabricLoader/Mixin) fabric-screen-api-v1.mixins.json:MinecraftClientMixin from mod fabric-screen-api-v1->@Inject::afterScreenTick(Lorg/spongepowered/asm/mixin/injection/callback/CallbackInfo;)V has 0 override(s) in child classes
[14:44:48] [Render thread/DEBUG] (FabricLoader/Mixin) fabric-screen-api-v1.mixins.json:MinecraftClientMixin from mod fabric-screen-api-v1->@Inject::afterScreenTick(Lorg/spongepowered/asm/mixin/injection/callback/CallbackInfo;)V won't be passed a CallbackInfo as a result
[14:44:48] [Render thread/DEBUG] (FabricLoader/Mixin) fabric-screen-api-v1.mixins.json:MinecraftClientMixin from mod fabric-screen-api-v1->@Inject::beforeLoadingScreenTick(Lorg/spongepowered/asm/mixin/injection/callback/CallbackInfo;)V doesn't use it's CallbackInfo
[14:44:48] [Render thread/DEBUG] (FabricLoader/Mixin) fabric-screen-api-v1.mixins.json:MinecraftClientMixin from mod fabric-screen-api-v1->@Inject::beforeLoadingScreenTick(Lorg/spongepowered/asm/mixin/injection/callback/CallbackInfo;)V has 0 override(s) in child classes
[14:44:48] [Render thread/DEBUG] (FabricLoader/Mixin) fabric-screen-api-v1.mixins.json:MinecraftClientMixin from mod fabric-screen-api-v1->@Inject::beforeLoadingScreenTick(Lorg/spongepowered/asm/mixin/injection/callback/CallbackInfo;)V won't be passed a CallbackInfo as a result
[14:44:48] [Render thread/DEBUG] (FabricLoader/Mixin) fabric-screen-api-v1.mixins.json:MinecraftClientMixin from mod fabric-screen-api-v1->@Inject::afterLoadingScreenTick(Lorg/spongepowered/asm/mixin/injection/callback/CallbackInfo;)V doesn't use it's CallbackInfo
[14:44:48] [Render thread/DEBUG] (FabricLoader/Mixin) fabric-screen-api-v1.mixins.json:MinecraftClientMixin from mod fabric-screen-api-v1->@Inject::afterLoadingScreenTick(Lorg/spongepowered/asm/mixin/injection/callback/CallbackInfo;)V has 0 override(s) in child classes
[14:44:48] [Render thread/DEBUG] (FabricLoader/Mixin) fabric-screen-api-v1.mixins.json:MinecraftClientMixin from mod fabric-screen-api-v1->@Inject::afterLoadingScreenTick(Lorg/spongepowered/asm/mixin/injection/callback/CallbackInfo;)V won't be passed a CallbackInfo as a result
[14:44:48] [Render thread/DEBUG] (FabricLoader/Mixin) fabric-events-interaction-v0.client.mixins.json:MinecraftClientMixin from mod fabric-events-interaction-v0->@Inject::fabric_doItemPickWrapper(Lorg/spongepowered/asm/mixin/injection/callback/CallbackInfo;)V does use it's CallbackInfo
[14:44:48] [Render thread/DEBUG] (FabricLoader/Mixin) fabric-events-interaction-v0.client.mixins.json:MinecraftClientMixin from mod fabric-events-interaction-v0->@Inject::cancelItemPick(Lorg/spongepowered/asm/mixin/injection/callback/CallbackInfo;)V does use it's CallbackInfo
[14:44:48] [Render thread/DEBUG] (FabricLoader/Mixin) fabric-events-interaction-v0.client.mixins.json:MinecraftClientMixin from mod fabric-events-interaction-v0->@Inject::injectUseEntityCallback(Lorg/spongepowered/asm/mixin/injection/callback/CallbackInfo;[Lnet/minecraft/util/Hand;IILnet/minecraft/util/Hand;Lnet/minecraft/item/ItemStack;Lnet/minecraft/util/hit/EntityHitResult;Lnet/minecraft/entity/Entity;)V does use it's CallbackInfo
[14:44:48] [Render thread/DEBUG] (FabricLoader/Mixin) fabric-events-interaction-v0.client.mixins.json:MinecraftClientMixin from mod fabric-events-interaction-v0->@Inject::injectHandleInputEventsForPreAttackCallback(Lorg/spongepowered/asm/mixin/injection/callback/CallbackInfo;)V doesn't use it's CallbackInfo
[14:44:48] [Render thread/DEBUG] (FabricLoader/Mixin) fabric-events-interaction-v0.client.mixins.json:MinecraftClientMixin from mod fabric-events-interaction-v0->@Inject::injectHandleInputEventsForPreAttackCallback(Lorg/spongepowered/asm/mixin/injection/callback/CallbackInfo;)V has 0 override(s) in child classes
[14:44:48] [Render thread/DEBUG] (FabricLoader/Mixin) fabric-events-interaction-v0.client.mixins.json:MinecraftClientMixin from mod fabric-events-interaction-v0->@Inject::injectHandleInputEventsForPreAttackCallback(Lorg/spongepowered/asm/mixin/injection/callback/CallbackInfo;)V won't be passed a CallbackInfo as a result
[14:44:48] [Render thread/DEBUG] (FabricLoader/Mixin) fabric-events-interaction-v0.client.mixins.json:MinecraftClientMixin from mod fabric-events-interaction-v0->@Inject::injectDoAttackForCancelling(Lorg/spongepowered/asm/mixin/injection/callback/CallbackInfoReturnable;)V does use it's CallbackInfoReturnable
[14:44:48] [Render thread/DEBUG] (FabricLoader/Mixin) fabric-events-interaction-v0.client.mixins.json:MinecraftClientMixin from mod fabric-events-interaction-v0->@Inject::injectHandleBlockBreakingForCancelling(ZLorg/spongepowered/asm/mixin/injection/callback/CallbackInfo;)V does use it's CallbackInfo
[14:44:48] [Render thread/DEBUG] (FabricLoader/Mixin) sodium.mixins.json:core.MinecraftClientMixin from mod sodium->@Inject::preRender(ZLorg/spongepowered/asm/mixin/injection/callback/CallbackInfo;)V doesn't use it's CallbackInfo
[14:44:48] [Render thread/DEBUG] (FabricLoader/Mixin) sodium.mixins.json:core.MinecraftClientMixin from mod sodium->@Inject::preRender(ZLorg/spongepowered/asm/mixin/injection/callback/CallbackInfo;)V has 0 override(s) in child classes
[14:44:48] [Render thread/DEBUG] (FabricLoader/Mixin) sodium.mixins.json:core.MinecraftClientMixin from mod sodium->@Inject::preRender(ZLorg/spongepowered/asm/mixin/injection/callback/CallbackInfo;)V won't be passed a CallbackInfo as a result
[14:44:48] [Render thread/DEBUG] (FabricLoader/Mixin) sodium.mixins.json:core.MinecraftClientMixin from mod sodium->@Inject::postRender(ZLorg/spongepowered/asm/mixin/injection/callback/CallbackInfo;)V doesn't use it's CallbackInfo
[14:44:48] [Render thread/DEBUG] (FabricLoader/Mixin) sodium.mixins.json:core.MinecraftClientMixin from mod sodium->@Inject::postRender(ZLorg/spongepowered/asm/mixin/injection/callback/CallbackInfo;)V has 0 override(s) in child classes
[14:44:48] [Render thread/DEBUG] (FabricLoader/Mixin) sodium.mixins.json:core.MinecraftClientMixin from mod sodium->@Inject::postRender(ZLorg/spongepowered/asm/mixin/injection/callback/CallbackInfo;)V won't be passed a CallbackInfo as a result
[14:44:48] [Render thread/DEBUG] (FabricLoader/Mixin) sodium.mixins.json:core.MinecraftClientMixin from mod sodium->@Inject::postInit(Lnet/minecraft/client/realms/RealmsClient;Lnet/minecraft/resource/ResourceReload;Lnet/minecraft/client/RunArgs$QuickPlay;Lorg/spongepowered/asm/mixin/injection/callback/CallbackInfo;)V doesn't use it's CallbackInfo
[14:44:48] [Render thread/DEBUG] (FabricLoader/Mixin) sodium.mixins.json:core.MinecraftClientMixin from mod sodium->@Inject::postInit(Lnet/minecraft/client/realms/RealmsClient;Lnet/minecraft/resource/ResourceReload;Lnet/minecraft/client/RunArgs$QuickPlay;Lorg/spongepowered/asm/mixin/injection/callback/CallbackInfo;)V has 0 override(s) in child classes
[14:44:48] [Render thread/DEBUG] (FabricLoader/Mixin) sodium.mixins.json:core.MinecraftClientMixin from mod sodium->@Inject::postInit(Lnet/minecraft/client/realms/RealmsClient;Lnet/minecraft/resource/ResourceReload;Lnet/minecraft/client/RunArgs$QuickPlay;Lorg/spongepowered/asm/mixin/injection/callback/CallbackInfo;)V won't be passed a CallbackInfo as a result
[14:44:48] [Render thread/DEBUG] (FabricLoader/Mixin) sodium.mixins.json:core.MinecraftClientMixin from mod sodium->@Inject::postResourceReload(Lorg/spongepowered/asm/mixin/injection/callback/CallbackInfoReturnable;)V doesn't use it's CallbackInfoReturnable
[14:44:48] [Render thread/DEBUG] (FabricLoader/Mixin) sodium.mixins.json:core.MinecraftClientMixin from mod sodium->@Inject::postResourceReload(Lorg/spongepowered/asm/mixin/injection/callback/CallbackInfoReturnable;)V has 0 override(s) in child classes
[14:44:48] [Render thread/DEBUG] (FabricLoader/Mixin) sodium.mixins.json:core.MinecraftClientMixin from mod sodium->@Inject::postResourceReload(Lorg/spongepowered/asm/mixin/injection/callback/CallbackInfoReturnable;)V won't be passed a CallbackInfoReturnable as a result
[14:44:48] [Render thread/DEBUG] (FabricLoader/Mixin) Mixing MixinRenderTarget from mixins.iris.json into net.minecraft.client.gl.Framebuffer
[14:44:48] [Render thread/DEBUG] (FabricLoader/Mixin) mixins.iris.json:MixinRenderTarget from mod iris: Class version 61 required is higher than the class version supported by the current version of Mixin (JAVA_8 supports class version 52)
[14:44:48] [Render thread/DEBUG] (FabricLoader/Mixin) Mixing state_tracking.MixinRenderTarget from mixins.iris.json into net.minecraft.client.gl.Framebuffer
[14:44:48] [Render thread/DEBUG] (FabricLoader/Mixin) mixins.iris.json:state_tracking.MixinRenderTarget from mod iris: Class version 61 required is higher than the class version supported by the current version of Mixin (JAVA_8 supports class version 52)
[14:44:48] [Render thread/DEBUG] (FabricLoader/Mixin) Renaming synthetic method lambda$iris$onBindFramebuffer$0(ZLnet/irisshaders/iris/pipeline/WorldRenderingPipeline;)V to mda9fcf3$iris$lambda$iris$onBindFramebuffer$0$0 in mixins.iris.json:state_tracking.MixinRenderTarget from mod iris
[14:44:48] [Render thread/DEBUG] (FabricLoader/Mixin) Mixing features.render.compositing.FramebufferMixin from sodium.mixins.json into net.minecraft.client.gl.Framebuffer
[14:44:48] [Render thread/DEBUG] (FabricLoader/Mixin) mixins.iris.json:MixinRenderTarget from mod iris->@Inject::iris$onDestroyBuffers(Lorg/spongepowered/asm/mixin/injection/callback/CallbackInfo;)V doesn't use it's CallbackInfo
[14:44:48] [Render thread/DEBUG] (FabricLoader/Mixin) mixins.iris.json:MixinRenderTarget from mod iris->@Inject::iris$onDestroyBuffers(Lorg/spongepowered/asm/mixin/injection/callback/CallbackInfo;)V has 0 override(s) in child classes
[14:44:48] [Render thread/DEBUG] (FabricLoader/Mixin) mixins.iris.json:MixinRenderTarget from mod iris->@Inject::iris$onDestroyBuffers(Lorg/spongepowered/asm/mixin/injection/callback/CallbackInfo;)V won't be passed a CallbackInfo as a result
[14:44:48] [Render thread/DEBUG] (FabricLoader/Mixin) mixins.iris.json:state_tracking.MixinRenderTarget from mod iris->@Inject::iris$onBindFramebuffer(ZLorg/spongepowered/asm/mixin/injection/callback/CallbackInfo;)V doesn't use it's CallbackInfo
[14:44:48] [Render thread/DEBUG] (FabricLoader/Mixin) mixins.iris.json:state_tracking.MixinRenderTarget from mod iris->@Inject::iris$onBindFramebuffer(ZLorg/spongepowered/asm/mixin/injection/callback/CallbackInfo;)V has 0 override(s) in child classes
[14:44:48] [Render thread/DEBUG] (FabricLoader/Mixin) mixins.iris.json:state_tracking.MixinRenderTarget from mod iris->@Inject::iris$onBindFramebuffer(ZLorg/spongepowered/asm/mixin/injection/callback/CallbackInfo;)V won't be passed a CallbackInfo as a result
[14:44:48] [Render thread/DEBUG] (FabricLoader/Mixin) sodium.mixins.json:features.render.compositing.FramebufferMixin from mod sodium->@Inject::blitToScreen(IIZLorg/spongepowered/asm/mixin/injection/callback/CallbackInfo;)V does use it's CallbackInfo
[14:44:48] [Render thread/DEBUG] (FabricLoader/Mixin) Mixing MixinTitleScreen from mixins.iris.json into net.minecraft.client.gui.screen.TitleScreen
[14:44:48] [Render thread/DEBUG] (FabricLoader/Mixin) mixins.iris.json:MixinTitleScreen from mod iris: Class version 61 required is higher than the class version supported by the current version of Mixin (JAVA_8 supports class version 52)
[14:44:48] [Render thread/DEBUG] (FabricLoader/Mixin) mixins.iris.json:MixinTitleScreen from mod iris->@Inject::iris$firstInit(Lorg/spongepowered/asm/mixin/injection/callback/CallbackInfo;)V doesn't use it's CallbackInfo
[14:44:48] [Render thread/DEBUG] (FabricLoader/Mixin) mixins.iris.json:MixinTitleScreen from mod iris->@Inject::iris$firstInit(Lorg/spongepowered/asm/mixin/injection/callback/CallbackInfo;)V has 0 override(s) in child classes
[14:44:48] [Render thread/DEBUG] (FabricLoader/Mixin) mixins.iris.json:MixinTitleScreen from mod iris->@Inject::iris$firstInit(Lorg/spongepowered/asm/mixin/injection/callback/CallbackInfo;)V won't be passed a CallbackInfo as a result
[14:44:48] [Render thread/DEBUG] (FabricLoader/Mixin) Mixing MixinLocalPlayer from mixins.iris.json into net.minecraft.client.network.ClientPlayerEntity
[14:44:48] [Render thread/DEBUG] (FabricLoader/Mixin) mixins.iris.json:MixinLocalPlayer from mod iris: Class version 61 required is higher than the class version supported by the current version of Mixin (JAVA_8 supports class version 52)
[14:44:48] [Render thread/DEBUG] (FabricLoader/Mixin) Mixing elytra.ClientPlayerEntityMixin from fabric-entity-events-v1.client.mixins.json into net.minecraft.client.network.ClientPlayerEntity
[14:44:48] [Render thread/DEBUG] (FabricLoader/Mixin) fabric-entity-events-v1.client.mixins.json:elytra.ClientPlayerEntityMixin from mod fabric-entity-events-v1: Class version 61 required is higher than the class version supported by the current version of Mixin (JAVA_16 supports class version 60)
[14:44:48] [Render thread/DEBUG] (FabricLoader/Mixin) fabric-entity-events-v1.client.mixins.json:elytra.ClientPlayerEntityMixin from mod fabric-entity-events-v1->@Inject::injectElytraStart(Lorg/spongepowered/asm/mixin/injection/callback/CallbackInfo;)V doesn't use it's CallbackInfo
[14:44:48] [Render thread/DEBUG] (FabricLoader/Mixin) fabric-entity-events-v1.client.mixins.json:elytra.ClientPlayerEntityMixin from mod fabric-entity-events-v1->@Inject::injectElytraStart(Lorg/spongepowered/asm/mixin/injection/callback/CallbackInfo;)V has 0 override(s) in child classes
[14:44:48] [Render thread/DEBUG] (FabricLoader/Mixin) fabric-entity-events-v1.client.mixins.json:elytra.ClientPlayerEntityMixin from mod fabric-entity-events-v1->@Inject::injectElytraStart(Lorg/spongepowered/asm/mixin/injection/callback/CallbackInfo;)V won't be passed a CallbackInfo as a result
[14:44:48] [Render thread/DEBUG] (FabricLoader/Mixin) Mixing texture.MixinAbstractTexture from mixins.iris.json into net.minecraft.client.texture.AbstractTexture
[14:44:48] [Render thread/DEBUG] (FabricLoader/Mixin) mixins.iris.json:texture.MixinAbstractTexture from mod iris: Class version 61 required is higher than the class version supported by the current version of Mixin (JAVA_8 supports class version 52)
[14:44:48] [Render thread/DEBUG] (FabricLoader/Mixin) mixins.iris.json:texture.MixinAbstractTexture from mod iris->@Inject::iris$afterGenerateId(Lorg/spongepowered/asm/mixin/injection/callback/CallbackInfoReturnable;)V doesn't use it's CallbackInfoReturnable
[14:44:48] [Render thread/DEBUG] (FabricLoader/Mixin) mixins.iris.json:texture.MixinAbstractTexture from mod iris->@Inject::iris$afterGenerateId(Lorg/spongepowered/asm/mixin/injection/callback/CallbackInfoReturnable;)V has 0 override(s) in child classes
[14:44:48] [Render thread/DEBUG] (FabricLoader/Mixin) mixins.iris.json:texture.MixinAbstractTexture from mod iris->@Inject::iris$afterGenerateId(Lorg/spongepowered/asm/mixin/injection/callback/CallbackInfoReturnable;)V won't be passed a CallbackInfoReturnable as a result
[14:44:48] [Render thread/DEBUG] (FabricLoader/Mixin) Mixing features.gui.screen.LevelLoadingScreenMixin from sodium.mixins.json into net.minecraft.client.gui.screen.LevelLoadingScreen
[14:44:48] [Render thread/DEBUG] (FabricLoader/Mixin) Renaming synthetic method lambda$drawChunkMap$0(Lit/unimi/dsi/fastutil/objects/Object2IntMap$Entry;)V to mda9fcf3$sodium$lambda$drawChunkMap$0$0 in sodium.mixins.json:features.gui.screen.LevelLoadingScreenMixin from mod sodium
[14:44:48] [Render thread/DEBUG] (FabricLoader/Mixin) Mixing block_rendering.MixinClientLevel from mixins.iris.vertexformat.json into net.minecraft.client.world.ClientWorld
[14:44:48] [Render thread/DEBUG] (FabricLoader/Mixin) mixins.iris.vertexformat.json:block_rendering.MixinClientLevel from mod iris: Class version 61 required is higher than the class version supported by the current version of Mixin (JAVA_8 supports class version 52)
[14:44:48] [Render thread/DEBUG] (FabricLoader/Mixin) Mixing ClientWorldMixin from fabric-lifecycle-events-v1.client.mixins.json into net.minecraft.client.world.ClientWorld
[14:44:48] [Render thread/DEBUG] (FabricLoader/Mixin) fabric-lifecycle-events-v1.client.mixins.json:ClientWorldMixin from mod fabric-lifecycle-events-v1: Class version 61 required is higher than the class version supported by the current version of Mixin (JAVA_16 supports class version 60)
[14:44:48] [Render thread/DEBUG] (FabricLoader/Mixin) Mixing ClientWorldMixin from vialumix.mixins.json into net.minecraft.client.world.ClientWorld
[14:44:48] [Render thread/DEBUG] (FabricLoader/Mixin) Mixing core.world.biome.ClientWorldMixin from sodium.mixins.json into net.minecraft.client.world.ClientWorld
[14:44:48] [Render thread/DEBUG] (FabricLoader/Mixin) Mixing core.world.map.ClientWorldMixin from sodium.mixins.json into net.minecraft.client.world.ClientWorld
[14:44:48] [Render thread/DEBUG] (FabricLoader/Mixin) fabric-lifecycle-events-v1.client.mixins.json:ClientWorldMixin from mod fabric-lifecycle-events-v1->@Inject::tickWorldAfterBlockEntities(Lorg/spongepowered/asm/mixin/injection/callback/CallbackInfo;)V doesn't use it's CallbackInfo
[14:44:48] [Render thread/DEBUG] (FabricLoader/Mixin) fabric-lifecycle-events-v1.client.mixins.json:ClientWorldMixin from mod fabric-lifecycle-events-v1->@Inject::tickWorldAfterBlockEntities(Lorg/spongepowered/asm/mixin/injection/callback/CallbackInfo;)V has 0 override(s) in child classes
[14:44:48] [Render thread/DEBUG] (FabricLoader/Mixin) fabric-lifecycle-events-v1.client.mixins.json:ClientWorldMixin from mod fabric-lifecycle-events-v1->@Inject::tickWorldAfterBlockEntities(Lorg/spongepowered/asm/mixin/injection/callback/CallbackInfo;)V won't be passed a CallbackInfo as a result
[14:44:48] [Render thread/DEBUG] (FabricLoader/Mixin) fabric-lifecycle-events-v1.client.mixins.json:ClientWorldMixin from mod fabric-lifecycle-events-v1->@Inject::startWorldTick(Lorg/spongepowered/asm/mixin/injection/callback/CallbackInfo;)V doesn't use it's CallbackInfo
[14:44:48] [Render thread/DEBUG] (FabricLoader/Mixin) fabric-lifecycle-events-v1.client.mixins.json:ClientWorldMixin from mod fabric-lifecycle-events-v1->@Inject::startWorldTick(Lorg/spongepowered/asm/mixin/injection/callback/CallbackInfo;)V has 0 override(s) in child classes
[14:44:48] [Render thread/DEBUG] (FabricLoader/Mixin) fabric-lifecycle-events-v1.client.mixins.json:ClientWorldMixin from mod fabric-lifecycle-events-v1->@Inject::startWorldTick(Lorg/spongepowered/asm/mixin/injection/callback/CallbackInfo;)V won't be passed a CallbackInfo as a result
[14:44:48] [Render thread/DEBUG] (FabricLoader/Mixin) vialumix.mixins.json:ClientWorldMixin from mod vialumix->@Inject::vialumix$blockUpdated(Lnet/minecraft/util/math/BlockPos;Lnet/minecraft/block/BlockState;ILorg/spongepowered/asm/mixin/injection/callback/CallbackInfo;)V doesn't use it's CallbackInfo
[14:44:48] [Render thread/DEBUG] (FabricLoader/Mixin) vialumix.mixins.json:ClientWorldMixin from mod vialumix->@Inject::vialumix$blockUpdated(Lnet/minecraft/util/math/BlockPos;Lnet/minecraft/block/BlockState;ILorg/spongepowered/asm/mixin/injection/callback/CallbackInfo;)V has 0 override(s) in child classes
[14:44:48] [Render thread/DEBUG] (FabricLoader/Mixin) vialumix.mixins.json:ClientWorldMixin from mod vialumix->@Inject::vialumix$blockUpdated(Lnet/minecraft/util/math/BlockPos;Lnet/minecraft/block/BlockState;ILorg/spongepowered/asm/mixin/injection/callback/CallbackInfo;)V won't be passed a CallbackInfo as a result
[14:44:48] [Render thread/DEBUG] (FabricLoader/Mixin) sodium.mixins.json:core.world.biome.ClientWorldMixin from mod sodium->@Inject::captureSeed(Lnet/minecraft/client/network/ClientPlayNetworkHandler;Lnet/minecraft/client/world/ClientWorld$Properties;Lnet/minecraft/registry/RegistryKey;Lnet/minecraft/registry/entry/RegistryEntry;IILjava/util/function/Supplier;Lnet/minecraft/client/render/WorldRenderer;ZJLorg/spongepowered/asm/mixin/injection/callback/CallbackInfo;)V doesn't use it's CallbackInfo
[14:44:48] [Render thread/DEBUG] (FabricLoader/Mixin) sodium.mixins.json:core.world.biome.ClientWorldMixin from mod sodium->@Inject::captureSeed(Lnet/minecraft/client/network/ClientPlayNetworkHandler;Lnet/minecraft/client/world/ClientWorld$Properties;Lnet/minecraft/registry/RegistryKey;Lnet/minecraft/registry/entry/RegistryEntry;IILjava/util/function/Supplier;Lnet/minecraft/client/render/WorldRenderer;ZJLorg/spongepowered/asm/mixin/injection/callback/CallbackInfo;)V has 0 override(s) in child classes
[14:44:48] [Render thread/DEBUG] (FabricLoader/Mixin) sodium.mixins.json:core.world.biome.ClientWorldMixin from mod sodium->@Inject::captureSeed(Lnet/minecraft/client/network/ClientPlayNetworkHandler;Lnet/minecraft/client/world/ClientWorld$Properties;Lnet/minecraft/registry/RegistryKey;Lnet/minecraft/registry/entry/RegistryEntry;IILjava/util/function/Supplier;Lnet/minecraft/client/render/WorldRenderer;ZJLorg/spongepowered/asm/mixin/injection/callback/CallbackInfo;)V won't be passed a CallbackInfo as a result
[14:44:48] [Render thread/DEBUG] (FabricLoader/Mixin) Mixing SinglePreparationResourceReloaderMixin from fabric-resource-conditions-api-v1.mixins.json into net.minecraft.resource.SinglePreparationResourceReloader
[14:44:48] [Render thread/DEBUG] (FabricLoader/Mixin) fabric-resource-conditions-api-v1.mixins.json:SinglePreparationResourceReloaderMixin from mod fabric-resource-conditions-api-v1: Class version 61 required is higher than the class version supported by the current version of Mixin (JAVA_16 supports class version 60)
[14:44:48] [Render thread/DEBUG] (FabricLoader/Mixin) fabric-resource-conditions-api-v1.mixins.json:SinglePreparationResourceReloaderMixin from mod fabric-resource-conditions-api-v1->@Inject::applyResourceConditions(Lnet/minecraft/resource/ResourceManager;Lnet/minecraft/util/profiler/Profiler;Ljava/lang/Object;Lorg/spongepowered/asm/mixin/injection/callback/CallbackInfo;)V doesn't use it's CallbackInfo
[14:44:48] [Render thread/DEBUG] (FabricLoader/Mixin) fabric-resource-conditions-api-v1.mixins.json:SinglePreparationResourceReloaderMixin from mod fabric-resource-conditions-api-v1->@Inject::applyResourceConditions(Lnet/minecraft/resource/ResourceManager;Lnet/minecraft/util/profiler/Profiler;Ljava/lang/Object;Lorg/spongepowered/asm/mixin/injection/callback/CallbackInfo;)V has 0 override(s) in child classes
[14:44:48] [Render thread/DEBUG] (FabricLoader/Mixin) fabric-resource-conditions-api-v1.mixins.json:SinglePreparationResourceReloaderMixin from mod fabric-resource-conditions-api-v1->@Inject::applyResourceConditions(Lnet/minecraft/resource/ResourceManager;Lnet/minecraft/util/profiler/Profiler;Ljava/lang/Object;Lorg/spongepowered/asm/mixin/injection/callback/CallbackInfo;)V won't be passed a CallbackInfo as a result
[14:44:48] [Render thread/DEBUG] (FabricLoader/Mixin) Mixing DefaultClientResourcePackProviderMixin from fabric-resource-loader-v0.client.mixins.json into net.minecraft.client.resource.DefaultClientResourcePackProvider
[14:44:48] [Render thread/DEBUG] (FabricLoader/Mixin) fabric-resource-loader-v0.client.mixins.json:DefaultClientResourcePackProviderMixin from mod fabric-resource-loader-v0: Class version 61 required is higher than the class version supported by the current version of Mixin (JAVA_16 supports class version 60)
[14:44:48] [Render thread/DEBUG] (FabricLoader/Mixin) Renaming synthetic method lambda$onCreateVanillaBuiltinResourcePack$0(Lnet/minecraft/resource/ResourcePackProfile$PackFactory;Ljava/lang/String;Ljava/lang/String;)Lnet/minecraft/resource/ResourcePack; to mda9fcf3$fabric-resource-loader-v0$lambda$onCreateVanillaBuiltinResourcePack$0$0 in fabric-resource-loader-v0.client.mixins.json:DefaultClientResourcePackProviderMixin from mod fabric-resource-loader-v0
[14:44:48] [Render thread/DEBUG] (FabricLoader/Mixin) Mixing VanillaResourcePackProviderMixin from fabric-resource-loader-v0.client.mixins.json into net.minecraft.resource.VanillaResourcePackProvider
[14:44:48] [Render thread/DEBUG] (FabricLoader/Mixin) fabric-resource-loader-v0.client.mixins.json:VanillaResourcePackProviderMixin from mod fabric-resource-loader-v0: Class version 61 required is higher than the class version supported by the current version of Mixin (JAVA_16 supports class version 60)
[14:44:48] [Render thread/DEBUG] (FabricLoader/Mixin) fabric-resource-loader-v0.client.mixins.json:VanillaResourcePackProviderMixin from mod fabric-resource-loader-v0->@Inject::addBuiltinResourcePacks(Ljava/util/function/Consumer;Lorg/spongepowered/asm/mixin/injection/callback/CallbackInfo;)V doesn't use it's CallbackInfo
[14:44:48] [Render thread/DEBUG] (FabricLoader/Mixin) fabric-resource-loader-v0.client.mixins.json:VanillaResourcePackProviderMixin from mod fabric-resource-loader-v0->@Inject::addBuiltinResourcePacks(Ljava/util/function/Consumer;Lorg/spongepowered/asm/mixin/injection/callback/CallbackInfo;)V has 0 override(s) in child classes
[14:44:48] [Render thread/DEBUG] (FabricLoader/Mixin) fabric-resource-loader-v0.client.mixins.json:VanillaResourcePackProviderMixin from mod fabric-resource-loader-v0->@Inject::addBuiltinResourcePacks(Ljava/util/function/Consumer;Lorg/spongepowered/asm/mixin/injection/callback/CallbackInfo;)V won't be passed a CallbackInfo as a result
[14:44:48] [Render thread/DEBUG] (FabricLoader/Mixin) Mixing ResourcePackManagerMixin from fabric-resource-loader-v0.mixins.json into net.minecraft.resource.ResourcePackManager
[14:44:48] [Render thread/DEBUG] (FabricLoader/Mixin) fabric-resource-loader-v0.mixins.json:ResourcePackManagerMixin from mod fabric-resource-loader-v0: Class version 61 required is higher than the class version supported by the current version of Mixin (JAVA_16 supports class version 60)
[14:44:48] [Render thread/DEBUG] (FabricLoader/Mixin) fabric-resource-loader-v0.mixins.json:ResourcePackManagerMixin from mod fabric-resource-loader-v0->@Inject::construct([Lnet/minecraft/resource/ResourcePackProvider;Lorg/spongepowered/asm/mixin/injection/callback/CallbackInfo;)V doesn't use it's CallbackInfo
[14:44:48] [Render thread/DEBUG] (FabricLoader/Mixin) fabric-resource-loader-v0.mixins.json:ResourcePackManagerMixin from mod fabric-resource-loader-v0->@Inject::construct([Lnet/minecraft/resource/ResourcePackProvider;Lorg/spongepowered/asm/mixin/injection/callback/CallbackInfo;)V has 0 override(s) in child classes
[14:44:48] [Render thread/DEBUG] (FabricLoader/Mixin) fabric-resource-loader-v0.mixins.json:ResourcePackManagerMixin from mod fabric-resource-loader-v0->@Inject::construct([Lnet/minecraft/resource/ResourcePackProvider;Lorg/spongepowered/asm/mixin/injection/callback/CallbackInfo;)V won't be passed a CallbackInfo as a result
[14:44:48] [Render thread/INFO] (com.mojang.authlib.yggdrasil.YggdrasilAuthenticationService) Environment: authHost='https://authserver.mojang.com', accountsHost='https://api.mojang.com', sessionHost='https://sessionserver.mojang.com', servicesHost='https://api.minecraftservices.com', name='PROD'
[14:44:48] [Yggdrasil Key Fetcher/DEBUG] (com.mojang.authlib.HttpAuthenticationService) Opening connection to https://api.minecraftservices.com/publickeys
[14:44:48] [Render thread/DEBUG] (com.mojang.authlib.minecraft.client.MinecraftClient) Connecting to https://api.minecraftservices.com/player/attributes
[14:44:48] [Yggdrasil Key Fetcher/DEBUG] (com.mojang.authlib.HttpAuthenticationService) Reading data from https://api.minecraftservices.com/publickeys
[14:44:49] [Yggdrasil Key Fetcher/DEBUG] (com.mojang.authlib.HttpAuthenticationService) Successful read, server response was 200
[14:44:49] [Yggdrasil Key Fetcher/DEBUG] (com.mojang.authlib.HttpAuthenticationService) Response: {
  "profilePropertyKeys" : [ {
    "publicKey" : "MIICIjANBgkqhkiG9w0BAQEFAAOCAg8AMIICCgKCAgEAylB4B6m5lz7jwrcFz6Fd/fnfUhcvlxsTSn5kIK/2aGG1C3kMy4VjhwlxF6BFUSnfxhNswPjh3ZitkBxEAFY25uzkJFRwHwVA9mdwjashXILtR6OqdLXXFVyUPIURLOSWqGNBtb08EN5fMnG8iFLgEJIBMxs9BvF3s3/FhuHyPKiVTZmXY0WY4ZyYqvoKR+XjaTRPPvBsDa4WI2u1zxXMeHlodT3lnCzVvyOYBLXL6CJgByuOxccJ8hnXfF9yY4F0aeL080Jz/3+EBNG8RO4ByhtBf4Ny8NQ6stWsjfeUIvH7bU/4zCYcYOq4WrInXHqS8qruDmIl7P5XXGcabuzQstPf/h2CRAUpP/PlHXcMlvewjmGU6MfDK+lifScNYwjPxRo4nKTGFZf/0aqHCh/EAsQyLKrOIYRE0lDG3bzBh8ogIMLAugsAfBb6M3mqCqKaTMAf/VAjh5FFJnjS+7bE+bZEV0qwax1CEoPPJL1fIQjOS8zj086gjpGRCtSy9+bTPTfTR/SJ+VUB5G2IeCItkNHpJX2ygojFZ9n5Fnj7R9ZnOM+L8nyIjPu3aePvtcrXlyLhH/hvOfIOjPxOlqW+O5QwSFP4OEcyLAUgDdUgyW36Z5mB285uKW/ighzZsOTevVUG2QwDItObIV6i8RCxFbN2oDHyPaO5j1tTaBNyVt8CAwEAAQ=="
  }, {
    "publicKey" : "MIICIjANBgkqhkiG9w0BAQEFAAOCAg8AMIICCgKCAgEAra4Y2wu3rWEW7cDTDRRd4IvUD140Y12SaG3k4V3UwT/pDnnX5itOcYiZA0qf4VCpJDp2PifOL+Pr/ph/G9/6ZoIxkBeGENo+S7i9BqizJy9cmZocpyx+RkZaw9+frCGNLuYLrxziNWiXFACJSg2mHACR7+6NkGN8d/16/3PxMnvGSyLT7JKGUgqj1Q3oW7k+NLXR9sw6oRELOcnUvZVa2bcglv8vlcyPqqnBhydLfHI85Z5WnIYZviZ3Bb4dv5Fme726BGOtEY7kz40RfiwjT3xYKYKPJUS3/crPX6eugmWyrWdddKaePrW88bp17Z5NIStlJ5KJJk4coha8O+P7onDqmbHwLqPTeR51njkgZ+DJWT6fz8ku9OWQn6I/FxqN14iYIghDJijmKvEwsI7FJ5X2ttPXEvBYLmpj2j0lQQcUIqH7hkiZ+mCW0GYawJgbAeNAraM9sP+76MyAGITtAsXv1IQmah+7OeDJOToG2Kb1Dl0Va+HiP9MPpcnO7kbn6dqAyhNvRNmHnsUOiEcLhW9Rk7xz87IBV/cGKbUDgxu8cYY0P512DWt5+Jmr8W10FDFdLmkJt1taWxNxApM2CiFPCimk02koyLZDW9nqpWNw6qS/TOYPdz438qEuamtYUJ+u6WhBjK8xAJEAt5k3gDKX+nlTiG3N6se09D62fS8CAwEAAQ=="
  } ],
  "playerCertificateKeys" : [ {
    "publicKey" : "MIICIjANBgkqhkiG9w0BAQEFAAOCAg8AMIICCgKCAgEAylB4B6m5lz7jwrcFz6Fd/fnfUhcvlxsTSn5kIK/2aGG1C3kMy4VjhwlxF6BFUSnfxhNswPjh3ZitkBxEAFY25uzkJFRwHwVA9mdwjashXILtR6OqdLXXFVyUPIURLOSWqGNBtb08EN5fMnG8iFLgEJIBMxs9BvF3s3/FhuHyPKiVTZmXY0WY4ZyYqvoKR+XjaTRPPvBsDa4WI2u1zxXMeHlodT3lnCzVvyOYBLXL6CJgByuOxccJ8hnXfF9yY4F0aeL080Jz/3+EBNG8RO4ByhtBf4Ny8NQ6stWsjfeUIvH7bU/4zCYcYOq4WrInXHqS8qruDmIl7P5XXGcabuzQstPf/h2CRAUpP/PlHXcMlvewjmGU6MfDK+lifScNYwjPxRo4nKTGFZf/0aqHCh/EAsQyLKrOIYRE0lDG3bzBh8ogIMLAugsAfBb6M3mqCqKaTMAf/VAjh5FFJnjS+7bE+bZEV0qwax1CEoPPJL1fIQjOS8zj086gjpGRCtSy9+bTPTfTR/SJ+VUB5G2IeCItkNHpJX2ygojFZ9n5Fnj7R9ZnOM+L8nyIjPu3aePvtcrXlyLhH/hvOfIOjPxOlqW+O5QwSFP4OEcyLAUgDdUgyW36Z5mB285uKW/ighzZsOTevVUG2QwDItObIV6i8RCxFbN2oDHyPaO5j1tTaBNyVt8CAwEAAQ=="
  }, {
    "publicKey" : "MIICIjANBgkqhkiG9w0BAQEFAAOCAg8AMIICCgKCAgEAt4t9NPuu7cktclnaH7eZj0omkLcJHeLz5MKsyJEntHZ0INtuBjSSul3Pp3pBeJN8k3ADdcdBLUN90bcAi7WsQqTx3Ft363q3W7TbM8j2iTEdp/0uVspoRt/DP1tkaWFs/w2WwUv9jbVoBUzfUc4pSTIxRwdjmqjZQfvjwKNDbOx3IhP2H0WXodbISejPi1wBZqNW4m1rnZAXp/EpUguxA8mobCa4vUCBkyFDyXdl69/wUSJHyCPmgcMJ364OlAhIqtwVPShBZObvrK/f0BYk6ShJD3N7TFDatSYsIIdcTKRknaIm91s+EsMrdB9U4Yw+ZJ/pyCB4S3vk8zfDCnb0DWIxYH3/EMzaxl77djmTmMzi/JDITup5z3jfWtRZmrAhU2/+W5IO5hEpo3/bCS9PXIY5xb41Lmp2ZO8dXKtyD66Chchy0W129n8vPl2GIruOdrxsjZAHnneyAb9jm0uaGaphwnEnuecX/qgHY6ZMtayvLLsPst8PO6R1vufMy8WqjK+j7LnC1krL7CPDg0NEhyQTmw5l+NCNjSlvB1juM9V4PARg0bYCOkGXm7ydRCjSSH8CJXZpwnd5cBB5WKAX3KPzutRgMi/LFwNSMZzFuUyXaYOZPpD259yqph1LmGqegEdDriACVU+dVEONFMm8eIuBofe7ljmsAFKW9BINwK0CAwEAAQ=="
  } ],
  "authenticationKeys" : [ {
    "publicKey" : "MIIBIjANBgkqhkiG9w0BAQEFAAOCAQ8AMIIBCgKCAQEA4S4G8fJJw4hLRME8zM2aBqaQRqYs0TlU8N+sZl0MUgtyFw0KAXnzbOPH7yu6qbqsGYVKF/D+fUg+49PhFmxEsylvmj/yeRwdp3yFGME/BVfL06zFmAw+rGaxqubcswzIO8ByUtjQOmlnrzj4zvhNSYJmwNbTIKrKNlSHYvYZbUDRquH9yMDOKnvGAMMDGttFrM300mVznRgaTEzU9aPqMvj0YxtxUcGIQTar0TBQa7NzEAr59u5VVx5s6naS6QVBrMc6e32f38enVkNFZQT87KlCb2B6ziPmbaRzWWs4qcHsHz8BUCKplo5iu/ePtwaa5AaVT27Lnv+KzS46eyf1CwIDAQAB"
  }, {
    "publicKey" : "MIIBIjANBgkqhkiG9w0BAQEFAAOCAQ8AMIIBCgKCAQEAys5/Z+MBAOBcdnk3wKDDvsw6UUdTjSRQ+e5Ug2HJnshWunZMQDPGZvctUWpHxDZHAjaFfhpjw1pWtN/ejTpv37jZCp0yF533LfAfxiiQBWfJdKk5Wzyw7kmU8xmO984csukYFH4aTTLwZuhmMLFk3l00mMNPixgnRMuyr7aKIu/+l3wH1kCf1k74MTH4wX5fgNqFvTS3127DNVnTH9sOw+dhEViiQpTz3BFEpIUvl9T7B2rjF0CDmW9xtyNINw2EfENa7PwE0uIyNoZl/+m7yzMKef4lrE6Ch/IMzfT03Q2QvbwFlm+kzQKhSlB18Ohotrkega62fMxdn/s6Rv6oQQIDAQAB"
  } ]
}
[14:44:49] [Render thread/ERROR] (net.minecraft.client.MinecraftClient) Failed to verify authentication
com.mojang.authlib.exceptions.InvalidCredentialsException: Status: 401
	at com.mojang.authlib.exceptions.MinecraftClientHttpException.toAuthenticationException(MinecraftClientHttpException.java:56) ~[authlib-4.0.43.jar:?]
	at com.mojang.authlib.yggdrasil.YggdrasilUserApiService.fetchProperties(YggdrasilUserApiService.java:156) ~[authlib-4.0.43.jar:?]
	at com.mojang.authlib.yggdrasil.YggdrasilUserApiService.<init>(YggdrasilUserApiService.java:55) ~[authlib-4.0.43.jar:?]
	at com.mojang.authlib.yggdrasil.YggdrasilAuthenticationService.createUserApiService(YggdrasilAuthenticationService.java:124) ~[authlib-4.0.43.jar:?]
	at net.minecraft.client.MinecraftClient.createUserApiService(MinecraftClient.java:733) ~[minecraft-merged-95601a0411-1.20.1-net.fabricmc.yarn.1_20_1.1.20.1+build.10-v2.jar:?]
	at net.minecraft.client.MinecraftClient.<init>(MinecraftClient.java:442) ~[minecraft-merged-95601a0411-1.20.1-net.fabricmc.yarn.1_20_1.1.20.1+build.10-v2.jar:?]
	at net.minecraft.client.main.Main.main(Main.java:211) ~[minecraft-merged-95601a0411-1.20.1-net.fabricmc.yarn.1_20_1.1.20.1+build.10-v2.jar:?]
	at net.fabricmc.loader.impl.game.minecraft.MinecraftGameProvider.launch(MinecraftGameProvider.java:480) ~[fabric-loader-0.16.10.jar:?]
	at net.fabricmc.loader.impl.launch.knot.Knot.launch(Knot.java:74) ~[fabric-loader-0.16.10.jar:?]
	at net.fabricmc.loader.impl.launch.knot.KnotClient.main(KnotClient.java:23) ~[fabric-loader-0.16.10.jar:?]
	at net.fabricmc.devlaunchinjector.Main.main(Main.java:86) ~[dev-launch-injector-0.2.1+build.8.jar:?]
Caused by: com.mojang.authlib.exceptions.MinecraftClientHttpException: Status: 401
	at com.mojang.authlib.minecraft.client.MinecraftClient.readInputStream(MinecraftClient.java:85) ~[authlib-4.0.43.jar:?]
	at com.mojang.authlib.minecraft.client.MinecraftClient.get(MinecraftClient.java:48) ~[authlib-4.0.43.jar:?]
	at com.mojang.authlib.yggdrasil.YggdrasilUserApiService.fetchProperties(YggdrasilUserApiService.java:129) ~[authlib-4.0.43.jar:?]
	... 9 more
[14:44:49] [Render thread/INFO] (net.minecraft.client.MinecraftClient) Setting user: Player355
[14:44:49] [Render thread/DEBUG] (FabricLoader/Mixin) Mixing KeyBindingAccessor from fabric-key-binding-api-v1.mixins.json into net.minecraft.client.option.KeyBinding
[14:44:49] [Render thread/DEBUG] (FabricLoader/Mixin) fabric-key-binding-api-v1.mixins.json:KeyBindingAccessor from mod fabric-key-binding-api-v1: Class version 61 required is higher than the class version supported by the current version of Mixin (JAVA_16 supports class version 60)
[14:44:49] [Render thread/DEBUG] (FabricLoader/Mixin) Renaming @Accessor method fabric_getCategoryMap()Ljava/util/Map; to fabric_getCategoryMap$fabric-key-binding-api-v1_$md$a9fcf3$0 in fabric-key-binding-api-v1.mixins.json:KeyBindingAccessor from mod fabric-key-binding-api-v1
[14:44:49] [Render thread/DEBUG] (FabricLoader/Mixin) Mixing KeyBindingAccessor from fabric-events-interaction-v0.client.mixins.json into net.minecraft.client.option.KeyBinding
[14:44:49] [Render thread/DEBUG] (FabricLoader/Mixin) fabric-events-interaction-v0.client.mixins.json:KeyBindingAccessor from mod fabric-events-interaction-v0: Class version 61 required is higher than the class version supported by the current version of Mixin (JAVA_16 supports class version 60)
[14:44:49] [Render thread/DEBUG] (FabricLoader/Entrypoint) Iterating over entrypoint 'main'
[14:44:49] [Render thread/DEBUG] (FabricLoader/Mixin) Mixing MinecraftServerMixin from fabric-lifecycle-events-v1.mixins.json into net.minecraft.server.MinecraftServer
[14:44:49] [Render thread/DEBUG] (FabricLoader/Mixin) fabric-lifecycle-events-v1.mixins.json:MinecraftServerMixin from mod fabric-lifecycle-events-v1: Class version 61 required is higher than the class version supported by the current version of Mixin (JAVA_16 supports class version 60)
[14:44:49] [Render thread/DEBUG] (FabricLoader/Mixin) Renaming synthetic method lambda$endResourceReload$0(Ljava/lang/Void;Ljava/lang/Throwable;)Ljava/lang/Void; to mda9fcf3$fabric-lifecycle-events-v1$lambda$endResourceReload$0$0 in fabric-lifecycle-events-v1.mixins.json:MinecraftServerMixin from mod fabric-lifecycle-events-v1
[14:44:49] [Render thread/DEBUG] (FabricLoader/Mixin) Mixing MinecraftServerMixin from fabric-registry-sync-v0.mixins.json into net.minecraft.server.MinecraftServer
[14:44:49] [Render thread/DEBUG] (FabricLoader/Mixin) fabric-registry-sync-v0.mixins.json:MinecraftServerMixin from mod fabric-registry-sync-v0: Class version 61 required is higher than the class version supported by the current version of Mixin (JAVA_16 supports class version 60)
[14:44:49] [Render thread/DEBUG] (FabricLoader/Mixin) Mixing modification.MinecraftServerMixin from fabric-biome-api-v1.mixins.json into net.minecraft.server.MinecraftServer
[14:44:49] [Render thread/DEBUG] (FabricLoader/Mixin) fabric-biome-api-v1.mixins.json:modification.MinecraftServerMixin from mod fabric-biome-api-v1: Class version 61 required is higher than the class version supported by the current version of Mixin (JAVA_16 supports class version 60)
[14:44:49] [Render thread/DEBUG] (FabricLoader/Mixin) Mixing MinecraftServerMixin from fabric-gametest-api-v1.mixins.json into net.minecraft.server.MinecraftServer
[14:44:49] [Render thread/DEBUG] (FabricLoader/Mixin) fabric-gametest-api-v1.mixins.json:MinecraftServerMixin from mod fabric-gametest-api-v1: Class version 61 required is higher than the class version supported by the current version of Mixin (JAVA_16 supports class version 60)
[14:44:49] [Render thread/DEBUG] (FabricLoader/Mixin) Mixing MinecraftServerMixin from fabric-message-api-v1.mixins.json into net.minecraft.server.MinecraftServer
[14:44:49] [Render thread/DEBUG] (FabricLoader/Mixin) fabric-message-api-v1.mixins.json:MinecraftServerMixin from mod fabric-message-api-v1: Class version 61 required is higher than the class version supported by the current version of Mixin (JAVA_16 supports class version 60)
[14:44:49] [Render thread/DEBUG] (FabricLoader/Mixin) Renaming synthetic method lambda$onGetChatDecorator$1(Lnet/minecraft/network/message/MessageDecorator;Lnet/minecraft/server/network/ServerPlayerEntity;Lnet/minecraft/text/Text;)Ljava/util/concurrent/CompletableFuture; to mda9fcf3$fabric-message-api-v1$lambda$onGetChatDecorator$1$1 in fabric-message-api-v1.mixins.json:MinecraftServerMixin from mod fabric-message-api-v1
[14:44:49] [Render thread/DEBUG] (FabricLoader/Mixin) Renaming synthetic method lambda$onGetChatDecorator$0(Lnet/minecraft/server/network/ServerPlayerEntity;Lnet/minecraft/text/Text;)Ljava/util/concurrent/CompletionStage; to mda9fcf3$fabric-message-api-v1$lambda$onGetChatDecorator$0$2 in fabric-message-api-v1.mixins.json:MinecraftServerMixin from mod fabric-message-api-v1
[14:44:49] [Render thread/DEBUG] (FabricLoader/Mixin) Mixing MinecraftServerMixin from fabric-resource-loader-v0.mixins.json into net.minecraft.server.MinecraftServer
[14:44:49] [Render thread/DEBUG] (FabricLoader/Mixin) fabric-resource-loader-v0.mixins.json:MinecraftServerMixin from mod fabric-resource-loader-v0: Class version 61 required is higher than the class version supported by the current version of Mixin (JAVA_16 supports class version 60)
[14:44:49] [Render thread/DEBUG] (FabricLoader/Mixin) fabric-lifecycle-events-v1.mixins.json:MinecraftServerMixin from mod fabric-lifecycle-events-v1->@Inject::beforeSetupServer(Lorg/spongepowered/asm/mixin/injection/callback/CallbackInfo;)V doesn't use it's CallbackInfo
[14:44:49] [Render thread/DEBUG] (FabricLoader/Mixin) fabric-lifecycle-events-v1.mixins.json:MinecraftServerMixin from mod fabric-lifecycle-events-v1->@Inject::beforeSetupServer(Lorg/spongepowered/asm/mixin/injection/callback/CallbackInfo;)V has 0 override(s) in child classes
[14:44:49] [Render thread/DEBUG] (FabricLoader/Mixin) fabric-lifecycle-events-v1.mixins.json:MinecraftServerMixin from mod fabric-lifecycle-events-v1->@Inject::beforeSetupServer(Lorg/spongepowered/asm/mixin/injection/callback/CallbackInfo;)V won't be passed a CallbackInfo as a result
[14:44:49] [Render thread/DEBUG] (FabricLoader/Mixin) fabric-lifecycle-events-v1.mixins.json:MinecraftServerMixin from mod fabric-lifecycle-events-v1->@Inject::afterSetupServer(Lorg/spongepowered/asm/mixin/injection/callback/CallbackInfo;)V doesn't use it's CallbackInfo
[14:44:49] [Render thread/DEBUG] (FabricLoader/Mixin) fabric-lifecycle-events-v1.mixins.json:MinecraftServerMixin from mod fabric-lifecycle-events-v1->@Inject::afterSetupServer(Lorg/spongepowered/asm/mixin/injection/callback/CallbackInfo;)V has 0 override(s) in child classes
[14:44:49] [Render thread/DEBUG] (FabricLoader/Mixin) fabric-lifecycle-events-v1.mixins.json:MinecraftServerMixin from mod fabric-lifecycle-events-v1->@Inject::afterSetupServer(Lorg/spongepowered/asm/mixin/injection/callback/CallbackInfo;)V won't be passed a CallbackInfo as a result
[14:44:49] [Render thread/DEBUG] (FabricLoader/Mixin) fabric-lifecycle-events-v1.mixins.json:MinecraftServerMixin from mod fabric-lifecycle-events-v1->@Inject::beforeShutdownServer(Lorg/spongepowered/asm/mixin/injection/callback/CallbackInfo;)V doesn't use it's CallbackInfo
[14:44:49] [Render thread/DEBUG] (FabricLoader/Mixin) fabric-lifecycle-events-v1.mixins.json:MinecraftServerMixin from mod fabric-lifecycle-events-v1->@Inject::beforeShutdownServer(Lorg/spongepowered/asm/mixin/injection/callback/CallbackInfo;)V has 0 override(s) in child classes
[14:44:49] [Render thread/DEBUG] (FabricLoader/Mixin) fabric-lifecycle-events-v1.mixins.json:MinecraftServerMixin from mod fabric-lifecycle-events-v1->@Inject::beforeShutdownServer(Lorg/spongepowered/asm/mixin/injection/callback/CallbackInfo;)V won't be passed a CallbackInfo as a result
[14:44:49] [Render thread/DEBUG] (FabricLoader/Mixin) fabric-lifecycle-events-v1.mixins.json:MinecraftServerMixin from mod fabric-lifecycle-events-v1->@Inject::afterShutdownServer(Lorg/spongepowered/asm/mixin/injection/callback/CallbackInfo;)V doesn't use it's CallbackInfo
[14:44:49] [Render thread/DEBUG] (FabricLoader/Mixin) fabric-lifecycle-events-v1.mixins.json:MinecraftServerMixin from mod fabric-lifecycle-events-v1->@Inject::afterShutdownServer(Lorg/spongepowered/asm/mixin/injection/callback/CallbackInfo;)V has 0 override(s) in child classes
[14:44:49] [Render thread/DEBUG] (FabricLoader/Mixin) fabric-lifecycle-events-v1.mixins.json:MinecraftServerMixin from mod fabric-lifecycle-events-v1->@Inject::afterShutdownServer(Lorg/spongepowered/asm/mixin/injection/callback/CallbackInfo;)V won't be passed a CallbackInfo as a result
[14:44:49] [Render thread/DEBUG] (FabricLoader/Mixin) fabric-lifecycle-events-v1.mixins.json:MinecraftServerMixin from mod fabric-lifecycle-events-v1->@Inject::onStartTick(Ljava/util/function/BooleanSupplier;Lorg/spongepowered/asm/mixin/injection/callback/CallbackInfo;)V doesn't use it's CallbackInfo
[14:44:49] [Render thread/DEBUG] (FabricLoader/Mixin) fabric-lifecycle-events-v1.mixins.json:MinecraftServerMixin from mod fabric-lifecycle-events-v1->@Inject::onStartTick(Ljava/util/function/BooleanSupplier;Lorg/spongepowered/asm/mixin/injection/callback/CallbackInfo;)V has 0 override(s) in child classes
[14:44:49] [Render thread/DEBUG] (FabricLoader/Mixin) fabric-lifecycle-events-v1.mixins.json:MinecraftServerMixin from mod fabric-lifecycle-events-v1->@Inject::onStartTick(Ljava/util/function/BooleanSupplier;Lorg/spongepowered/asm/mixin/injection/callback/CallbackInfo;)V won't be passed a CallbackInfo as a result
[14:44:49] [Render thread/DEBUG] (FabricLoader/Mixin) fabric-lifecycle-events-v1.mixins.json:MinecraftServerMixin from mod fabric-lifecycle-events-v1->@Inject::onEndTick(Ljava/util/function/BooleanSupplier;Lorg/spongepowered/asm/mixin/injection/callback/CallbackInfo;)V doesn't use it's CallbackInfo
[14:44:49] [Render thread/DEBUG] (FabricLoader/Mixin) fabric-lifecycle-events-v1.mixins.json:MinecraftServerMixin from mod fabric-lifecycle-events-v1->@Inject::onEndTick(Ljava/util/function/BooleanSupplier;Lorg/spongepowered/asm/mixin/injection/callback/CallbackInfo;)V has 0 override(s) in child classes
[14:44:49] [Render thread/DEBUG] (FabricLoader/Mixin) fabric-lifecycle-events-v1.mixins.json:MinecraftServerMixin from mod fabric-lifecycle-events-v1->@Inject::onEndTick(Ljava/util/function/BooleanSupplier;Lorg/spongepowered/asm/mixin/injection/callback/CallbackInfo;)V won't be passed a CallbackInfo as a result
[14:44:49] [Render thread/DEBUG] (FabricLoader/Mixin) fabric-lifecycle-events-v1.mixins.json:MinecraftServerMixin from mod fabric-lifecycle-events-v1->@Inject::onUnloadWorldAtShutdown(Lorg/spongepowered/asm/mixin/injection/callback/CallbackInfo;Ljava/util/Iterator;Lnet/minecraft/server/world/ServerWorld;)V doesn't use it's CallbackInfo
[14:44:49] [Render thread/DEBUG] (FabricLoader/Mixin) fabric-lifecycle-events-v1.mixins.json:MinecraftServerMixin from mod fabric-lifecycle-events-v1->@Inject::onUnloadWorldAtShutdown(Lorg/spongepowered/asm/mixin/injection/callback/CallbackInfo;Ljava/util/Iterator;Lnet/minecraft/server/world/ServerWorld;)V has 0 override(s) in child classes
[14:44:49] [Render thread/DEBUG] (FabricLoader/Mixin) fabric-lifecycle-events-v1.mixins.json:MinecraftServerMixin from mod fabric-lifecycle-events-v1->@Inject::onUnloadWorldAtShutdown(Lorg/spongepowered/asm/mixin/injection/callback/CallbackInfo;Ljava/util/Iterator;Lnet/minecraft/server/world/ServerWorld;)V won't be passed a CallbackInfo as a result
[14:44:49] [Render thread/DEBUG] (FabricLoader/Mixin) fabric-lifecycle-events-v1.mixins.json:MinecraftServerMixin from mod fabric-lifecycle-events-v1->@Inject::startResourceReload(Ljava/util/Collection;Lorg/spongepowered/asm/mixin/injection/callback/CallbackInfoReturnable;)V doesn't use it's CallbackInfoReturnable
[14:44:49] [Render thread/DEBUG] (FabricLoader/Mixin) fabric-lifecycle-events-v1.mixins.json:MinecraftServerMixin from mod fabric-lifecycle-events-v1->@Inject::startResourceReload(Ljava/util/Collection;Lorg/spongepowered/asm/mixin/injection/callback/CallbackInfoReturnable;)V has 0 override(s) in child classes
[14:44:49] [Render thread/DEBUG] (FabricLoader/Mixin) fabric-lifecycle-events-v1.mixins.json:MinecraftServerMixin from mod fabric-lifecycle-events-v1->@Inject::startResourceReload(Ljava/util/Collection;Lorg/spongepowered/asm/mixin/injection/callback/CallbackInfoReturnable;)V won't be passed a CallbackInfoReturnable as a result
[14:44:49] [Render thread/DEBUG] (FabricLoader/Mixin) fabric-lifecycle-events-v1.mixins.json:MinecraftServerMixin from mod fabric-lifecycle-events-v1->@Inject::endResourceReload(Ljava/util/Collection;Lorg/spongepowered/asm/mixin/injection/callback/CallbackInfoReturnable;)V does use it's CallbackInfoReturnable
[14:44:49] [Render thread/DEBUG] (FabricLoader/Mixin) fabric-registry-sync-v0.mixins.json:MinecraftServerMixin from mod fabric-registry-sync-v0->@Inject::beforeSetupServer(Lorg/spongepowered/asm/mixin/injection/callback/CallbackInfo;)V doesn't use it's CallbackInfo
[14:44:49] [Render thread/DEBUG] (FabricLoader/Mixin) fabric-registry-sync-v0.mixins.json:MinecraftServerMixin from mod fabric-registry-sync-v0->@Inject::beforeSetupServer(Lorg/spongepowered/asm/mixin/injection/callback/CallbackInfo;)V has 0 override(s) in child classes
[14:44:49] [Render thread/DEBUG] (FabricLoader/Mixin) fabric-registry-sync-v0.mixins.json:MinecraftServerMixin from mod fabric-registry-sync-v0->@Inject::beforeSetupServer(Lorg/spongepowered/asm/mixin/injection/callback/CallbackInfo;)V won't be passed a CallbackInfo as a result
[14:44:49] [Render thread/DEBUG] (FabricLoader/Mixin) fabric-biome-api-v1.mixins.json:modification.MinecraftServerMixin from mod fabric-biome-api-v1->@Inject::finalizeWorldGen(Lorg/spongepowered/asm/mixin/injection/callback/CallbackInfo;)V doesn't use it's CallbackInfo
[14:44:49] [Render thread/DEBUG] (FabricLoader/Mixin) fabric-biome-api-v1.mixins.json:modification.MinecraftServerMixin from mod fabric-biome-api-v1->@Inject::finalizeWorldGen(Lorg/spongepowered/asm/mixin/injection/callback/CallbackInfo;)V has 0 override(s) in child classes
[14:44:49] [Render thread/DEBUG] (FabricLoader/Mixin) fabric-biome-api-v1.mixins.json:modification.MinecraftServerMixin from mod fabric-biome-api-v1->@Inject::finalizeWorldGen(Lorg/spongepowered/asm/mixin/injection/callback/CallbackInfo;)V won't be passed a CallbackInfo as a result
[14:44:49] [Render thread/DEBUG] (FabricLoader/Mixin) fabric-gametest-api-v1.mixins.json:MinecraftServerMixin from mod fabric-gametest-api-v1->@Inject::tickWorlds(Ljava/util/function/BooleanSupplier;Lorg/spongepowered/asm/mixin/injection/callback/CallbackInfo;)V doesn't use it's CallbackInfo
[14:44:49] [Render thread/DEBUG] (FabricLoader/Mixin) fabric-gametest-api-v1.mixins.json:MinecraftServerMixin from mod fabric-gametest-api-v1->@Inject::tickWorlds(Ljava/util/function/BooleanSupplier;Lorg/spongepowered/asm/mixin/injection/callback/CallbackInfo;)V has 0 override(s) in child classes
[14:44:49] [Render thread/DEBUG] (FabricLoader/Mixin) fabric-gametest-api-v1.mixins.json:MinecraftServerMixin from mod fabric-gametest-api-v1->@Inject::tickWorlds(Ljava/util/function/BooleanSupplier;Lorg/spongepowered/asm/mixin/injection/callback/CallbackInfo;)V won't be passed a CallbackInfo as a result
[14:44:49] [Render thread/DEBUG] (FabricLoader/Mixin) fabric-message-api-v1.mixins.json:MinecraftServerMixin from mod fabric-message-api-v1->@Inject::onGetChatDecorator(Lorg/spongepowered/asm/mixin/injection/callback/CallbackInfoReturnable;)V does use it's CallbackInfoReturnable
[14:44:49] [Render thread/DEBUG] (FabricLoader/Mixin) Mixing ServerLoginNetworkHandlerMixin from fabric-networking-api-v1.mixins.json into net.minecraft.server.network.ServerLoginNetworkHandler
[14:44:49] [Render thread/DEBUG] (FabricLoader/Mixin) fabric-networking-api-v1.mixins.json:ServerLoginNetworkHandlerMixin from mod fabric-networking-api-v1: Class version 61 required is higher than the class version supported by the current version of Mixin (JAVA_16 supports class version 60)
[14:44:49] [Render thread/DEBUG] (FabricLoader/Mixin) Mixing accessor.ServerLoginNetworkHandlerAccessor from fabric-networking-api-v1.mixins.json into net.minecraft.server.network.ServerLoginNetworkHandler
[14:44:49] [Render thread/DEBUG] (FabricLoader/Mixin) fabric-networking-api-v1.mixins.json:accessor.ServerLoginNetworkHandlerAccessor from mod fabric-networking-api-v1: Class version 61 required is higher than the class version supported by the current version of Mixin (JAVA_16 supports class version 60)
[14:44:49] [Render thread/DEBUG] (FabricLoader/Mixin) fabric-networking-api-v1.mixins.json:ServerLoginNetworkHandlerMixin from mod fabric-networking-api-v1->@Inject::initAddon(Lorg/spongepowered/asm/mixin/injection/callback/CallbackInfo;)V doesn't use it's CallbackInfo
[14:44:49] [Render thread/DEBUG] (FabricLoader/Mixin) fabric-networking-api-v1.mixins.json:ServerLoginNetworkHandlerMixin from mod fabric-networking-api-v1->@Inject::initAddon(Lorg/spongepowered/asm/mixin/injection/callback/CallbackInfo;)V has 0 override(s) in child classes
[14:44:49] [Render thread/DEBUG] (FabricLoader/Mixin) fabric-networking-api-v1.mixins.json:ServerLoginNetworkHandlerMixin from mod fabric-networking-api-v1->@Inject::initAddon(Lorg/spongepowered/asm/mixin/injection/callback/CallbackInfo;)V won't be passed a CallbackInfo as a result
[14:44:49] [Render thread/DEBUG] (FabricLoader/Mixin) fabric-networking-api-v1.mixins.json:ServerLoginNetworkHandlerMixin from mod fabric-networking-api-v1->@Inject::handleCustomPayloadReceivedAsync(Lnet/minecraft/network/packet/c2s/login/LoginQueryResponseC2SPacket;Lorg/spongepowered/asm/mixin/injection/callback/CallbackInfo;)V does use it's CallbackInfo
[14:44:49] [Render thread/DEBUG] (FabricLoader/Mixin) fabric-networking-api-v1.mixins.json:ServerLoginNetworkHandlerMixin from mod fabric-networking-api-v1->@Inject::handleDisconnection(Lnet/minecraft/text/Text;Lorg/spongepowered/asm/mixin/injection/callback/CallbackInfo;)V doesn't use it's CallbackInfo
[14:44:49] [Render thread/DEBUG] (FabricLoader/Mixin) fabric-networking-api-v1.mixins.json:ServerLoginNetworkHandlerMixin from mod fabric-networking-api-v1->@Inject::handleDisconnection(Lnet/minecraft/text/Text;Lorg/spongepowered/asm/mixin/injection/callback/CallbackInfo;)V has 0 override(s) in child classes
[14:44:49] [Render thread/DEBUG] (FabricLoader/Mixin) fabric-networking-api-v1.mixins.json:ServerLoginNetworkHandlerMixin from mod fabric-networking-api-v1->@Inject::handleDisconnection(Lnet/minecraft/text/Text;Lorg/spongepowered/asm/mixin/injection/callback/CallbackInfo;)V won't be passed a CallbackInfo as a result
[14:44:49] [Render thread/DEBUG] (FabricLoader/Mixin) fabric-networking-api-v1.mixins.json:ServerLoginNetworkHandlerMixin from mod fabric-networking-api-v1->@Inject::handlePlayTransitionNormal(Lnet/minecraft/server/network/ServerPlayerEntity;Lorg/spongepowered/asm/mixin/injection/callback/CallbackInfo;)V doesn't use it's CallbackInfo
[14:44:49] [Render thread/DEBUG] (FabricLoader/Mixin) fabric-networking-api-v1.mixins.json:ServerLoginNetworkHandlerMixin from mod fabric-networking-api-v1->@Inject::handlePlayTransitionNormal(Lnet/minecraft/server/network/ServerPlayerEntity;Lorg/spongepowered/asm/mixin/injection/callback/CallbackInfo;)V has 0 override(s) in child classes
[14:44:49] [Render thread/DEBUG] (FabricLoader/Mixin) fabric-networking-api-v1.mixins.json:ServerLoginNetworkHandlerMixin from mod fabric-networking-api-v1->@Inject::handlePlayTransitionNormal(Lnet/minecraft/server/network/ServerPlayerEntity;Lorg/spongepowered/asm/mixin/injection/callback/CallbackInfo;)V won't be passed a CallbackInfo as a result
[14:44:49] [Render thread/DEBUG] (FabricLoader/Mixin) Mixing LootTableBuilderMixin from fabric-loot-api-v2.mixins.json into net.minecraft.loot.LootTable$Builder
[14:44:49] [Render thread/DEBUG] (FabricLoader/Mixin) fabric-loot-api-v2.mixins.json:LootTableBuilderMixin from mod fabric-loot-api-v2: Class version 61 required is higher than the class version supported by the current version of Mixin (JAVA_8 supports class version 52)
[14:44:49] [Render thread/DEBUG] (FabricLoader/Mixin) Mixing LootManagerMixin from fabric-loot-api-v2.mixins.json into net.minecraft.loot.LootManager
[14:44:49] [Render thread/DEBUG] (FabricLoader/Mixin) fabric-loot-api-v2.mixins.json:LootManagerMixin from mod fabric-loot-api-v2: Class version 61 required is higher than the class version supported by the current version of Mixin (JAVA_8 supports class version 52)
[14:44:49] [Render thread/DEBUG] (FabricLoader/Mixin) Renaming synthetic method lambda$applyLootTableEvents$1(Lcom/google/common/collect/ImmutableMap$Builder;Lnet/minecraft/resource/ResourceManager;Lnet/minecraft/loot/LootManager;Lnet/minecraft/loot/LootDataKey;Ljava/lang/Object;)V to mda9fcf3$fabric-loot-api-v2$lambda$applyLootTableEvents$1$0 in fabric-loot-api-v2.mixins.json:LootManagerMixin from mod fabric-loot-api-v2
[14:44:49] [Render thread/DEBUG] (FabricLoader/Mixin) Renaming synthetic method lambda$reload$0(Lnet/minecraft/resource/ResourceManager;Lnet/minecraft/loot/LootManager;)V to mda9fcf3$fabric-loot-api-v2$lambda$reload$0$1 in fabric-loot-api-v2.mixins.json:LootManagerMixin from mod fabric-loot-api-v2
[14:44:49] [Render thread/DEBUG] (FabricLoader/Mixin) Mixing LootManagerMixin from fabric-resource-conditions-api-v1.mixins.json into net.minecraft.loot.LootManager
[14:44:49] [Render thread/DEBUG] (FabricLoader/Mixin) fabric-resource-conditions-api-v1.mixins.json:LootManagerMixin from mod fabric-resource-conditions-api-v1: Class version 61 required is higher than the class version supported by the current version of Mixin (JAVA_16 supports class version 60)
[14:44:49] [Render thread/DEBUG] (FabricLoader/Mixin) Mixing KeyedResourceReloadListenerMixin from fabric-resource-loader-v0.mixins.json into net.minecraft.loot.LootManager
[14:44:49] [Render thread/DEBUG] (FabricLoader/Mixin) fabric-resource-loader-v0.mixins.json:KeyedResourceReloadListenerMixin from mod fabric-resource-loader-v0: Class version 61 required is higher than the class version supported by the current version of Mixin (JAVA_16 supports class version 60)
[14:44:49] [Render thread/DEBUG] (FabricLoader/Mixin) fabric-loot-api-v2.mixins.json:LootManagerMixin from mod fabric-loot-api-v2->@Inject::reload(Lnet/minecraft/resource/ResourceReloader$Synchronizer;Lnet/minecraft/resource/ResourceManager;Lnet/minecraft/util/profiler/Profiler;Lnet/minecraft/util/profiler/Profiler;Ljava/util/concurrent/Executor;Ljava/util/concurrent/Executor;Lorg/spongepowered/asm/mixin/injection/callback/CallbackInfoReturnable;)V does use it's CallbackInfoReturnable
[14:44:49] [Render thread/DEBUG] (FabricLoader/Mixin) fabric-resource-conditions-api-v1.mixins.json:LootManagerMixin from mod fabric-resource-conditions-api-v1->@Inject::load(Lnet/minecraft/loot/LootDataType;Lnet/minecraft/resource/ResourceManager;Ljava/util/concurrent/Executor;Ljava/util/Map;Lorg/spongepowered/asm/mixin/injection/callback/CallbackInfoReturnable;Ljava/util/Map;)V doesn't use it's CallbackInfoReturnable
[14:44:49] [Render thread/DEBUG] (FabricLoader/Mixin) fabric-resource-conditions-api-v1.mixins.json:LootManagerMixin from mod fabric-resource-conditions-api-v1->@Inject::runAsync(Lnet/minecraft/resource/ResourceManager;Lnet/minecraft/loot/LootDataType;Ljava/util/Map;Lorg/spongepowered/asm/mixin/injection/callback/CallbackInfo;)V doesn't use it's CallbackInfo
[14:44:49] [Render thread/DEBUG] (FabricLoader/Mixin) fabric-resource-conditions-api-v1.mixins.json:LootManagerMixin from mod fabric-resource-conditions-api-v1->@Inject::applyResourceConditions(Lnet/minecraft/loot/LootDataType;Ljava/util/Map;Lnet/minecraft/util/Identifier;Lcom/google/gson/JsonElement;Lorg/spongepowered/asm/mixin/injection/callback/CallbackInfo;)V does use it's CallbackInfo
[14:44:49] [Render thread/DEBUG] (FabricLoader/Mixin) fabric-resource-conditions-api-v1.mixins.json:LootManagerMixin from mod fabric-resource-conditions-api-v1->@Inject::runAsyncEnd(Lnet/minecraft/resource/ResourceManager;Lnet/minecraft/loot/LootDataType;Ljava/util/Map;Lorg/spongepowered/asm/mixin/injection/callback/CallbackInfo;)V doesn't use it's CallbackInfo
[14:44:49] [Render thread/DEBUG] (FabricLoader/Mixin) Mixing LootTableAccessor from fabric-loot-api-v2.mixins.json into net.minecraft.loot.LootTable
[14:44:49] [Render thread/DEBUG] (FabricLoader/Mixin) fabric-loot-api-v2.mixins.json:LootTableAccessor from mod fabric-loot-api-v2: Class version 61 required is higher than the class version supported by the current version of Mixin (JAVA_8 supports class version 52)
[14:44:49] [Render thread/DEBUG] (FabricLoader/Mixin) Mixing LootTableMixin from fabric-loot-tables-v1.mixins.json into net.minecraft.loot.LootTable
[14:44:49] [Render thread/DEBUG] (FabricLoader/Mixin) fabric-loot-tables-v1.mixins.json:LootTableMixin from mod fabric-loot-tables-v1: Class version 61 required is higher than the class version supported by the current version of Mixin (JAVA_16 supports class version 60)
[14:44:49] [Render thread/DEBUG] (FabricLoader/Entrypoint) Iterating over entrypoint 'client'
[14:44:49] [Render thread/DEBUG] (FabricLoader/Mixin) Mixing accessor.ClientLoginNetworkHandlerAccessor from fabric-networking-api-v1.client.mixins.json into net.minecraft.client.network.ClientLoginNetworkHandler
[14:44:49] [Render thread/DEBUG] (FabricLoader/Mixin) fabric-networking-api-v1.client.mixins.json:accessor.ClientLoginNetworkHandlerAccessor from mod fabric-networking-api-v1: Class version 61 required is higher than the class version supported by the current version of Mixin (JAVA_16 supports class version 60)
[14:44:49] [Render thread/DEBUG] (FabricLoader/Mixin) Mixing ClientLoginNetworkHandlerMixin from fabric-networking-api-v1.client.mixins.json into net.minecraft.client.network.ClientLoginNetworkHandler
[14:44:49] [Render thread/DEBUG] (FabricLoader/Mixin) fabric-networking-api-v1.client.mixins.json:ClientLoginNetworkHandlerMixin from mod fabric-networking-api-v1: Class version 61 required is higher than the class version supported by the current version of Mixin (JAVA_16 supports class version 60)
[14:44:49] [Render thread/DEBUG] (FabricLoader/Mixin) fabric-networking-api-v1.client.mixins.json:ClientLoginNetworkHandlerMixin from mod fabric-networking-api-v1->@Inject::initAddon(Lorg/spongepowered/asm/mixin/injection/callback/CallbackInfo;)V doesn't use it's CallbackInfo
[14:44:49] [Render thread/DEBUG] (FabricLoader/Mixin) fabric-networking-api-v1.client.mixins.json:ClientLoginNetworkHandlerMixin from mod fabric-networking-api-v1->@Inject::initAddon(Lorg/spongepowered/asm/mixin/injection/callback/CallbackInfo;)V has 0 override(s) in child classes
[14:44:49] [Render thread/DEBUG] (FabricLoader/Mixin) fabric-networking-api-v1.client.mixins.json:ClientLoginNetworkHandlerMixin from mod fabric-networking-api-v1->@Inject::initAddon(Lorg/spongepowered/asm/mixin/injection/callback/CallbackInfo;)V won't be passed a CallbackInfo as a result
[14:44:49] [Render thread/DEBUG] (FabricLoader/Mixin) fabric-networking-api-v1.client.mixins.json:ClientLoginNetworkHandlerMixin from mod fabric-networking-api-v1->@Inject::handleQueryRequest(Lnet/minecraft/network/packet/s2c/login/LoginQueryRequestS2CPacket;Lorg/spongepowered/asm/mixin/injection/callback/CallbackInfo;)V does use it's CallbackInfo
[14:44:49] [Render thread/DEBUG] (FabricLoader/Mixin) fabric-networking-api-v1.client.mixins.json:ClientLoginNetworkHandlerMixin from mod fabric-networking-api-v1->@Inject::invokeLoginDisconnectEvent(Lnet/minecraft/text/Text;Lorg/spongepowered/asm/mixin/injection/callback/CallbackInfo;)V doesn't use it's CallbackInfo
[14:44:49] [Render thread/DEBUG] (FabricLoader/Mixin) fabric-networking-api-v1.client.mixins.json:ClientLoginNetworkHandlerMixin from mod fabric-networking-api-v1->@Inject::invokeLoginDisconnectEvent(Lnet/minecraft/text/Text;Lorg/spongepowered/asm/mixin/injection/callback/CallbackInfo;)V has 0 override(s) in child classes
[14:44:49] [Render thread/DEBUG] (FabricLoader/Mixin) fabric-networking-api-v1.client.mixins.json:ClientLoginNetworkHandlerMixin from mod fabric-networking-api-v1->@Inject::invokeLoginDisconnectEvent(Lnet/minecraft/text/Text;Lorg/spongepowered/asm/mixin/injection/callback/CallbackInfo;)V won't be passed a CallbackInfo as a result
[14:44:49] [Render thread/DEBUG] (FabricLoader/Mixin) fabric-networking-api-v1.client.mixins.json:ClientLoginNetworkHandlerMixin from mod fabric-networking-api-v1->@Inject::handlePlayTransition(Lorg/spongepowered/asm/mixin/injection/callback/CallbackInfo;)V doesn't use it's CallbackInfo
[14:44:49] [Render thread/DEBUG] (FabricLoader/Mixin) fabric-networking-api-v1.client.mixins.json:ClientLoginNetworkHandlerMixin from mod fabric-networking-api-v1->@Inject::handlePlayTransition(Lorg/spongepowered/asm/mixin/injection/callback/CallbackInfo;)V has 0 override(s) in child classes
[14:44:49] [Render thread/DEBUG] (FabricLoader/Mixin) fabric-networking-api-v1.client.mixins.json:ClientLoginNetworkHandlerMixin from mod fabric-networking-api-v1->@Inject::handlePlayTransition(Lorg/spongepowered/asm/mixin/injection/callback/CallbackInfo;)V won't be passed a CallbackInfo as a result
[14:44:49] [Render thread/DEBUG] (FabricLoader/Mixin) Mixing ClientPlayNetworkHandlerMixin from fabric-message-api-v1.client.mixins.json into net.minecraft.client.network.ClientPlayNetworkHandler
[14:44:49] [Render thread/DEBUG] (FabricLoader/Mixin) Mixing ClientPlayNetworkHandlerMixin from fabric-networking-api-v1.client.mixins.json into net.minecraft.client.network.ClientPlayNetworkHandler
[14:44:49] [Render thread/DEBUG] (FabricLoader/Mixin) fabric-networking-api-v1.client.mixins.json:ClientPlayNetworkHandlerMixin from mod fabric-networking-api-v1: Class version 61 required is higher than the class version supported by the current version of Mixin (JAVA_16 supports class version 60)
[14:44:49] [Render thread/DEBUG] (FabricLoader/Mixin) Mixing MixinClientPacketListener from mixins.iris.json into net.minecraft.client.network.ClientPlayNetworkHandler
[14:44:49] [Render thread/DEBUG] (FabricLoader/Mixin) mixins.iris.json:MixinClientPacketListener from mod iris: Class version 61 required is higher than the class version supported by the current version of Mixin (JAVA_8 supports class version 52)
[14:44:49] [Render thread/DEBUG] (FabricLoader/Mixin) Renaming synthetic method lambda$iris$showUpdateMessage$2(Ljava/lang/Exception;)V to mda9fcf3$iris$lambda$iris$showUpdateMessage$2$0 in mixins.iris.json:MixinClientPacketListener from mod iris
[14:44:49] [Render thread/DEBUG] (FabricLoader/Mixin) Renaming synthetic method lambda$iris$showUpdateMessage$1(Ljava/lang/Exception;Lnet/minecraft/text/Style;)Lnet/minecraft/text/Style; to mda9fcf3$iris$lambda$iris$showUpdateMessage$1$1 in mixins.iris.json:MixinClientPacketListener from mod iris
[14:44:49] [Render thread/DEBUG] (FabricLoader/Mixin) Renaming synthetic method lambda$iris$showUpdateMessage$0(Lnet/minecraft/text/Text;)V to mda9fcf3$iris$lambda$iris$showUpdateMessage$0$2 in mixins.iris.json:MixinClientPacketListener from mod iris
[14:44:49] [Render thread/DEBUG] (FabricLoader/Mixin) Mixing ClientPlayNetworkHandlerMixin from fabric-lifecycle-events-v1.client.mixins.json into net.minecraft.client.network.ClientPlayNetworkHandler
[14:44:49] [Render thread/DEBUG] (FabricLoader/Mixin) fabric-lifecycle-events-v1.client.mixins.json:ClientPlayNetworkHandlerMixin from mod fabric-lifecycle-events-v1: Class version 61 required is higher than the class version supported by the current version of Mixin (JAVA_16 supports class version 60)
[14:44:49] [Render thread/DEBUG] (FabricLoader/Mixin) Mixing ClientPlayNetworkHandlerMixin from fabric-command-api-v2.client.mixins.json into net.minecraft.client.network.ClientPlayNetworkHandler
[14:44:49] [Render thread/DEBUG] (FabricLoader/Mixin) fabric-command-api-v2.client.mixins.json:ClientPlayNetworkHandlerMixin from mod fabric-command-api-v2: Class version 61 required is higher than the class version supported by the current version of Mixin (JAVA_16 supports class version 60)
[14:44:49] [Render thread/DEBUG] (FabricLoader/Mixin) Mixing ClientPlayNetworkHandlerMixin from fabric-data-attachment-api-v1.client.mixins.json into net.minecraft.client.network.ClientPlayNetworkHandler
[14:44:49] [Render thread/DEBUG] (FabricLoader/Mixin) Mixing core.world.map.ClientPlayNetworkHandlerMixin from sodium.mixins.json into net.minecraft.client.network.ClientPlayNetworkHandler
[14:44:49] [Render thread/DEBUG] (FabricLoader/Mixin) fabric-message-api-v1.client.mixins.json:ClientPlayNetworkHandlerMixin from mod fabric-message-api-v1->@Inject::fabric_allowSendChatMessage(Ljava/lang/String;Lorg/spongepowered/asm/mixin/injection/callback/CallbackInfo;)V does use it's CallbackInfo
[14:44:49] [Render thread/DEBUG] (FabricLoader/Mixin) fabric-message-api-v1.client.mixins.json:ClientPlayNetworkHandlerMixin from mod fabric-message-api-v1->@Inject::fabric_allowSendCommandMessage(Ljava/lang/String;Lorg/spongepowered/asm/mixin/injection/callback/CallbackInfo;)V does use it's CallbackInfo
[14:44:49] [Render thread/DEBUG] (FabricLoader/Mixin) fabric-networking-api-v1.client.mixins.json:ClientPlayNetworkHandlerMixin from mod fabric-networking-api-v1->@Inject::initAddon(Lorg/spongepowered/asm/mixin/injection/callback/CallbackInfo;)V doesn't use it's CallbackInfo
[14:44:49] [Render thread/DEBUG] (FabricLoader/Mixin) fabric-networking-api-v1.client.mixins.json:ClientPlayNetworkHandlerMixin from mod fabric-networking-api-v1->@Inject::initAddon(Lorg/spongepowered/asm/mixin/injection/callback/CallbackInfo;)V has 0 override(s) in child classes
[14:44:49] [Render thread/DEBUG] (FabricLoader/Mixin) fabric-networking-api-v1.client.mixins.json:ClientPlayNetworkHandlerMixin from mod fabric-networking-api-v1->@Inject::initAddon(Lorg/spongepowered/asm/mixin/injection/callback/CallbackInfo;)V won't be passed a CallbackInfo as a result
[14:44:49] [Render thread/DEBUG] (FabricLoader/Mixin) fabric-networking-api-v1.client.mixins.json:ClientPlayNetworkHandlerMixin from mod fabric-networking-api-v1->@Inject::handleServerPlayReady(Lnet/minecraft/network/packet/s2c/play/GameJoinS2CPacket;Lorg/spongepowered/asm/mixin/injection/callback/CallbackInfo;)V doesn't use it's CallbackInfo
[14:44:49] [Render thread/DEBUG] (FabricLoader/Mixin) fabric-networking-api-v1.client.mixins.json:ClientPlayNetworkHandlerMixin from mod fabric-networking-api-v1->@Inject::handleServerPlayReady(Lnet/minecraft/network/packet/s2c/play/GameJoinS2CPacket;Lorg/spongepowered/asm/mixin/injection/callback/CallbackInfo;)V has 0 override(s) in child classes
[14:44:49] [Render thread/DEBUG] (FabricLoader/Mixin) fabric-networking-api-v1.client.mixins.json:ClientPlayNetworkHandlerMixin from mod fabric-networking-api-v1->@Inject::handleServerPlayReady(Lnet/minecraft/network/packet/s2c/play/GameJoinS2CPacket;Lorg/spongepowered/asm/mixin/injection/callback/CallbackInfo;)V won't be passed a CallbackInfo as a result
[14:44:49] [Render thread/DEBUG] (FabricLoader/Mixin) fabric-networking-api-v1.client.mixins.json:ClientPlayNetworkHandlerMixin from mod fabric-networking-api-v1->@Inject::handleCustomPayload(Lnet/minecraft/network/packet/s2c/play/CustomPayloadS2CPacket;Lorg/spongepowered/asm/mixin/injection/callback/CallbackInfo;)V does use it's CallbackInfo
[14:44:49] [Render thread/DEBUG] (FabricLoader/Mixin) fabric-networking-api-v1.client.mixins.json:ClientPlayNetworkHandlerMixin from mod fabric-networking-api-v1->@Inject::handleDisconnection(Lnet/minecraft/text/Text;Lorg/spongepowered/asm/mixin/injection/callback/CallbackInfo;)V doesn't use it's CallbackInfo
[14:44:49] [Render thread/DEBUG] (FabricLoader/Mixin) fabric-networking-api-v1.client.mixins.json:ClientPlayNetworkHandlerMixin from mod fabric-networking-api-v1->@Inject::handleDisconnection(Lnet/minecraft/text/Text;Lorg/spongepowered/asm/mixin/injection/callback/CallbackInfo;)V has 0 override(s) in child classes
[14:44:49] [Render thread/DEBUG] (FabricLoader/Mixin) fabric-networking-api-v1.client.mixins.json:ClientPlayNetworkHandlerMixin from mod fabric-networking-api-v1->@Inject::handleDisconnection(Lnet/minecraft/text/Text;Lorg/spongepowered/asm/mixin/injection/callback/CallbackInfo;)V won't be passed a CallbackInfo as a result
[14:44:49] [Render thread/DEBUG] (FabricLoader/Mixin) mixins.iris.json:MixinClientPacketListener from mod iris->@Inject::iris$showUpdateMessage(Lnet/minecraft/network/packet/s2c/play/GameJoinS2CPacket;Lorg/spongepowered/asm/mixin/injection/callback/CallbackInfo;)V doesn't use it's CallbackInfo
[14:44:49] [Render thread/DEBUG] (FabricLoader/Mixin) mixins.iris.json:MixinClientPacketListener from mod iris->@Inject::iris$showUpdateMessage(Lnet/minecraft/network/packet/s2c/play/GameJoinS2CPacket;Lorg/spongepowered/asm/mixin/injection/callback/CallbackInfo;)V has 0 override(s) in child classes
[14:44:49] [Render thread/DEBUG] (FabricLoader/Mixin) mixins.iris.json:MixinClientPacketListener from mod iris->@Inject::iris$showUpdateMessage(Lnet/minecraft/network/packet/s2c/play/GameJoinS2CPacket;Lorg/spongepowered/asm/mixin/injection/callback/CallbackInfo;)V won't be passed a CallbackInfo as a result
[14:44:49] [Render thread/DEBUG] (FabricLoader/Mixin) fabric-lifecycle-events-v1.client.mixins.json:ClientPlayNetworkHandlerMixin from mod fabric-lifecycle-events-v1->@Inject::onPlayerRespawn(Lnet/minecraft/network/packet/s2c/play/PlayerRespawnS2CPacket;Lorg/spongepowered/asm/mixin/injection/callback/CallbackInfo;)V doesn't use it's CallbackInfo
[14:44:49] [Render thread/DEBUG] (FabricLoader/Mixin) fabric-lifecycle-events-v1.client.mixins.json:ClientPlayNetworkHandlerMixin from mod fabric-lifecycle-events-v1->@Inject::onPlayerRespawn(Lnet/minecraft/network/packet/s2c/play/PlayerRespawnS2CPacket;Lorg/spongepowered/asm/mixin/injection/callback/CallbackInfo;)V has 0 override(s) in child classes
[14:44:49] [Render thread/DEBUG] (FabricLoader/Mixin) fabric-lifecycle-events-v1.client.mixins.json:ClientPlayNetworkHandlerMixin from mod fabric-lifecycle-events-v1->@Inject::onPlayerRespawn(Lnet/minecraft/network/packet/s2c/play/PlayerRespawnS2CPacket;Lorg/spongepowered/asm/mixin/injection/callback/CallbackInfo;)V won't be passed a CallbackInfo as a result
[14:44:49] [Render thread/DEBUG] (FabricLoader/Mixin) fabric-lifecycle-events-v1.client.mixins.json:ClientPlayNetworkHandlerMixin from mod fabric-lifecycle-events-v1->@Inject::onGameJoin(Lnet/minecraft/network/packet/s2c/play/GameJoinS2CPacket;Lorg/spongepowered/asm/mixin/injection/callback/CallbackInfo;)V doesn't use it's CallbackInfo
[14:44:49] [Render thread/DEBUG] (FabricLoader/Mixin) fabric-lifecycle-events-v1.client.mixins.json:ClientPlayNetworkHandlerMixin from mod fabric-lifecycle-events-v1->@Inject::onGameJoin(Lnet/minecraft/network/packet/s2c/play/GameJoinS2CPacket;Lorg/spongepowered/asm/mixin/injection/callback/CallbackInfo;)V has 0 override(s) in child classes
[14:44:49] [Render thread/DEBUG] (FabricLoader/Mixin) fabric-lifecycle-events-v1.client.mixins.json:ClientPlayNetworkHandlerMixin from mod fabric-lifecycle-events-v1->@Inject::onGameJoin(Lnet/minecraft/network/packet/s2c/play/GameJoinS2CPacket;Lorg/spongepowered/asm/mixin/injection/callback/CallbackInfo;)V won't be passed a CallbackInfo as a result
[14:44:49] [Render thread/DEBUG] (FabricLoader/Mixin) fabric-lifecycle-events-v1.client.mixins.json:ClientPlayNetworkHandlerMixin from mod fabric-lifecycle-events-v1->@Inject::onClearWorld(Lorg/spongepowered/asm/mixin/injection/callback/CallbackInfo;)V doesn't use it's CallbackInfo
[14:44:49] [Render thread/DEBUG] (FabricLoader/Mixin) fabric-lifecycle-events-v1.client.mixins.json:ClientPlayNetworkHandlerMixin from mod fabric-lifecycle-events-v1->@Inject::onClearWorld(Lorg/spongepowered/asm/mixin/injection/callback/CallbackInfo;)V has 0 override(s) in child classes
[14:44:49] [Render thread/DEBUG] (FabricLoader/Mixin) fabric-lifecycle-events-v1.client.mixins.json:ClientPlayNetworkHandlerMixin from mod fabric-lifecycle-events-v1->@Inject::onClearWorld(Lorg/spongepowered/asm/mixin/injection/callback/CallbackInfo;)V won't be passed a CallbackInfo as a result
[14:44:49] [Render thread/DEBUG] (FabricLoader/Mixin) fabric-lifecycle-events-v1.client.mixins.json:ClientPlayNetworkHandlerMixin from mod fabric-lifecycle-events-v1->@Inject::hookOnSynchronizeTags(Lnet/minecraft/network/packet/s2c/play/SynchronizeTagsS2CPacket;Lorg/spongepowered/asm/mixin/injection/callback/CallbackInfo;)V doesn't use it's CallbackInfo
[14:44:49] [Render thread/DEBUG] (FabricLoader/Mixin) fabric-lifecycle-events-v1.client.mixins.json:ClientPlayNetworkHandlerMixin from mod fabric-lifecycle-events-v1->@Inject::hookOnSynchronizeTags(Lnet/minecraft/network/packet/s2c/play/SynchronizeTagsS2CPacket;Lorg/spongepowered/asm/mixin/injection/callback/CallbackInfo;)V has 0 override(s) in child classes
[14:44:49] [Render thread/DEBUG] (FabricLoader/Mixin) fabric-lifecycle-events-v1.client.mixins.json:ClientPlayNetworkHandlerMixin from mod fabric-lifecycle-events-v1->@Inject::hookOnSynchronizeTags(Lnet/minecraft/network/packet/s2c/play/SynchronizeTagsS2CPacket;Lorg/spongepowered/asm/mixin/injection/callback/CallbackInfo;)V won't be passed a CallbackInfo as a result
[14:44:49] [Render thread/DEBUG] (FabricLoader/Mixin) fabric-command-api-v2.client.mixins.json:ClientPlayNetworkHandlerMixin from mod fabric-command-api-v2->@Inject::onGameJoin(Lnet/minecraft/network/packet/s2c/play/GameJoinS2CPacket;Lorg/spongepowered/asm/mixin/injection/callback/CallbackInfo;)V doesn't use it's CallbackInfo
[14:44:49] [Render thread/DEBUG] (FabricLoader/Mixin) fabric-command-api-v2.client.mixins.json:ClientPlayNetworkHandlerMixin from mod fabric-command-api-v2->@Inject::onGameJoin(Lnet/minecraft/network/packet/s2c/play/GameJoinS2CPacket;Lorg/spongepowered/asm/mixin/injection/callback/CallbackInfo;)V has 0 override(s) in child classes
[14:44:49] [Render thread/DEBUG] (FabricLoader/Mixin) fabric-command-api-v2.client.mixins.json:ClientPlayNetworkHandlerMixin from mod fabric-command-api-v2->@Inject::onGameJoin(Lnet/minecraft/network/packet/s2c/play/GameJoinS2CPacket;Lorg/spongepowered/asm/mixin/injection/callback/CallbackInfo;)V won't be passed a CallbackInfo as a result
[14:44:49] [Render thread/DEBUG] (FabricLoader/Mixin) fabric-command-api-v2.client.mixins.json:ClientPlayNetworkHandlerMixin from mod fabric-command-api-v2->@Inject::onOnCommandTree(Lnet/minecraft/network/packet/s2c/play/CommandTreeS2CPacket;Lorg/spongepowered/asm/mixin/injection/callback/CallbackInfo;)V doesn't use it's CallbackInfo
[14:44:49] [Render thread/DEBUG] (FabricLoader/Mixin) fabric-command-api-v2.client.mixins.json:ClientPlayNetworkHandlerMixin from mod fabric-command-api-v2->@Inject::onOnCommandTree(Lnet/minecraft/network/packet/s2c/play/CommandTreeS2CPacket;Lorg/spongepowered/asm/mixin/injection/callback/CallbackInfo;)V has 0 override(s) in child classes
[14:44:49] [Render thread/DEBUG] (FabricLoader/Mixin) fabric-command-api-v2.client.mixins.json:ClientPlayNetworkHandlerMixin from mod fabric-command-api-v2->@Inject::onOnCommandTree(Lnet/minecraft/network/packet/s2c/play/CommandTreeS2CPacket;Lorg/spongepowered/asm/mixin/injection/callback/CallbackInfo;)V won't be passed a CallbackInfo as a result
[14:44:49] [Render thread/DEBUG] (FabricLoader/Mixin) fabric-command-api-v2.client.mixins.json:ClientPlayNetworkHandlerMixin from mod fabric-command-api-v2->@Inject::onSendCommand(Ljava/lang/String;Lorg/spongepowered/asm/mixin/injection/callback/CallbackInfoReturnable;)V does use it's CallbackInfoReturnable
[14:44:49] [Render thread/DEBUG] (FabricLoader/Mixin) fabric-command-api-v2.client.mixins.json:ClientPlayNetworkHandlerMixin from mod fabric-command-api-v2->@Inject::onSendCommand(Ljava/lang/String;Lorg/spongepowered/asm/mixin/injection/callback/CallbackInfo;)V does use it's CallbackInfo
[14:44:49] [Render thread/DEBUG] (FabricLoader/Mixin) sodium.mixins.json:core.world.map.ClientPlayNetworkHandlerMixin from mod sodium->@Inject::onLightDataReceived(IILnet/minecraft/network/packet/s2c/play/LightData;Lorg/spongepowered/asm/mixin/injection/callback/CallbackInfo;)V doesn't use it's CallbackInfo
[14:44:49] [Render thread/DEBUG] (FabricLoader/Mixin) sodium.mixins.json:core.world.map.ClientPlayNetworkHandlerMixin from mod sodium->@Inject::onLightDataReceived(IILnet/minecraft/network/packet/s2c/play/LightData;Lorg/spongepowered/asm/mixin/injection/callback/CallbackInfo;)V has 0 override(s) in child classes
[14:44:49] [Render thread/DEBUG] (FabricLoader/Mixin) sodium.mixins.json:core.world.map.ClientPlayNetworkHandlerMixin from mod sodium->@Inject::onLightDataReceived(IILnet/minecraft/network/packet/s2c/play/LightData;Lorg/spongepowered/asm/mixin/injection/callback/CallbackInfo;)V won't be passed a CallbackInfo as a result
[14:44:49] [Render thread/DEBUG] (FabricLoader/Mixin) sodium.mixins.json:core.world.map.ClientPlayNetworkHandlerMixin from mod sodium->@Inject::onChunkUnloadPacket(Lnet/minecraft/network/packet/s2c/play/UnloadChunkS2CPacket;Lorg/spongepowered/asm/mixin/injection/callback/CallbackInfo;)V doesn't use it's CallbackInfo
[14:44:49] [Render thread/DEBUG] (FabricLoader/Mixin) sodium.mixins.json:core.world.map.ClientPlayNetworkHandlerMixin from mod sodium->@Inject::onChunkUnloadPacket(Lnet/minecraft/network/packet/s2c/play/UnloadChunkS2CPacket;Lorg/spongepowered/asm/mixin/injection/callback/CallbackInfo;)V has 0 override(s) in child classes
[14:44:49] [Render thread/DEBUG] (FabricLoader/Mixin) sodium.mixins.json:core.world.map.ClientPlayNetworkHandlerMixin from mod sodium->@Inject::onChunkUnloadPacket(Lnet/minecraft/network/packet/s2c/play/UnloadChunkS2CPacket;Lorg/spongepowered/asm/mixin/injection/callback/CallbackInfo;)V won't be passed a CallbackInfo as a result
[14:44:49] [Render thread/DEBUG] (FabricLoader/Mixin) Mixing features.textures.animations.tracking.DrawContextMixin from sodium.mixins.json into net.minecraft.client.gui.DrawContext
[14:44:49] [Render thread/DEBUG] (FabricLoader/Mixin) sodium.mixins.json:features.textures.animations.tracking.DrawContextMixin from mod sodium->@Inject::preDrawSprite(IIIIILnet/minecraft/client/texture/Sprite;Lorg/spongepowered/asm/mixin/injection/callback/CallbackInfo;)V doesn't use it's CallbackInfo
[14:44:49] [Render thread/DEBUG] (FabricLoader/Mixin) sodium.mixins.json:features.textures.animations.tracking.DrawContextMixin from mod sodium->@Inject::preDrawSprite(IIIIILnet/minecraft/client/texture/Sprite;Lorg/spongepowered/asm/mixin/injection/callback/CallbackInfo;)V has 0 override(s) in child classes
[14:44:49] [Render thread/DEBUG] (FabricLoader/Mixin) sodium.mixins.json:features.textures.animations.tracking.DrawContextMixin from mod sodium->@Inject::preDrawSprite(IIIIILnet/minecraft/client/texture/Sprite;Lorg/spongepowered/asm/mixin/injection/callback/CallbackInfo;)V won't be passed a CallbackInfo as a result
[14:44:49] [Render thread/DEBUG] (FabricLoader/Mixin) sodium.mixins.json:features.textures.animations.tracking.DrawContextMixin from mod sodium->@Inject::preDrawSprite(IIIIILnet/minecraft/client/texture/Sprite;FFFFLorg/spongepowered/asm/mixin/injection/callback/CallbackInfo;)V doesn't use it's CallbackInfo
[14:44:49] [Render thread/DEBUG] (FabricLoader/Mixin) sodium.mixins.json:features.textures.animations.tracking.DrawContextMixin from mod sodium->@Inject::preDrawSprite(IIIIILnet/minecraft/client/texture/Sprite;FFFFLorg/spongepowered/asm/mixin/injection/callback/CallbackInfo;)V has 0 override(s) in child classes
[14:44:49] [Render thread/DEBUG] (FabricLoader/Mixin) sodium.mixins.json:features.textures.animations.tracking.DrawContextMixin from mod sodium->@Inject::preDrawSprite(IIIIILnet/minecraft/client/texture/Sprite;FFFFLorg/spongepowered/asm/mixin/injection/callback/CallbackInfo;)V won't be passed a CallbackInfo as a result
[14:44:49] [Render thread/INFO] (vialumix-autotest) Vialumix auto-test enabled in mode 'vanilla'.
[14:44:49] [Render thread/DEBUG] (FabricLoader/Mixin) Mixing ClientConnectionMixin from fabric-networking-api-v1.mixins.json into net.minecraft.network.ClientConnection
[14:44:49] [Render thread/DEBUG] (FabricLoader/Mixin) fabric-networking-api-v1.mixins.json:ClientConnectionMixin from mod fabric-networking-api-v1: Class version 61 required is higher than the class version supported by the current version of Mixin (JAVA_16 supports class version 60)
[14:44:49] [Render thread/DEBUG] (FabricLoader/Mixin) fabric-networking-api-v1.mixins.json:ClientConnectionMixin from mod fabric-networking-api-v1->@Inject::initAddedFields(Lnet/minecraft/network/NetworkSide;Lorg/spongepowered/asm/mixin/injection/callback/CallbackInfo;)V doesn't use it's CallbackInfo
[14:44:49] [Render thread/DEBUG] (FabricLoader/Mixin) fabric-networking-api-v1.mixins.json:ClientConnectionMixin from mod fabric-networking-api-v1->@Inject::initAddedFields(Lnet/minecraft/network/NetworkSide;Lorg/spongepowered/asm/mixin/injection/callback/CallbackInfo;)V has 0 override(s) in child classes
[14:44:49] [Render thread/DEBUG] (FabricLoader/Mixin) fabric-networking-api-v1.mixins.json:ClientConnectionMixin from mod fabric-networking-api-v1->@Inject::initAddedFields(Lnet/minecraft/network/NetworkSide;Lorg/spongepowered/asm/mixin/injection/callback/CallbackInfo;)V won't be passed a CallbackInfo as a result
[14:44:49] [Render thread/DEBUG] (FabricLoader/Mixin) fabric-networking-api-v1.mixins.json:ClientConnectionMixin from mod fabric-networking-api-v1->@Inject::checkPacket(Lnet/minecraft/network/packet/Packet;Lnet/minecraft/network/PacketCallbacks;Lorg/spongepowered/asm/mixin/injection/callback/CallbackInfo;)V doesn't use it's CallbackInfo
[14:44:49] [Render thread/DEBUG] (FabricLoader/Mixin) fabric-networking-api-v1.mixins.json:ClientConnectionMixin from mod fabric-networking-api-v1->@Inject::checkPacket(Lnet/minecraft/network/packet/Packet;Lnet/minecraft/network/PacketCallbacks;Lorg/spongepowered/asm/mixin/injection/callback/CallbackInfo;)V has 0 override(s) in child classes
[14:44:49] [Render thread/DEBUG] (FabricLoader/Mixin) fabric-networking-api-v1.mixins.json:ClientConnectionMixin from mod fabric-networking-api-v1->@Inject::checkPacket(Lnet/minecraft/network/packet/Packet;Lnet/minecraft/network/PacketCallbacks;Lorg/spongepowered/asm/mixin/injection/callback/CallbackInfo;)V won't be passed a CallbackInfo as a result
[14:44:49] [Render thread/DEBUG] (FabricLoader/Mixin) fabric-networking-api-v1.mixins.json:ClientConnectionMixin from mod fabric-networking-api-v1->@Inject::checkPacket(Lnet/minecraft/network/packet/Packet;Lnet/minecraft/network/PacketCallbacks;Lorg/spongepowered/asm/mixin/injection/callback/CallbackInfo;)V doesn't use it's CallbackInfo
[14:44:49] [Render thread/DEBUG] (FabricLoader/Mixin) fabric-networking-api-v1.mixins.json:ClientConnectionMixin from mod fabric-networking-api-v1->@Inject::checkPacket(Lnet/minecraft/network/packet/Packet;Lnet/minecraft/network/PacketCallbacks;Lorg/spongepowered/asm/mixin/injection/callback/CallbackInfo;)V has 0 override(s) in child classes
[14:44:49] [Render thread/DEBUG] (FabricLoader/Mixin) fabric-networking-api-v1.mixins.json:ClientConnectionMixin from mod fabric-networking-api-v1->@Inject::checkPacket(Lnet/minecraft/network/packet/Packet;Lnet/minecraft/network/PacketCallbacks;Lorg/spongepowered/asm/mixin/injection/callback/CallbackInfo;)V won't be passed a CallbackInfo as a result
[14:44:49] [Render thread/DEBUG] (FabricLoader/Mixin) fabric-networking-api-v1.mixins.json:ClientConnectionMixin from mod fabric-networking-api-v1->@Inject::handleDisconnect(Lio/netty/channel/ChannelHandlerContext;Lorg/spongepowered/asm/mixin/injection/callback/CallbackInfo;)V doesn't use it's CallbackInfo
[14:44:49] [Render thread/DEBUG] (FabricLoader/Mixin) fabric-networking-api-v1.mixins.json:ClientConnectionMixin from mod fabric-networking-api-v1->@Inject::handleDisconnect(Lio/netty/channel/ChannelHandlerContext;Lorg/spongepowered/asm/mixin/injection/callback/CallbackInfo;)V has 0 override(s) in child classes
[14:44:49] [Render thread/DEBUG] (FabricLoader/Mixin) fabric-networking-api-v1.mixins.json:ClientConnectionMixin from mod fabric-networking-api-v1->@Inject::handleDisconnect(Lio/netty/channel/ChannelHandlerContext;Lorg/spongepowered/asm/mixin/injection/callback/CallbackInfo;)V won't be passed a CallbackInfo as a result
[14:44:49] [Render thread/DEBUG] (FabricLoader/Mixin) fabric-networking-api-v1.mixins.json:ClientConnectionMixin from mod fabric-networking-api-v1->@Inject::sendInternal(Lnet/minecraft/network/packet/Packet;Lnet/minecraft/network/PacketCallbacks;Lnet/minecraft/network/NetworkState;Lnet/minecraft/network/NetworkState;Lorg/spongepowered/asm/mixin/injection/callback/CallbackInfo;Lio/netty/channel/ChannelFuture;)V does use it's CallbackInfo
[14:44:49] [Render thread/INFO] (net.fabricmc.fabric.impl.client.indigo.Indigo) [Indigo] Different rendering plugin detected; not applying Indigo.
[14:44:49] [Render thread/DEBUG] (FabricLoader/Mixin) Mixing options.MixinSodiumGameOptions from mixins.iris.compat.sodium.json into me.jellysquid.mods.sodium.client.gui.SodiumGameOptions
[14:44:49] [Render thread/DEBUG] (FabricLoader/Mixin) mixins.iris.compat.sodium.json:options.MixinSodiumGameOptions from mod iris: Class version 61 required is higher than the class version supported by the current version of Mixin (JAVA_8 supports class version 52)
[14:44:49] [Render thread/DEBUG] (FabricLoader/Mixin) mixins.iris.compat.sodium.json:options.MixinSodiumGameOptions from mod iris->@Inject::iris$writeIrisConfig(Lorg/spongepowered/asm/mixin/injection/callback/CallbackInfo;)V doesn't use it's CallbackInfo
[14:44:49] [Render thread/DEBUG] (FabricLoader/Mixin) Mixing MixinOptions_Entrypoint from mixins.iris.json into net.minecraft.client.option.GameOptions
[14:44:49] [Render thread/DEBUG] (FabricLoader/Mixin) mixins.iris.json:MixinOptions_Entrypoint from mod iris: Class version 61 required is higher than the class version supported by the current version of Mixin (JAVA_8 supports class version 52)
[14:44:49] [Render thread/DEBUG] (FabricLoader/Mixin) Mixing GameOptionsMixin from fabric-key-binding-api-v1.mixins.json into net.minecraft.client.option.GameOptions
[14:44:49] [Render thread/DEBUG] (FabricLoader/Mixin) fabric-key-binding-api-v1.mixins.json:GameOptionsMixin from mod fabric-key-binding-api-v1: Class version 61 required is higher than the class version supported by the current version of Mixin (JAVA_16 supports class version 60)
[14:44:49] [Render thread/DEBUG] (FabricLoader/Mixin) Mixing MixinMaxFpsCrashFix from mixins.iris.fixes.maxfpscrash.json into net.minecraft.client.option.GameOptions
[14:44:49] [Render thread/DEBUG] (FabricLoader/Mixin) mixins.iris.fixes.maxfpscrash.json:MixinMaxFpsCrashFix from mod iris: Class version 61 required is higher than the class version supported by the current version of Mixin (JAVA_8 supports class version 52)
[14:44:49] [Render thread/DEBUG] (FabricLoader/Mixin) Mixing GameOptionsMixin from fabric-resource-loader-v0.client.mixins.json into net.minecraft.client.option.GameOptions
[14:44:49] [Render thread/DEBUG] (FabricLoader/Mixin) fabric-resource-loader-v0.client.mixins.json:GameOptionsMixin from mod fabric-resource-loader-v0: Class version 61 required is higher than the class version supported by the current version of Mixin (JAVA_16 supports class version 60)
[14:44:49] [Render thread/DEBUG] (FabricLoader/Mixin) Mixing sky.MixinOptions_CloudsOverride from mixins.iris.json into net.minecraft.client.option.GameOptions
[14:44:49] [Render thread/DEBUG] (FabricLoader/Mixin) mixins.iris.json:sky.MixinOptions_CloudsOverride from mod iris: Class version 61 required is higher than the class version supported by the current version of Mixin (JAVA_8 supports class version 52)
[14:44:49] [Render thread/DEBUG] (FabricLoader/Mixin) Renaming synthetic method lambda$iris$overrideCloudsType$0(Lorg/spongepowered/asm/mixin/injection/callback/CallbackInfoReturnable;Lnet/irisshaders/iris/pipeline/WorldRenderingPipeline;)V to mda9fcf3$iris$lambda$iris$overrideCloudsType$0$0 in mixins.iris.json:sky.MixinOptions_CloudsOverride from mod iris
[14:44:49] [Render thread/DEBUG] (FabricLoader/Mixin) mixins.iris.json:MixinOptions_Entrypoint from mod iris->@Inject::iris$beforeLoadOptions(Lorg/spongepowered/asm/mixin/injection/callback/CallbackInfo;)V doesn't use it's CallbackInfo
[14:44:49] [Render thread/DEBUG] (FabricLoader/Mixin) mixins.iris.json:MixinOptions_Entrypoint from mod iris->@Inject::iris$beforeLoadOptions(Lorg/spongepowered/asm/mixin/injection/callback/CallbackInfo;)V has 0 override(s) in child classes
[14:44:49] [Render thread/DEBUG] (FabricLoader/Mixin) mixins.iris.json:MixinOptions_Entrypoint from mod iris->@Inject::iris$beforeLoadOptions(Lorg/spongepowered/asm/mixin/injection/callback/CallbackInfo;)V won't be passed a CallbackInfo as a result
[14:44:49] [Render thread/DEBUG] (FabricLoader/Mixin) fabric-key-binding-api-v1.mixins.json:GameOptionsMixin from mod fabric-key-binding-api-v1->@Inject::loadHook(Lorg/spongepowered/asm/mixin/injection/callback/CallbackInfo;)V doesn't use it's CallbackInfo
[14:44:49] [Render thread/DEBUG] (FabricLoader/Mixin) fabric-key-binding-api-v1.mixins.json:GameOptionsMixin from mod fabric-key-binding-api-v1->@Inject::loadHook(Lorg/spongepowered/asm/mixin/injection/callback/CallbackInfo;)V has 0 override(s) in child classes
[14:44:49] [Render thread/DEBUG] (FabricLoader/Mixin) fabric-key-binding-api-v1.mixins.json:GameOptionsMixin from mod fabric-key-binding-api-v1->@Inject::loadHook(Lorg/spongepowered/asm/mixin/injection/callback/CallbackInfo;)V won't be passed a CallbackInfo as a result
[14:44:49] [Render thread/DEBUG] (FabricLoader/Mixin) fabric-resource-loader-v0.client.mixins.json:GameOptionsMixin from mod fabric-resource-loader-v0->@Inject::onLoad(Lorg/spongepowered/asm/mixin/injection/callback/CallbackInfo;)V doesn't use it's CallbackInfo
[14:44:49] [Render thread/DEBUG] (FabricLoader/Mixin) fabric-resource-loader-v0.client.mixins.json:GameOptionsMixin from mod fabric-resource-loader-v0->@Inject::onLoad(Lorg/spongepowered/asm/mixin/injection/callback/CallbackInfo;)V has 0 override(s) in child classes
[14:44:49] [Render thread/DEBUG] (FabricLoader/Mixin) fabric-resource-loader-v0.client.mixins.json:GameOptionsMixin from mod fabric-resource-loader-v0->@Inject::onLoad(Lorg/spongepowered/asm/mixin/injection/callback/CallbackInfo;)V won't be passed a CallbackInfo as a result
[14:44:49] [Render thread/DEBUG] (FabricLoader/Mixin) fabric-resource-loader-v0.client.mixins.json:GameOptionsMixin from mod fabric-resource-loader-v0->@Inject::onLoad(Lorg/spongepowered/asm/mixin/injection/callback/CallbackInfo;)V doesn't use it's CallbackInfo
[14:44:49] [Render thread/DEBUG] (FabricLoader/Mixin) fabric-resource-loader-v0.client.mixins.json:GameOptionsMixin from mod fabric-resource-loader-v0->@Inject::onLoad(Lorg/spongepowered/asm/mixin/injection/callback/CallbackInfo;)V has 0 override(s) in child classes
[14:44:49] [Render thread/DEBUG] (FabricLoader/Mixin) fabric-resource-loader-v0.client.mixins.json:GameOptionsMixin from mod fabric-resource-loader-v0->@Inject::onLoad(Lorg/spongepowered/asm/mixin/injection/callback/CallbackInfo;)V won't be passed a CallbackInfo as a result
[14:44:49] [Render thread/DEBUG] (FabricLoader/Mixin) mixins.iris.json:sky.MixinOptions_CloudsOverride from mod iris->@Inject::iris$overrideCloudsType(Lorg/spongepowered/asm/mixin/injection/callback/CallbackInfoReturnable;)V does use it's CallbackInfoReturnable
[14:44:49] [Render thread/DEBUG] (FabricLoader/Mixin) Mixing SoundInstanceMixin from fabric-sound-api-v1.mixins.json into net.minecraft.client.sound.SoundInstance
[14:44:49] [ForkJoinPool.commonPool-worker-1/WARN] (Iris) [Iris Update Check] Cached update file detected, using that!
[14:44:49] [Render thread/DEBUG] (FabricLoader/Mixin) Mixing ResourcePackProfileMixin from fabric-resource-loader-v0.mixins.json into net.minecraft.resource.ResourcePackProfile
[14:44:49] [Render thread/DEBUG] (FabricLoader/Mixin) fabric-resource-loader-v0.mixins.json:ResourcePackProfileMixin from mod fabric-resource-loader-v0: Class version 61 required is higher than the class version supported by the current version of Mixin (JAVA_16 supports class version 60)
[14:44:49] [Render thread/DEBUG] (FabricLoader/Mixin) fabric-resource-loader-v0.mixins.json:ResourcePackProfileMixin from mod fabric-resource-loader-v0->@Inject::onCreateResourcePack(Lorg/spongepowered/asm/mixin/injection/callback/CallbackInfoReturnable;)V does use it's CallbackInfoReturnable
[14:44:49] [Render thread/INFO] (net.minecraft.client.MinecraftClient) Backend library: LWJGL version 3.3.1 SNAPSHOT
[14:44:49] [Render thread/DEBUG] (FabricLoader/Mixin) Mixing core.WindowMixin from sodium.mixins.json into net.minecraft.client.util.Window
[14:44:49] [Render thread/DEBUG] (FabricLoader/Mixin) Mixing workarounds.context_creation.WindowMixin from sodium.mixins.json into net.minecraft.client.util.Window
[14:44:49] [Render thread/DEBUG] (FabricLoader/Mixin) Mixing MixinWindow from mixins.iris.json into net.minecraft.client.util.Window
[14:44:49] [Render thread/DEBUG] (FabricLoader/Mixin) mixins.iris.json:MixinWindow from mod iris: Class version 61 required is higher than the class version supported by the current version of Mixin (JAVA_8 supports class version 52)
[14:44:49] [Render thread/DEBUG] (FabricLoader/Mixin) sodium.mixins.json:core.WindowMixin from mod sodium->@Inject::setAdditionalWindowHints(Lorg/spongepowered/asm/mixin/injection/callback/CallbackInfo;)V doesn't use it's CallbackInfo
[14:44:49] [Render thread/DEBUG] (FabricLoader/Mixin) sodium.mixins.json:workarounds.context_creation.WindowMixin from mod sodium->@Inject::postWindowCreated(Lnet/minecraft/client/WindowEventHandler;Lnet/minecraft/client/util/MonitorTracker;Lnet/minecraft/client/WindowSettings;Ljava/lang/String;Ljava/lang/String;Lorg/spongepowered/asm/mixin/injection/callback/CallbackInfo;)V doesn't use it's CallbackInfo
[14:44:49] [Render thread/DEBUG] (FabricLoader/Mixin) sodium.mixins.json:workarounds.context_creation.WindowMixin from mod sodium->@Inject::preSwapBuffers(Lorg/spongepowered/asm/mixin/injection/callback/CallbackInfo;)V doesn't use it's CallbackInfo
[14:44:49] [Render thread/DEBUG] (FabricLoader/Mixin) mixins.iris.json:MixinWindow from mod iris->@Inject::iris$enableDebugContext(Lnet/minecraft/client/WindowEventHandler;Lnet/minecraft/client/util/MonitorTracker;Lnet/minecraft/client/WindowSettings;Ljava/lang/String;Ljava/lang/String;Lorg/spongepowered/asm/mixin/injection/callback/CallbackInfo;)V doesn't use it's CallbackInfo
[14:44:49] [Render thread/INFO] (Sodium-NvidiaWorkarounds) Modifying process environment to apply workarounds for the NVIDIA graphics driver...
[14:44:49] [Render thread/INFO] (net.minecraft.client.util.Window) OpenGL Vendor: NVIDIA Corporation
[14:44:49] [Render thread/INFO] (net.minecraft.client.util.Window) OpenGL Renderer: NVIDIA GeForce RTX 5070/PCIe/SSE2
[14:44:49] [Render thread/INFO] (net.minecraft.client.util.Window) OpenGL Version: 3.2.0 NVIDIA 617.14
[14:44:49] [Render thread/INFO] (Sodium-NvidiaWorkarounds) Modifying OpenGL context to apply workarounds for the NVIDIA graphics driver...
[14:44:49] [Render thread/INFO] (Sodium-NvidiaWorkarounds) Enabling GL_DEBUG_OUTPUT_SYNCHRONOUS to force the NVIDIA driver to disable threadedcommand submission
[14:44:49] [Render thread/WARN] (Sodium-Win32ModuleChecks) RivaTuner Statistics Server (RTSS) has injected into the process! Attempting to apply workarounds for compatibility...
[14:44:49] [Render thread/INFO] (Sodium-Win32ModuleChecks) Searching directory: C:\Program Files (x86)\RivaTuner Statistics Server
[14:44:49] [Render thread/INFO] (Sodium-Win32ModuleChecks) Parsing file: C:\Program Files (x86)\RivaTuner Statistics Server\RTSS.exe
[14:44:49] [Render thread/INFO] (Sodium-Win32ModuleChecks) Detected RivaTuner Statistics Server version: 7.3.5.28314
[14:44:49] [Render thread/DEBUG] (FabricLoader/Mixin) Mixing features.textures.NativeImageAccessor from sodium.mixins.json into net.minecraft.client.texture.NativeImage
[14:44:49] [Render thread/DEBUG] (FabricLoader/Mixin) Mixing MouseMixin from fabric-screen-api-v1.mixins.json into net.minecraft.client.Mouse
[14:44:49] [Render thread/DEBUG] (FabricLoader/Mixin) fabric-screen-api-v1.mixins.json:MouseMixin from mod fabric-screen-api-v1: Class version 61 required is higher than the class version supported by the current version of Mixin (JAVA_16 supports class version 60)
[14:44:49] [Render thread/DEBUG] (FabricLoader/Mixin) fabric-screen-api-v1.mixins.json:MouseMixin from mod fabric-screen-api-v1->@Inject::beforeMouseClickedEvent([ZLnet/minecraft/client/gui/screen/Screen;DDILorg/spongepowered/asm/mixin/injection/callback/CallbackInfo;)V does use it's CallbackInfo
[14:44:49] [Render thread/DEBUG] (FabricLoader/Mixin) fabric-screen-api-v1.mixins.json:MouseMixin from mod fabric-screen-api-v1->@Inject::afterMouseClickedEvent([ZLnet/minecraft/client/gui/screen/Screen;DDILorg/spongepowered/asm/mixin/injection/callback/CallbackInfo;)V doesn't use it's CallbackInfo
[14:44:49] [Render thread/DEBUG] (FabricLoader/Mixin) fabric-screen-api-v1.mixins.json:MouseMixin from mod fabric-screen-api-v1->@Inject::beforeMouseReleasedEvent([ZLnet/minecraft/client/gui/screen/Screen;DDILorg/spongepowered/asm/mixin/injection/callback/CallbackInfo;)V does use it's CallbackInfo
[14:44:49] [Render thread/DEBUG] (FabricLoader/Mixin) fabric-screen-api-v1.mixins.json:MouseMixin from mod fabric-screen-api-v1->@Inject::afterMouseReleasedEvent([ZLnet/minecraft/client/gui/screen/Screen;DDILorg/spongepowered/asm/mixin/injection/callback/CallbackInfo;)V doesn't use it's CallbackInfo
[14:44:49] [Render thread/DEBUG] (FabricLoader/Mixin) fabric-screen-api-v1.mixins.json:MouseMixin from mod fabric-screen-api-v1->@Inject::beforeMouseScrollEvent(JDDLorg/spongepowered/asm/mixin/injection/callback/CallbackInfo;DDD)V does use it's CallbackInfo
[14:44:49] [Render thread/DEBUG] (FabricLoader/Mixin) fabric-screen-api-v1.mixins.json:MouseMixin from mod fabric-screen-api-v1->@Inject::afterMouseScrollEvent(JDDLorg/spongepowered/asm/mixin/injection/callback/CallbackInfo;DDD)V doesn't use it's CallbackInfo
[14:44:49] [Render thread/DEBUG] (FabricLoader/Mixin) fabric-screen-api-v1.mixins.json:MouseMixin from mod fabric-screen-api-v1->@Inject::afterMouseScrollEvent(JDDLorg/spongepowered/asm/mixin/injection/callback/CallbackInfo;DDD)V has 0 override(s) in child classes
[14:44:49] [Render thread/DEBUG] (FabricLoader/Mixin) fabric-screen-api-v1.mixins.json:MouseMixin from mod fabric-screen-api-v1->@Inject::afterMouseScrollEvent(JDDLorg/spongepowered/asm/mixin/injection/callback/CallbackInfo;DDD)V won't be passed a CallbackInfo as a result
[14:44:49] [Render thread/DEBUG] (FabricLoader/Mixin) Mixing KeyboardMixin from fabric-screen-api-v1.mixins.json into net.minecraft.client.Keyboard
[14:44:49] [Render thread/DEBUG] (FabricLoader/Mixin) fabric-screen-api-v1.mixins.json:KeyboardMixin from mod fabric-screen-api-v1: Class version 61 required is higher than the class version supported by the current version of Mixin (JAVA_16 supports class version 60)
[14:44:49] [Render thread/DEBUG] (FabricLoader/Mixin) fabric-screen-api-v1.mixins.json:KeyboardMixin from mod fabric-screen-api-v1->@Inject::beforeKeyPressedEvent(ILnet/minecraft/client/gui/screen/Screen;[ZIIILorg/spongepowered/asm/mixin/injection/callback/CallbackInfo;)V does use it's CallbackInfo
[14:44:49] [Render thread/DEBUG] (FabricLoader/Mixin) fabric-screen-api-v1.mixins.json:KeyboardMixin from mod fabric-screen-api-v1->@Inject::afterKeyPressedEvent(ILnet/minecraft/client/gui/screen/Screen;[ZIIILorg/spongepowered/asm/mixin/injection/callback/CallbackInfo;)V doesn't use it's CallbackInfo
[14:44:49] [Render thread/DEBUG] (FabricLoader/Mixin) fabric-screen-api-v1.mixins.json:KeyboardMixin from mod fabric-screen-api-v1->@Inject::beforeKeyReleasedEvent(ILnet/minecraft/client/gui/screen/Screen;[ZIIILorg/spongepowered/asm/mixin/injection/callback/CallbackInfo;)V does use it's CallbackInfo
[14:44:49] [Render thread/DEBUG] (FabricLoader/Mixin) fabric-screen-api-v1.mixins.json:KeyboardMixin from mod fabric-screen-api-v1->@Inject::afterKeyReleasedEvent(ILnet/minecraft/client/gui/screen/Screen;[ZIIILorg/spongepowered/asm/mixin/injection/callback/CallbackInfo;)V doesn't use it's CallbackInfo
[14:44:49] [Render thread/DEBUG] (FabricLoader/Mixin) Mixing GlStateManagerAccessor from mixins.iris.json into com.mojang.blaze3d.platform.GlStateManager
[14:44:49] [Render thread/DEBUG] (FabricLoader/Mixin) mixins.iris.json:GlStateManagerAccessor from mod iris: Class version 61 required is higher than the class version supported by the current version of Mixin (JAVA_8 supports class version 52)
[14:44:49] [Render thread/DEBUG] (FabricLoader/Mixin) Renaming @Accessor method getBLEND()Lcom/mojang/blaze3d/platform/GlStateManager$BlendFuncState; to getBLEND$iris_$md$a9fcf3$0 in mixins.iris.json:GlStateManagerAccessor from mod iris
[14:44:49] [Render thread/DEBUG] (FabricLoader/Mixin) Renaming @Accessor method getCOLOR_MASK()Lcom/mojang/blaze3d/platform/GlStateManager$ColorMask; to getCOLOR_MASK$iris_$md$a9fcf3$1 in mixins.iris.json:GlStateManagerAccessor from mod iris
[14:44:49] [Render thread/DEBUG] (FabricLoader/Mixin) Renaming @Accessor method getDEPTH()Lcom/mojang/blaze3d/platform/GlStateManager$DepthTestState; to getDEPTH$iris_$md$a9fcf3$2 in mixins.iris.json:GlStateManagerAccessor from mod iris
[14:44:49] [Render thread/DEBUG] (FabricLoader/Mixin) Renaming @Accessor method getActiveTexture()I to getActiveTexture$iris_$md$a9fcf3$3 in mixins.iris.json:GlStateManagerAccessor from mod iris
[14:44:49] [Render thread/DEBUG] (FabricLoader/Mixin) Renaming @Accessor method getTEXTURES()[Lcom/mojang/blaze3d/platform/GlStateManager$Texture2DState; to getTEXTURES$iris_$md$a9fcf3$4 in mixins.iris.json:GlStateManagerAccessor from mod iris
[14:44:49] [Render thread/DEBUG] (FabricLoader/Mixin) Mixing MixinGlStateManager from mixins.iris.json into com.mojang.blaze3d.platform.GlStateManager
[14:44:49] [Render thread/DEBUG] (FabricLoader/Mixin) mixins.iris.json:MixinGlStateManager from mod iris: Class version 61 required is higher than the class version supported by the current version of Mixin (JAVA_8 supports class version 52)
[14:44:49] [Render thread/DEBUG] (FabricLoader/Mixin) Mixing MixinGlStateManager_BlendOverride from mixins.iris.json into com.mojang.blaze3d.platform.GlStateManager
[14:44:49] [Render thread/DEBUG] (FabricLoader/Mixin) mixins.iris.json:MixinGlStateManager_BlendOverride from mod iris: Class version 61 required is higher than the class version supported by the current version of Mixin (JAVA_8 supports class version 52)
[14:44:49] [Render thread/DEBUG] (FabricLoader/Mixin) Mixing MixinGlStateManager_DepthColorOverride from mixins.iris.json into com.mojang.blaze3d.platform.GlStateManager
[14:44:49] [Render thread/DEBUG] (FabricLoader/Mixin) mixins.iris.json:MixinGlStateManager_DepthColorOverride from mod iris: Class version 61 required is higher than the class version supported by the current version of Mixin (JAVA_8 supports class version 52)
[14:44:49] [Render thread/DEBUG] (FabricLoader/Mixin) Mixing MixinGlStateManager_FramebufferBinding from mixins.iris.json into com.mojang.blaze3d.platform.GlStateManager
[14:44:49] [Render thread/DEBUG] (FabricLoader/Mixin) mixins.iris.json:MixinGlStateManager_FramebufferBinding from mod iris: Class version 61 required is higher than the class version supported by the current version of Mixin (JAVA_8 supports class version 52)
[14:44:49] [Render thread/DEBUG] (FabricLoader/Mixin) Mixing statelisteners.MixinGlStateManager from mixins.iris.json into com.mojang.blaze3d.platform.GlStateManager
[14:44:49] [Render thread/DEBUG] (FabricLoader/Mixin) mixins.iris.json:statelisteners.MixinGlStateManager from mod iris: Class version 61 required is higher than the class version supported by the current version of Mixin (JAVA_8 supports class version 52)
[14:44:49] [Render thread/DEBUG] (FabricLoader/Mixin) Renaming synthetic method lambda$static$0(Ljava/lang/Runnable;)V to mda9fcf3$iris$lambda$static$0$5 in mixins.iris.json:statelisteners.MixinGlStateManager from mod iris
[14:44:49] [Render thread/DEBUG] (FabricLoader/Mixin) Mixing texture.MixinGlStateManager from mixins.iris.json into com.mojang.blaze3d.platform.GlStateManager
[14:44:49] [Render thread/DEBUG] (FabricLoader/Mixin) mixins.iris.json:texture.MixinGlStateManager from mod iris: Class version 61 required is higher than the class version supported by the current version of Mixin (JAVA_8 supports class version 52)
[14:44:49] [Render thread/DEBUG] (FabricLoader/Mixin) mixins.iris.json:MixinGlStateManager_BlendOverride from mod iris->@Inject::iris$blendDisableLock(Lorg/spongepowered/asm/mixin/injection/callback/CallbackInfo;)V does use it's CallbackInfo
[14:44:49] [Render thread/DEBUG] (FabricLoader/Mixin) mixins.iris.json:MixinGlStateManager_BlendOverride from mod iris->@Inject::iris$blendEnableLock(Lorg/spongepowered/asm/mixin/injection/callback/CallbackInfo;)V does use it's CallbackInfo
[14:44:49] [Render thread/DEBUG] (FabricLoader/Mixin) mixins.iris.json:MixinGlStateManager_BlendOverride from mod iris->@Inject::iris$blendFuncLock(IILorg/spongepowered/asm/mixin/injection/callback/CallbackInfo;)V does use it's CallbackInfo
[14:44:49] [Render thread/DEBUG] (FabricLoader/Mixin) mixins.iris.json:MixinGlStateManager_BlendOverride from mod iris->@Inject::iris$blendFuncSeparateLock(IIIILorg/spongepowered/asm/mixin/injection/callback/CallbackInfo;)V does use it's CallbackInfo
[14:44:49] [Render thread/DEBUG] (FabricLoader/Mixin) mixins.iris.json:MixinGlStateManager_DepthColorOverride from mod iris->@Inject::iris$colorMaskLock(ZZZZLorg/spongepowered/asm/mixin/injection/callback/CallbackInfo;)V does use it's CallbackInfo
[14:44:49] [Render thread/DEBUG] (FabricLoader/Mixin) mixins.iris.json:MixinGlStateManager_DepthColorOverride from mod iris->@Inject::iris$depthMaskLock(ZLorg/spongepowered/asm/mixin/injection/callback/CallbackInfo;)V does use it's CallbackInfo
[14:44:49] [Render thread/DEBUG] (FabricLoader/Mixin) mixins.iris.json:MixinGlStateManager_DepthColorOverride from mod iris->@Inject::iris$resetTessellation(ILorg/spongepowered/asm/mixin/injection/callback/CallbackInfo;)V doesn't use it's CallbackInfo
[14:44:49] [Render thread/DEBUG] (FabricLoader/Mixin) mixins.iris.json:MixinGlStateManager_FramebufferBinding from mod iris->@Inject::iris$avoidRedundantBind(IILorg/spongepowered/asm/mixin/injection/callback/CallbackInfo;)V does use it's CallbackInfo
[14:44:49] [Render thread/DEBUG] (FabricLoader/Mixin) mixins.iris.json:MixinGlStateManager_FramebufferBinding from mod iris->@Inject::iris$avoidRedundantBind2(ILorg/spongepowered/asm/mixin/injection/callback/CallbackInfo;)V does use it's CallbackInfo
[14:44:49] [Render thread/DEBUG] (FabricLoader/Mixin) mixins.iris.json:MixinGlStateManager_FramebufferBinding from mod iris->@Inject::iris$trackFramebufferDelete(ILorg/spongepowered/asm/mixin/injection/callback/CallbackInfo;)V doesn't use it's CallbackInfo
[14:44:49] [Render thread/DEBUG] (FabricLoader/Mixin) mixins.iris.json:statelisteners.MixinGlStateManager from mod iris->@Inject::iris$onBlendFunc(IILorg/spongepowered/asm/mixin/injection/callback/CallbackInfo;)V doesn't use it's CallbackInfo
[14:44:49] [Render thread/DEBUG] (FabricLoader/Mixin) mixins.iris.json:statelisteners.MixinGlStateManager from mod iris->@Inject::iris$onBlendFuncSeparate(IIIILorg/spongepowered/asm/mixin/injection/callback/CallbackInfo;)V doesn't use it's CallbackInfo
[14:44:49] [Render thread/DEBUG] (FabricLoader/Mixin) mixins.iris.json:texture.MixinGlStateManager from mod iris->@Inject::iris$onTexImage2D(IIIIIIIILjava/nio/IntBuffer;Lorg/spongepowered/asm/mixin/injection/callback/CallbackInfo;)V doesn't use it's CallbackInfo
[14:44:49] [Render thread/DEBUG] (FabricLoader/Mixin) mixins.iris.json:texture.MixinGlStateManager from mod iris->@Inject::iris$onDeleteTexture(ILorg/spongepowered/asm/mixin/injection/callback/CallbackInfo;)V doesn't use it's CallbackInfo
[14:44:49] [Render thread/DEBUG] (FabricLoader/Mixin) mixins.iris.json:texture.MixinGlStateManager from mod iris->@Inject::iris$onDeleteTextures([ILorg/spongepowered/asm/mixin/injection/callback/CallbackInfo;)V doesn't use it's CallbackInfo
[14:44:49] [Render thread/DEBUG] (FabricLoader/Mixin) Mixing MixinBooleanState from mixins.iris.json into com.mojang.blaze3d.platform.GlStateManager$CapabilityTracker
[14:44:49] [Render thread/DEBUG] (FabricLoader/Mixin) mixins.iris.json:MixinBooleanState from mod iris: Class version 61 required is higher than the class version supported by the current version of Mixin (JAVA_8 supports class version 52)
[14:44:49] [Render thread/DEBUG] (FabricLoader/Mixin) Mixing statelisteners.BooleanStateAccessor from mixins.iris.json into com.mojang.blaze3d.platform.GlStateManager$CapabilityTracker
[14:44:49] [Render thread/DEBUG] (FabricLoader/Mixin) mixins.iris.json:statelisteners.BooleanStateAccessor from mod iris: Class version 61 required is higher than the class version supported by the current version of Mixin (JAVA_8 supports class version 52)
[14:44:49] [Render thread/DEBUG] (FabricLoader/Mixin) mixins.iris.json:MixinBooleanState from mod iris->@Inject::iris$setUnknownState(ZLorg/spongepowered/asm/mixin/injection/callback/CallbackInfo;)V does use it's CallbackInfo
[14:44:49] [Render thread/INFO] (Iris) Debug functionality is disabled.
[14:44:49] [Render thread/INFO] (Iris) ARB_direct_state_access detected, enabling DSA.
[14:44:49] [Render thread/INFO] (Iris) Shaders are disabled because no valid shaderpack is selected
[14:44:49] [Render thread/DEBUG] (FabricLoader/Mixin) Mixing ReloadableResourceManagerImplMixin from fabric-resource-loader-v0.mixins.json into net.minecraft.resource.ReloadableResourceManagerImpl
[14:44:49] [Render thread/DEBUG] (FabricLoader/Mixin) fabric-resource-loader-v0.mixins.json:ReloadableResourceManagerImplMixin from mod fabric-resource-loader-v0: Class version 61 required is higher than the class version supported by the current version of Mixin (JAVA_16 supports class version 60)
[14:44:49] [Render thread/DEBUG] (FabricLoader/Mixin) Renaming synthetic method lambda$getResourcePackNames$0(Lnet/minecraft/resource/ResourcePack;)Ljava/lang/String; to mda9fcf3$fabric-resource-loader-v0$lambda$getResourcePackNames$0$0 in fabric-resource-loader-v0.mixins.json:ReloadableResourceManagerImplMixin from mod fabric-resource-loader-v0
[14:44:49] [Render thread/DEBUG] (FabricLoader/Mixin) fabric-resource-loader-v0.mixins.json:ReloadableResourceManagerImplMixin from mod fabric-resource-loader-v0->@Inject::getResourcePackNames(Ljava/util/List;Lorg/spongepowered/asm/mixin/injection/callback/CallbackInfoReturnable;)V does use it's CallbackInfoReturnable
[14:44:49] [Render thread/DEBUG] (FabricLoader/Mixin) Mixing LifecycledResourceManagerImplMixin from fabric-resource-loader-v0.mixins.json into net.minecraft.resource.LifecycledResourceManagerImpl
[14:44:49] [Render thread/DEBUG] (FabricLoader/Mixin) fabric-resource-loader-v0.mixins.json:LifecycledResourceManagerImplMixin from mod fabric-resource-loader-v0: Class version 61 required is higher than the class version supported by the current version of Mixin (JAVA_16 supports class version 60)
[14:44:49] [Render thread/DEBUG] (FabricLoader/Mixin) fabric-resource-loader-v0.mixins.json:LifecycledResourceManagerImplMixin from mod fabric-resource-loader-v0->@Inject::init(Lnet/minecraft/resource/ResourceType;Ljava/util/List;Lorg/spongepowered/asm/mixin/injection/callback/CallbackInfo;)V doesn't use it's CallbackInfo
[14:44:49] [Render thread/DEBUG] (FabricLoader/Mixin) fabric-resource-loader-v0.mixins.json:LifecycledResourceManagerImplMixin from mod fabric-resource-loader-v0->@Inject::init(Lnet/minecraft/resource/ResourceType;Ljava/util/List;Lorg/spongepowered/asm/mixin/injection/callback/CallbackInfo;)V has 0 override(s) in child classes
[14:44:49] [Render thread/DEBUG] (FabricLoader/Mixin) fabric-resource-loader-v0.mixins.json:LifecycledResourceManagerImplMixin from mod fabric-resource-loader-v0->@Inject::init(Lnet/minecraft/resource/ResourceType;Ljava/util/List;Lorg/spongepowered/asm/mixin/injection/callback/CallbackInfo;)V won't be passed a CallbackInfo as a result
[14:44:50] [Render thread/DEBUG] (FabricLoader/Mixin) Mixing KeyedResourceReloadListenerClientMixin from fabric-resource-loader-v0.client.mixins.json into net.minecraft.client.resource.language.LanguageManager
[14:44:50] [Render thread/DEBUG] (FabricLoader/Mixin) fabric-resource-loader-v0.client.mixins.json:KeyedResourceReloadListenerClientMixin from mod fabric-resource-loader-v0: Class version 61 required is higher than the class version supported by the current version of Mixin (JAVA_16 supports class version 60)
[14:44:50] [Render thread/DEBUG] (FabricLoader/Mixin) Mixing MixinClientLanguage from mixins.iris.json into net.minecraft.client.resource.language.TranslationStorage
[14:44:50] [Render thread/DEBUG] (FabricLoader/Mixin) mixins.iris.json:MixinClientLanguage from mod iris: Class version 61 required is higher than the class version supported by the current version of Mixin (JAVA_8 supports class version 52)
[14:44:50] [Render thread/DEBUG] (FabricLoader/Mixin) mixins.iris.json:MixinClientLanguage from mod iris->@Inject::injectFrom(Ljava/lang/String;Ljava/util/List;Ljava/util/Map;Lorg/spongepowered/asm/mixin/injection/callback/CallbackInfo;)V doesn't use it's CallbackInfo
[14:44:50] [Render thread/DEBUG] (FabricLoader/Mixin) mixins.iris.json:MixinClientLanguage from mod iris->@Inject::check(Lnet/minecraft/resource/ResourceManager;Ljava/util/List;ZLorg/spongepowered/asm/mixin/injection/callback/CallbackInfoReturnable;)V doesn't use it's CallbackInfoReturnable
[14:44:50] [Render thread/DEBUG] (FabricLoader/Mixin) mixins.iris.json:MixinClientLanguage from mod iris->@Inject::iris$addLanguageEntries(Ljava/lang/String;Ljava/lang/String;Lorg/spongepowered/asm/mixin/injection/callback/CallbackInfoReturnable;)V does use it's CallbackInfoReturnable
[14:44:50] [Render thread/DEBUG] (FabricLoader/Mixin) mixins.iris.json:MixinClientLanguage from mod iris->@Inject::iris$addLanguageEntriesToTranslationChecks(Ljava/lang/String;Lorg/spongepowered/asm/mixin/injection/callback/CallbackInfoReturnable;)V does use it's CallbackInfoReturnable
[14:44:50] [Render thread/DEBUG] (FabricLoader/Mixin) Mixing texture.MixinTextureManager from mixins.iris.json into net.minecraft.client.texture.TextureManager
[14:44:50] [Render thread/DEBUG] (FabricLoader/Mixin) mixins.iris.json:texture.MixinTextureManager from mod iris: Class version 61 required is higher than the class version supported by the current version of Mixin (JAVA_8 supports class version 52)
[14:44:50] [Render thread/DEBUG] (FabricLoader/Mixin) Mixing KeyedResourceReloadListenerClientMixin from fabric-resource-loader-v0.client.mixins.json into net.minecraft.client.texture.TextureManager
[14:44:50] [Render thread/DEBUG] (FabricLoader/Mixin) fabric-resource-loader-v0.client.mixins.json:KeyedResourceReloadListenerClientMixin from mod fabric-resource-loader-v0: Class version 61 required is higher than the class version supported by the current version of Mixin (JAVA_16 supports class version 60)
[14:44:50] [Render thread/DEBUG] (FabricLoader/Mixin) mixins.iris.json:texture.MixinTextureManager from mod iris->@Inject::iris$onTailReloadLambda(Lnet/minecraft/resource/ResourceManager;Ljava/util/concurrent/Executor;Ljava/util/concurrent/CompletableFuture;Ljava/lang/Void;Lorg/spongepowered/asm/mixin/injection/callback/CallbackInfo;)V doesn't use it's CallbackInfo
[14:44:50] [Render thread/DEBUG] (FabricLoader/Mixin) mixins.iris.json:texture.MixinTextureManager from mod iris->@Inject::iris$onTailReloadLambda(Lnet/minecraft/resource/ResourceManager;Ljava/util/concurrent/Executor;Ljava/util/concurrent/CompletableFuture;Ljava/lang/Void;Lorg/spongepowered/asm/mixin/injection/callback/CallbackInfo;)V has 0 override(s) in child classes
[14:44:50] [Render thread/DEBUG] (FabricLoader/Mixin) mixins.iris.json:texture.MixinTextureManager from mod iris->@Inject::iris$onTailReloadLambda(Lnet/minecraft/resource/ResourceManager;Ljava/util/concurrent/Executor;Ljava/util/concurrent/CompletableFuture;Ljava/lang/Void;Lorg/spongepowered/asm/mixin/injection/callback/CallbackInfo;)V won't be passed a CallbackInfo as a result
[14:44:50] [Render thread/DEBUG] (FabricLoader/Mixin) mixins.iris.json:texture.MixinTextureManager from mod iris->@Inject::iris$onInnerDumpTextures(Ljava/nio/file/Path;Lorg/spongepowered/asm/mixin/injection/callback/CallbackInfo;)V doesn't use it's CallbackInfo
[14:44:50] [Render thread/DEBUG] (FabricLoader/Mixin) mixins.iris.json:texture.MixinTextureManager from mod iris->@Inject::iris$onInnerDumpTextures(Ljava/nio/file/Path;Lorg/spongepowered/asm/mixin/injection/callback/CallbackInfo;)V has 0 override(s) in child classes
[14:44:50] [Render thread/DEBUG] (FabricLoader/Mixin) mixins.iris.json:texture.MixinTextureManager from mod iris->@Inject::iris$onInnerDumpTextures(Ljava/nio/file/Path;Lorg/spongepowered/asm/mixin/injection/callback/CallbackInfo;)V won't be passed a CallbackInfo as a result
[14:44:50] [Render thread/DEBUG] (FabricLoader/Mixin) mixins.iris.json:texture.MixinTextureManager from mod iris->@Inject::iris$onInnerDumpTextures(Ljava/nio/file/Path;Lorg/spongepowered/asm/mixin/injection/callback/CallbackInfo;)V doesn't use it's CallbackInfo
[14:44:50] [Render thread/DEBUG] (FabricLoader/Mixin) mixins.iris.json:texture.MixinTextureManager from mod iris->@Inject::iris$onInnerDumpTextures(Ljava/nio/file/Path;Lorg/spongepowered/asm/mixin/injection/callback/CallbackInfo;)V has 0 override(s) in child classes
[14:44:50] [Render thread/DEBUG] (FabricLoader/Mixin) mixins.iris.json:texture.MixinTextureManager from mod iris->@Inject::iris$onInnerDumpTextures(Ljava/nio/file/Path;Lorg/spongepowered/asm/mixin/injection/callback/CallbackInfo;)V won't be passed a CallbackInfo as a result
[14:44:50] [Render thread/DEBUG] (FabricLoader/Mixin) mixins.iris.json:texture.MixinTextureManager from mod iris->@Inject::iris$onTailClose(Lorg/spongepowered/asm/mixin/injection/callback/CallbackInfo;)V doesn't use it's CallbackInfo
[14:44:50] [Render thread/DEBUG] (FabricLoader/Mixin) mixins.iris.json:texture.MixinTextureManager from mod iris->@Inject::iris$onTailClose(Lorg/spongepowered/asm/mixin/injection/callback/CallbackInfo;)V has 0 override(s) in child classes
[14:44:50] [Render thread/DEBUG] (FabricLoader/Mixin) mixins.iris.json:texture.MixinTextureManager from mod iris->@Inject::iris$onTailClose(Lorg/spongepowered/asm/mixin/injection/callback/CallbackInfo;)V won't be passed a CallbackInfo as a result
[14:44:50] [Render thread/DEBUG] (FabricLoader/Mixin) Mixing texture.SimpleTextureAccessor from mixins.iris.json into net.minecraft.client.texture.ResourceTexture
[14:44:50] [Render thread/DEBUG] (FabricLoader/Mixin) mixins.iris.json:texture.SimpleTextureAccessor from mod iris: Class version 61 required is higher than the class version supported by the current version of Mixin (JAVA_8 supports class version 52)
[14:44:50] [Render thread/DEBUG] (FabricLoader/Mixin) Mixing KeyedResourceReloadListenerClientMixin from fabric-resource-loader-v0.client.mixins.json into net.minecraft.client.sound.SoundManager
[14:44:50] [Render thread/DEBUG] (FabricLoader/Mixin) fabric-resource-loader-v0.client.mixins.json:KeyedResourceReloadListenerClientMixin from mod fabric-resource-loader-v0: Class version 61 required is higher than the class version supported by the current version of Mixin (JAVA_16 supports class version 60)
[14:44:50] [Render thread/DEBUG] (FabricLoader/Mixin) Mixing SoundSystemMixin from fabric-sound-api-v1.mixins.json into net.minecraft.client.sound.SoundSystem
[14:44:50] [Render thread/DEBUG] (FabricLoader/Mixin) Mixing FontManagerMixin from fabric-resource-loader-v0.client.mixins.json into net.minecraft.client.font.FontManager
[14:44:50] [Render thread/DEBUG] (FabricLoader/Mixin) fabric-resource-loader-v0.client.mixins.json:FontManagerMixin from mod fabric-resource-loader-v0: Class version 61 required is higher than the class version supported by the current version of Mixin (JAVA_16 supports class version 60)
[14:44:50] [Render thread/DEBUG] (FabricLoader/Mixin) Mixing font.MixinGlyphRenderer from mixins.iris.compat.sodium.json into net.minecraft.client.font.GlyphRenderer
[14:44:50] [Render thread/DEBUG] (FabricLoader/Mixin) mixins.iris.compat.sodium.json:font.MixinGlyphRenderer from mod iris: Class version 61 required is higher than the class version supported by the current version of Mixin (JAVA_8 supports class version 52)
[14:44:50] [Render thread/DEBUG] (FabricLoader/Mixin) Mixing rendertype.RenderTypeAccessor from mixins.iris.json into net.minecraft.client.render.RenderLayer
[14:44:50] [Render thread/DEBUG] (FabricLoader/Mixin) mixins.iris.json:rendertype.RenderTypeAccessor from mod iris: Class version 61 required is higher than the class version supported by the current version of Mixin (JAVA_8 supports class version 52)
[14:44:50] [Render thread/DEBUG] (FabricLoader/Mixin) Mixing MixinRenderType from iris-batched-entity-rendering.mixins.json into net.minecraft.client.render.RenderLayer
[14:44:50] [Render thread/DEBUG] (FabricLoader/Mixin) iris-batched-entity-rendering.mixins.json:MixinRenderType from mod iris: Class version 61 required is higher than the class version supported by the current version of Mixin (JAVA_8 supports class version 52)
[14:44:50] [Render thread/DEBUG] (FabricLoader/Mixin) Mixing RenderTypeAccessor from iris-batched-entity-rendering.mixins.json into net.minecraft.client.render.RenderLayer
[14:44:50] [Render thread/DEBUG] (FabricLoader/Mixin) iris-batched-entity-rendering.mixins.json:RenderTypeAccessor from mod iris: Class version 61 required is higher than the class version supported by the current version of Mixin (JAVA_8 supports class version 52)
[14:44:50] [Render thread/DEBUG] (FabricLoader/Mixin) Unexpected: Registered method shouldSortOnUpload()Z in net.minecraft.client.render.RenderLayer was not merged
[14:44:50] [Render thread/DEBUG] (FabricLoader/Mixin) Mixing rendertype.RenderStateShardAccessor from mixins.iris.json into net.minecraft.client.render.RenderPhase
[14:44:50] [Render thread/DEBUG] (FabricLoader/Mixin) mixins.iris.json:rendertype.RenderStateShardAccessor from mod iris: Class version 61 required is higher than the class version supported by the current version of Mixin (JAVA_8 supports class version 52)
[14:44:50] [Render thread/DEBUG] (FabricLoader/Mixin) Renaming @Accessor method getTranslucentTransparency()Lnet/minecraft/client/render/RenderPhase$Transparency; to getTranslucentTransparency$iris_$md$a9fcf3$0 in mixins.iris.json:rendertype.RenderStateShardAccessor from mod iris
[14:44:50] [Render thread/DEBUG] (FabricLoader/Mixin) Mixing RenderStateShardAccessor from iris-batched-entity-rendering.mixins.json into net.minecraft.client.render.RenderPhase
[14:44:50] [Render thread/DEBUG] (FabricLoader/Mixin) iris-batched-entity-rendering.mixins.json:RenderStateShardAccessor from mod iris: Class version 61 required is higher than the class version supported by the current version of Mixin (JAVA_8 supports class version 52)
[14:44:50] [Render thread/DEBUG] (FabricLoader/Mixin) Renaming @Accessor method getNO_TRANSPARENCY()Lnet/minecraft/client/render/RenderPhase$Transparency; to getNO_TRANSPARENCY$iris_$md$a9fcf3$1 in iris-batched-entity-rendering.mixins.json:RenderStateShardAccessor from mod iris
[14:44:50] [Render thread/DEBUG] (FabricLoader/Mixin) Renaming @Accessor method getGLINT_TRANSPARENCY()Lnet/minecraft/client/render/RenderPhase$Transparency; to getGLINT_TRANSPARENCY$iris_$md$a9fcf3$2 in iris-batched-entity-rendering.mixins.json:RenderStateShardAccessor from mod iris
[14:44:50] [Render thread/DEBUG] (FabricLoader/Mixin) Renaming @Accessor method getCRUMBLING_TRANSPARENCY()Lnet/minecraft/client/render/RenderPhase$Transparency; to getCRUMBLING_TRANSPARENCY$iris_$md$a9fcf3$3 in iris-batched-entity-rendering.mixins.json:RenderStateShardAccessor from mod iris
[14:44:50] [Render thread/DEBUG] (FabricLoader/Mixin) Mixing MixinCompositeRenderType from iris-batched-entity-rendering.mixins.json into net.minecraft.client.render.RenderLayer$MultiPhase
[14:44:50] [Render thread/DEBUG] (FabricLoader/Mixin) iris-batched-entity-rendering.mixins.json:MixinCompositeRenderType from mod iris: Class version 61 required is higher than the class version supported by the current version of Mixin (JAVA_8 supports class version 52)
[14:44:50] [Render thread/DEBUG] (FabricLoader/Mixin) iris-batched-entity-rendering.mixins.json:MixinCompositeRenderType from mod iris->@Inject::batchedentityrendering$onCompositeInit(Ljava/lang/String;Lnet/minecraft/client/render/VertexFormat;Lnet/minecraft/client/render/VertexFormat$DrawMode;IZZLnet/minecraft/client/render/RenderLayer$MultiPhaseParameters;Lorg/spongepowered/asm/mixin/injection/callback/CallbackInfo;)V doesn't use it's CallbackInfo
[14:44:50] [Render thread/DEBUG] (FabricLoader/Mixin) Mixing GameRendererAccessor from mixins.iris.json into net.minecraft.client.render.GameRenderer
[14:44:50] [Render thread/DEBUG] (FabricLoader/Mixin) mixins.iris.json:GameRendererAccessor from mod iris: Class version 61 required is higher than the class version supported by the current version of Mixin (JAVA_8 supports class version 52)
[14:44:50] [Render thread/DEBUG] (FabricLoader/Mixin) Mixing MixinGameRenderer from mixins.iris.json into net.minecraft.client.render.GameRenderer
[14:44:50] [Render thread/DEBUG] (FabricLoader/Mixin) mixins.iris.json:MixinGameRenderer from mod iris: Class version 61 required is higher than the class version supported by the current version of Mixin (JAVA_8 supports class version 52)
[14:44:50] [Render thread/DEBUG] (FabricLoader/Mixin) Mixing MixinModelViewBobbing from mixins.iris.json into net.minecraft.client.render.GameRenderer
[14:44:50] [Render thread/DEBUG] (FabricLoader/Mixin) mixins.iris.json:MixinModelViewBobbing from mod iris: Class version 61 required is higher than the class version supported by the current version of Mixin (JAVA_8 supports class version 52)
[14:44:50] [Render thread/DEBUG] (FabricLoader/Mixin) Mixing shader.GameRendererMixin from fabric-rendering-v1.mixins.json into net.minecraft.client.render.GameRenderer
[14:44:50] [Render thread/DEBUG] (FabricLoader/Mixin) fabric-rendering-v1.mixins.json:shader.GameRendererMixin from mod fabric-rendering-v1: Class version 61 required is higher than the class version supported by the current version of Mixin (JAVA_16 supports class version 60)
[14:44:50] [Render thread/DEBUG] (FabricLoader/Mixin) Renaming synthetic method lambda$registerShaders$0(Lnet/minecraft/resource/ResourceFactory;Ljava/util/List;Lnet/minecraft/util/Identifier;Lnet/minecraft/client/render/VertexFormat;Ljava/util/function/Consumer;)V to mda9fcf3$fabric-rendering-v1$lambda$registerShaders$0$0 in fabric-rendering-v1.mixins.json:shader.GameRendererMixin from mod fabric-rendering-v1
[14:44:50] [Render thread/DEBUG] (FabricLoader/Mixin) Mixing GameRendererMixin from fabric-screen-api-v1.mixins.json into net.minecraft.client.render.GameRenderer
[14:44:50] [Render thread/DEBUG] (FabricLoader/Mixin) fabric-screen-api-v1.mixins.json:GameRendererMixin from mod fabric-screen-api-v1: Class version 61 required is higher than the class version supported by the current version of Mixin (JAVA_16 supports class version 60)
[14:44:50] [Render thread/DEBUG] (FabricLoader/Mixin) Mixing features.gui.hooks.console.GameRendererMixin from sodium.mixins.json into net.minecraft.client.render.GameRenderer
[14:44:50] [Render thread/DEBUG] (FabricLoader/Mixin) Mixing MixinGameRenderer_NightVisionCompat from mixins.iris.json into net.minecraft.client.render.GameRenderer
[14:44:50] [Render thread/DEBUG] (FabricLoader/Mixin) mixins.iris.json:MixinGameRenderer_NightVisionCompat from mod iris: Class version 61 required is higher than the class version supported by the current version of Mixin (JAVA_8 supports class version 52)
[14:44:50] [Render thread/DEBUG] (FabricLoader/Mixin) mixins.iris.json:MixinGameRenderer from mod iris->@Inject::iris$overridePositionShader(Lorg/spongepowered/asm/mixin/injection/callback/CallbackInfoReturnable;)V does use it's CallbackInfoReturnable
[14:44:50] [Render thread/DEBUG] (FabricLoader/Mixin) mixins.iris.json:MixinGameRenderer from mod iris->@Inject::iris$overridePositionColorShader(Lorg/spongepowered/asm/mixin/injection/callback/CallbackInfoReturnable;)V does use it's CallbackInfoReturnable
[14:44:50] [Render thread/DEBUG] (FabricLoader/Mixin) mixins.iris.json:MixinGameRenderer from mod iris->@Inject::iris$overridePositionTexShader(Lorg/spongepowered/asm/mixin/injection/callback/CallbackInfoReturnable;)V does use it's CallbackInfoReturnable
[14:44:50] [Render thread/DEBUG] (FabricLoader/Mixin) mixins.iris.json:MixinGameRenderer from mod iris->@Inject::iris$overridePositionTexColorShader(Lorg/spongepowered/asm/mixin/injection/callback/CallbackInfoReturnable;)V does use it's CallbackInfoReturnable
[14:44:50] [Render thread/DEBUG] (FabricLoader/Mixin) mixins.iris.json:MixinGameRenderer from mod iris->@Inject::iris$overridePositionTexColorShader(Lorg/spongepowered/asm/mixin/injection/callback/CallbackInfoReturnable;)V does use it's CallbackInfoReturnable
[14:44:50] [Render thread/DEBUG] (FabricLoader/Mixin) mixins.iris.json:MixinGameRenderer from mod iris->@Inject::iris$overrideParticleShader(Lorg/spongepowered/asm/mixin/injection/callback/CallbackInfoReturnable;)V does use it's CallbackInfoReturnable
[14:44:50] [Render thread/DEBUG] (FabricLoader/Mixin) mixins.iris.json:MixinGameRenderer from mod iris->@Inject::iris$overridePositionTexColorNormalShader(Lorg/spongepowered/asm/mixin/injection/callback/CallbackInfoReturnable;)V does use it's CallbackInfoReturnable
[14:44:50] [Render thread/DEBUG] (FabricLoader/Mixin) mixins.iris.json:MixinGameRenderer from mod iris->@Inject::iris$overrideSolidShader(Lorg/spongepowered/asm/mixin/injection/callback/CallbackInfoReturnable;)V does use it's CallbackInfoReturnable
[14:44:50] [Render thread/DEBUG] (FabricLoader/Mixin) mixins.iris.json:MixinGameRenderer from mod iris->@Inject::iris$overrideCutoutShader(Lorg/spongepowered/asm/mixin/injection/callback/CallbackInfoReturnable;)V does use it's CallbackInfoReturnable
[14:44:50] [Render thread/DEBUG] (FabricLoader/Mixin) mixins.iris.json:MixinGameRenderer from mod iris->@Inject::iris$overrideCutoutShader(Lorg/spongepowered/asm/mixin/injection/callback/CallbackInfoReturnable;)V does use it's CallbackInfoReturnable
[14:44:50] [Render thread/DEBUG] (FabricLoader/Mixin) mixins.iris.json:MixinGameRenderer from mod iris->@Inject::iris$overrideTranslucentShader(Lorg/spongepowered/asm/mixin/injection/callback/CallbackInfoReturnable;)V does use it's CallbackInfoReturnable
[14:44:50] [Render thread/DEBUG] (FabricLoader/Mixin) mixins.iris.json:MixinGameRenderer from mod iris->@Inject::iris$overrideTranslucentShader(Lorg/spongepowered/asm/mixin/injection/callback/CallbackInfoReturnable;)V does use it's CallbackInfoReturnable
[14:44:50] [Render thread/DEBUG] (FabricLoader/Mixin) mixins.iris.json:MixinGameRenderer from mod iris->@Inject::iris$overrideTranslucentShader(Lorg/spongepowered/asm/mixin/injection/callback/CallbackInfoReturnable;)V does use it's CallbackInfoReturnable
[14:44:50] [Render thread/DEBUG] (FabricLoader/Mixin) mixins.iris.json:MixinGameRenderer from mod iris->@Inject::iris$overrideTranslucentShader(Lorg/spongepowered/asm/mixin/injection/callback/CallbackInfoReturnable;)V does use it's CallbackInfoReturnable
[14:44:50] [Render thread/DEBUG] (FabricLoader/Mixin) mixins.iris.json:MixinGameRenderer from mod iris->@Inject::iris$overrideEntityCutoutShader(Lorg/spongepowered/asm/mixin/injection/callback/CallbackInfoReturnable;)V does use it's CallbackInfoReturnable
[14:44:50] [Render thread/DEBUG] (FabricLoader/Mixin) mixins.iris.json:MixinGameRenderer from mod iris->@Inject::iris$overrideEntityCutoutShader(Lorg/spongepowered/asm/mixin/injection/callback/CallbackInfoReturnable;)V does use it's CallbackInfoReturnable
[14:44:50] [Render thread/DEBUG] (FabricLoader/Mixin) mixins.iris.json:MixinGameRenderer from mod iris->@Inject::iris$overrideEntityCutoutShader(Lorg/spongepowered/asm/mixin/injection/callback/CallbackInfoReturnable;)V does use it's CallbackInfoReturnable
[14:44:50] [Render thread/DEBUG] (FabricLoader/Mixin) mixins.iris.json:MixinGameRenderer from mod iris->@Inject::iris$overrideEntityCutoutShader(Lorg/spongepowered/asm/mixin/injection/callback/CallbackInfoReturnable;)V does use it's CallbackInfoReturnable
[14:44:50] [Render thread/DEBUG] (FabricLoader/Mixin) mixins.iris.json:MixinGameRenderer from mod iris->@Inject::iris$overrideEntityCutoutShader(Lorg/spongepowered/asm/mixin/injection/callback/CallbackInfoReturnable;)V does use it's CallbackInfoReturnable
[14:44:50] [Render thread/DEBUG] (FabricLoader/Mixin) mixins.iris.json:MixinGameRenderer from mod iris->@Inject::iris$overrideEntityCutoutShader(Lorg/spongepowered/asm/mixin/injection/callback/CallbackInfoReturnable;)V does use it's CallbackInfoReturnable
[14:44:50] [Render thread/DEBUG] (FabricLoader/Mixin) mixins.iris.json:MixinGameRenderer from mod iris->@Inject::iris$overrideEntityTranslucentShader(Lorg/spongepowered/asm/mixin/injection/callback/CallbackInfoReturnable;)V does use it's CallbackInfoReturnable
[14:44:50] [Render thread/DEBUG] (FabricLoader/Mixin) mixins.iris.json:MixinGameRenderer from mod iris->@Inject::iris$overrideEntityTranslucentShader(Lorg/spongepowered/asm/mixin/injection/callback/CallbackInfoReturnable;)V does use it's CallbackInfoReturnable
[14:44:50] [Render thread/DEBUG] (FabricLoader/Mixin) mixins.iris.json:MixinGameRenderer from mod iris->@Inject::iris$overrideEntityTranslucentShader(Lorg/spongepowered/asm/mixin/injection/callback/CallbackInfoReturnable;)V does use it's CallbackInfoReturnable
[14:44:50] [Render thread/DEBUG] (FabricLoader/Mixin) mixins.iris.json:MixinGameRenderer from mod iris->@Inject::iris$overrideEntityTranslucentShader(Lorg/spongepowered/asm/mixin/injection/callback/CallbackInfoReturnable;)V does use it's CallbackInfoReturnable
[14:44:50] [Render thread/DEBUG] (FabricLoader/Mixin) mixins.iris.json:MixinGameRenderer from mod iris->@Inject::iris$overrideEnergySwirlShadowShader(Lorg/spongepowered/asm/mixin/injection/callback/CallbackInfoReturnable;)V does use it's CallbackInfoReturnable
[14:44:50] [Render thread/DEBUG] (FabricLoader/Mixin) mixins.iris.json:MixinGameRenderer from mod iris->@Inject::iris$overrideEnergySwirlShadowShader(Lorg/spongepowered/asm/mixin/injection/callback/CallbackInfoReturnable;)V does use it's CallbackInfoReturnable
[14:44:50] [Render thread/DEBUG] (FabricLoader/Mixin) mixins.iris.json:MixinGameRenderer from mod iris->@Inject::iris$overrideGlintShader(Lorg/spongepowered/asm/mixin/injection/callback/CallbackInfoReturnable;)V does use it's CallbackInfoReturnable
[14:44:50] [Render thread/DEBUG] (FabricLoader/Mixin) mixins.iris.json:MixinGameRenderer from mod iris->@Inject::iris$overrideGlintShader(Lorg/spongepowered/asm/mixin/injection/callback/CallbackInfoReturnable;)V does use it's CallbackInfoReturnable
[14:44:50] [Render thread/DEBUG] (FabricLoader/Mixin) mixins.iris.json:MixinGameRenderer from mod iris->@Inject::iris$overrideGlintShader(Lorg/spongepowered/asm/mixin/injection/callback/CallbackInfoReturnable;)V does use it's CallbackInfoReturnable
[14:44:50] [Render thread/DEBUG] (FabricLoader/Mixin) mixins.iris.json:MixinGameRenderer from mod iris->@Inject::iris$overrideGlintShader(Lorg/spongepowered/asm/mixin/injection/callback/CallbackInfoReturnable;)V does use it's CallbackInfoReturnable
[14:44:50] [Render thread/DEBUG] (FabricLoader/Mixin) mixins.iris.json:MixinGameRenderer from mod iris->@Inject::iris$overrideGlintShader(Lorg/spongepowered/asm/mixin/injection/callback/CallbackInfoReturnable;)V does use it's CallbackInfoReturnable
[14:44:50] [Render thread/DEBUG] (FabricLoader/Mixin) mixins.iris.json:MixinGameRenderer from mod iris->@Inject::iris$overrideGlintShader(Lorg/spongepowered/asm/mixin/injection/callback/CallbackInfoReturnable;)V does use it's CallbackInfoReturnable
[14:44:50] [Render thread/DEBUG] (FabricLoader/Mixin) mixins.iris.json:MixinGameRenderer from mod iris->@Inject::iris$overrideGlintShader(Lorg/spongepowered/asm/mixin/injection/callback/CallbackInfoReturnable;)V does use it's CallbackInfoReturnable
[14:44:50] [Render thread/DEBUG] (FabricLoader/Mixin) mixins.iris.json:MixinGameRenderer from mod iris->@Inject::iris$overrideEntitySolidDiffuseShader(Lorg/spongepowered/asm/mixin/injection/callback/CallbackInfoReturnable;)V does use it's CallbackInfoReturnable
[14:44:50] [Render thread/DEBUG] (FabricLoader/Mixin) mixins.iris.json:MixinGameRenderer from mod iris->@Inject::iris$overrideEntitySolidShader(Lorg/spongepowered/asm/mixin/injection/callback/CallbackInfoReturnable;)V does use it's CallbackInfoReturnable
[14:44:50] [Render thread/DEBUG] (FabricLoader/Mixin) mixins.iris.json:MixinGameRenderer from mod iris->@Inject::iris$overrideBeaconBeamShader(Lorg/spongepowered/asm/mixin/injection/callback/CallbackInfoReturnable;)V does use it's CallbackInfoReturnable
[14:44:50] [Render thread/DEBUG] (FabricLoader/Mixin) mixins.iris.json:MixinGameRenderer from mod iris->@Inject::iris$overrideEntityAlphaShader(Lorg/spongepowered/asm/mixin/injection/callback/CallbackInfoReturnable;)V does use it's CallbackInfoReturnable
[14:44:50] [Render thread/DEBUG] (FabricLoader/Mixin) mixins.iris.json:MixinGameRenderer from mod iris->@Inject::iris$overrideEntityEyesShader(Lorg/spongepowered/asm/mixin/injection/callback/CallbackInfoReturnable;)V does use it's CallbackInfoReturnable
[14:44:50] [Render thread/DEBUG] (FabricLoader/Mixin) mixins.iris.json:MixinGameRenderer from mod iris->@Inject::iris$overrideEntityTranslucentEmissiveShader(Lorg/spongepowered/asm/mixin/injection/callback/CallbackInfoReturnable;)V does use it's CallbackInfoReturnable
[14:44:50] [Render thread/DEBUG] (FabricLoader/Mixin) mixins.iris.json:MixinGameRenderer from mod iris->@Inject::iris$overrideLeashShader(Lorg/spongepowered/asm/mixin/injection/callback/CallbackInfoReturnable;)V does use it's CallbackInfoReturnable
[14:44:50] [Render thread/DEBUG] (FabricLoader/Mixin) mixins.iris.json:MixinGameRenderer from mod iris->@Inject::iris$overrideLightningShader(Lorg/spongepowered/asm/mixin/injection/callback/CallbackInfoReturnable;)V does use it's CallbackInfoReturnable
[14:44:50] [Render thread/DEBUG] (FabricLoader/Mixin) mixins.iris.json:MixinGameRenderer from mod iris->@Inject::iris$overrideCrumblingShader(Lorg/spongepowered/asm/mixin/injection/callback/CallbackInfoReturnable;)V does use it's CallbackInfoReturnable
[14:44:50] [Render thread/DEBUG] (FabricLoader/Mixin) mixins.iris.json:MixinGameRenderer from mod iris->@Inject::iris$overrideTextShader(Lorg/spongepowered/asm/mixin/injection/callback/CallbackInfoReturnable;)V does use it's CallbackInfoReturnable
[14:44:50] [Render thread/DEBUG] (FabricLoader/Mixin) mixins.iris.json:MixinGameRenderer from mod iris->@Inject::iris$overrideTextShader(Lorg/spongepowered/asm/mixin/injection/callback/CallbackInfoReturnable;)V does use it's CallbackInfoReturnable
[14:44:50] [Render thread/DEBUG] (FabricLoader/Mixin) mixins.iris.json:MixinGameRenderer from mod iris->@Inject::iris$overrideTextShader(Lorg/spongepowered/asm/mixin/injection/callback/CallbackInfoReturnable;)V does use it's CallbackInfoReturnable
[14:44:50] [Render thread/DEBUG] (FabricLoader/Mixin) mixins.iris.json:MixinGameRenderer from mod iris->@Inject::iris$overrideTextBackgroundShader(Lorg/spongepowered/asm/mixin/injection/callback/CallbackInfoReturnable;)V does use it's CallbackInfoReturnable
[14:44:50] [Render thread/DEBUG] (FabricLoader/Mixin) mixins.iris.json:MixinGameRenderer from mod iris->@Inject::iris$overrideTextBackgroundShader(Lorg/spongepowered/asm/mixin/injection/callback/CallbackInfoReturnable;)V does use it's CallbackInfoReturnable
[14:44:50] [Render thread/DEBUG] (FabricLoader/Mixin) mixins.iris.json:MixinGameRenderer from mod iris->@Inject::iris$overrideTextIntensityShader(Lorg/spongepowered/asm/mixin/injection/callback/CallbackInfoReturnable;)V does use it's CallbackInfoReturnable
[14:44:50] [Render thread/DEBUG] (FabricLoader/Mixin) mixins.iris.json:MixinGameRenderer from mod iris->@Inject::iris$overrideTextIntensityShader(Lorg/spongepowered/asm/mixin/injection/callback/CallbackInfoReturnable;)V does use it's CallbackInfoReturnable
[14:44:50] [Render thread/DEBUG] (FabricLoader/Mixin) mixins.iris.json:MixinGameRenderer from mod iris->@Inject::iris$overrideLinesShader(Lorg/spongepowered/asm/mixin/injection/callback/CallbackInfoReturnable;)V does use it's CallbackInfoReturnable
[14:44:50] [Render thread/DEBUG] (FabricLoader/Mixin) mixins.iris.json:MixinGameRenderer from mod iris->@Inject::iris$logSystem(Lnet/minecraft/client/MinecraftClient;Lnet/minecraft/client/render/item/HeldItemRenderer;Lnet/minecraft/resource/ResourceManager;Lnet/minecraft/client/render/BufferBuilderStorage;Lorg/spongepowered/asm/mixin/injection/callback/CallbackInfo;)V doesn't use it's CallbackInfo
[14:44:50] [Render thread/DEBUG] (FabricLoader/Mixin) mixins.iris.json:MixinGameRenderer from mod iris->@Inject::iris$logSystem(Lnet/minecraft/client/MinecraftClient;Lnet/minecraft/client/render/item/HeldItemRenderer;Lnet/minecraft/resource/ResourceManager;Lnet/minecraft/client/render/BufferBuilderStorage;Lorg/spongepowered/asm/mixin/injection/callback/CallbackInfo;)V has 0 override(s) in child classes
[14:44:50] [Render thread/DEBUG] (FabricLoader/Mixin) mixins.iris.json:MixinGameRenderer from mod iris->@Inject::iris$logSystem(Lnet/minecraft/client/MinecraftClient;Lnet/minecraft/client/render/item/HeldItemRenderer;Lnet/minecraft/resource/ResourceManager;Lnet/minecraft/client/render/BufferBuilderStorage;Lorg/spongepowered/asm/mixin/injection/callback/CallbackInfo;)V won't be passed a CallbackInfo as a result
[14:44:50] [Render thread/DEBUG] (FabricLoader/Mixin) mixins.iris.json:MixinGameRenderer from mod iris->@Inject::iris$runColorSpace(FJLnet/minecraft/client/util/math/MatrixStack;Lorg/spongepowered/asm/mixin/injection/callback/CallbackInfo;)V doesn't use it's CallbackInfo
[14:44:50] [Render thread/DEBUG] (FabricLoader/Mixin) mixins.iris.json:MixinGameRenderer from mod iris->@Inject::iris$runColorSpace(FJLnet/minecraft/client/util/math/MatrixStack;Lorg/spongepowered/asm/mixin/injection/callback/CallbackInfo;)V has 0 override(s) in child classes
[14:44:50] [Render thread/DEBUG] (FabricLoader/Mixin) mixins.iris.json:MixinGameRenderer from mod iris->@Inject::iris$runColorSpace(FJLnet/minecraft/client/util/math/MatrixStack;Lorg/spongepowered/asm/mixin/injection/callback/CallbackInfo;)V won't be passed a CallbackInfo as a result
[14:44:50] [Render thread/DEBUG] (FabricLoader/Mixin) mixins.iris.json:MixinModelViewBobbing from mod iris->@Inject::iris$saveShadersOn(FJLnet/minecraft/client/util/math/MatrixStack;Lorg/spongepowered/asm/mixin/injection/callback/CallbackInfo;)V doesn't use it's CallbackInfo
[14:44:50] [Render thread/DEBUG] (FabricLoader/Mixin) mixins.iris.json:MixinModelViewBobbing from mod iris->@Inject::iris$saveShadersOn(FJLnet/minecraft/client/util/math/MatrixStack;Lorg/spongepowered/asm/mixin/injection/callback/CallbackInfo;)V has 0 override(s) in child classes
[14:44:50] [Render thread/DEBUG] (FabricLoader/Mixin) mixins.iris.json:MixinModelViewBobbing from mod iris->@Inject::iris$saveShadersOn(FJLnet/minecraft/client/util/math/MatrixStack;Lorg/spongepowered/asm/mixin/injection/callback/CallbackInfo;)V won't be passed a CallbackInfo as a result
[14:44:50] [Render thread/DEBUG] (FabricLoader/Mixin) mixins.iris.json:MixinModelViewBobbing from mod iris->@Inject::iris$applyBobbingToModelView(FJLnet/minecraft/client/util/math/MatrixStack;Lorg/spongepowered/asm/mixin/injection/callback/CallbackInfo;)V doesn't use it's CallbackInfo
[14:44:50] [Render thread/DEBUG] (FabricLoader/Mixin) mixins.iris.json:MixinModelViewBobbing from mod iris->@Inject::iris$applyBobbingToModelView(FJLnet/minecraft/client/util/math/MatrixStack;Lorg/spongepowered/asm/mixin/injection/callback/CallbackInfo;)V has 0 override(s) in child classes
[14:44:50] [Render thread/DEBUG] (FabricLoader/Mixin) mixins.iris.json:MixinModelViewBobbing from mod iris->@Inject::iris$applyBobbingToModelView(FJLnet/minecraft/client/util/math/MatrixStack;Lorg/spongepowered/asm/mixin/injection/callback/CallbackInfo;)V won't be passed a CallbackInfo as a result
[14:44:50] [Render thread/DEBUG] (FabricLoader/Mixin) fabric-rendering-v1.mixins.json:shader.GameRendererMixin from mod fabric-rendering-v1->@Inject::registerShaders(Lnet/minecraft/resource/ResourceFactory;Lorg/spongepowered/asm/mixin/injection/callback/CallbackInfo;Ljava/util/List;Ljava/util/List;)V doesn't use it's CallbackInfo
[14:44:50] [Render thread/DEBUG] (FabricLoader/Mixin) fabric-rendering-v1.mixins.json:shader.GameRendererMixin from mod fabric-rendering-v1->@Inject::registerShaders(Lnet/minecraft/resource/ResourceFactory;Lorg/spongepowered/asm/mixin/injection/callback/CallbackInfo;Ljava/util/List;Ljava/util/List;)V has 0 override(s) in child classes
[14:44:50] [Render thread/DEBUG] (FabricLoader/Mixin) fabric-rendering-v1.mixins.json:shader.GameRendererMixin from mod fabric-rendering-v1->@Inject::registerShaders(Lnet/minecraft/resource/ResourceFactory;Lorg/spongepowered/asm/mixin/injection/callback/CallbackInfo;Ljava/util/List;Ljava/util/List;)V won't be passed a CallbackInfo as a result
[14:44:50] [Render thread/DEBUG] (FabricLoader/Mixin) fabric-rendering-v1.mixins.json:shader.GameRendererMixin from mod fabric-rendering-v1->@Inject::registerShaders(Lnet/minecraft/resource/ResourceFactory;Lorg/spongepowered/asm/mixin/injection/callback/CallbackInfo;Ljava/util/List;Ljava/util/List;)V doesn't use it's CallbackInfo
[14:44:50] [Render thread/DEBUG] (FabricLoader/Mixin) fabric-rendering-v1.mixins.json:shader.GameRendererMixin from mod fabric-rendering-v1->@Inject::registerShaders(Lnet/minecraft/resource/ResourceFactory;Lorg/spongepowered/asm/mixin/injection/callback/CallbackInfo;Ljava/util/List;Ljava/util/List;)V has 0 override(s) in child classes
[14:44:50] [Render thread/DEBUG] (FabricLoader/Mixin) fabric-rendering-v1.mixins.json:shader.GameRendererMixin from mod fabric-rendering-v1->@Inject::registerShaders(Lnet/minecraft/resource/ResourceFactory;Lorg/spongepowered/asm/mixin/injection/callback/CallbackInfo;Ljava/util/List;Ljava/util/List;)V won't be passed a CallbackInfo as a result
[14:44:50] [Render thread/DEBUG] (FabricLoader/Mixin) fabric-rendering-v1.mixins.json:shader.GameRendererMixin from mod fabric-rendering-v1->@Inject::registerShaders(Lnet/minecraft/resource/ResourceFactory;Lorg/spongepowered/asm/mixin/injection/callback/CallbackInfo;Ljava/util/List;Ljava/util/List;)V doesn't use it's CallbackInfo
[14:44:50] [Render thread/DEBUG] (FabricLoader/Mixin) fabric-rendering-v1.mixins.json:shader.GameRendererMixin from mod fabric-rendering-v1->@Inject::registerShaders(Lnet/minecraft/resource/ResourceFactory;Lorg/spongepowered/asm/mixin/injection/callback/CallbackInfo;Ljava/util/List;Ljava/util/List;)V has 0 override(s) in child classes
[14:44:50] [Render thread/DEBUG] (FabricLoader/Mixin) fabric-rendering-v1.mixins.json:shader.GameRendererMixin from mod fabric-rendering-v1->@Inject::registerShaders(Lnet/minecraft/resource/ResourceFactory;Lorg/spongepowered/asm/mixin/injection/callback/CallbackInfo;Ljava/util/List;Ljava/util/List;)V won't be passed a CallbackInfo as a result
[14:44:50] [Render thread/DEBUG] (FabricLoader/Mixin) fabric-rendering-v1.mixins.json:shader.GameRendererMixin from mod fabric-rendering-v1->@Inject::registerShaders(Lnet/minecraft/resource/ResourceFactory;Lorg/spongepowered/asm/mixin/injection/callback/CallbackInfo;Ljava/util/List;Ljava/util/List;)V doesn't use it's CallbackInfo
[14:44:50] [Render thread/DEBUG] (FabricLoader/Mixin) fabric-rendering-v1.mixins.json:shader.GameRendererMixin from mod fabric-rendering-v1->@Inject::registerShaders(Lnet/minecraft/resource/ResourceFactory;Lorg/spongepowered/asm/mixin/injection/callback/CallbackInfo;Ljava/util/List;Ljava/util/List;)V has 0 override(s) in child classes
[14:44:50] [Render thread/DEBUG] (FabricLoader/Mixin) fabric-rendering-v1.mixins.json:shader.GameRendererMixin from mod fabric-rendering-v1->@Inject::registerShaders(Lnet/minecraft/resource/ResourceFactory;Lorg/spongepowered/asm/mixin/injection/callback/CallbackInfo;Ljava/util/List;Ljava/util/List;)V won't be passed a CallbackInfo as a result
[14:44:50] [Render thread/DEBUG] (FabricLoader/Mixin) fabric-rendering-v1.mixins.json:shader.GameRendererMixin from mod fabric-rendering-v1->@Inject::registerShaders(Lnet/minecraft/resource/ResourceFactory;Lorg/spongepowered/asm/mixin/injection/callback/CallbackInfo;Ljava/util/List;Ljava/util/List;)V doesn't use it's CallbackInfo
[14:44:50] [Render thread/DEBUG] (FabricLoader/Mixin) fabric-rendering-v1.mixins.json:shader.GameRendererMixin from mod fabric-rendering-v1->@Inject::registerShaders(Lnet/minecraft/resource/ResourceFactory;Lorg/spongepowered/asm/mixin/injection/callback/CallbackInfo;Ljava/util/List;Ljava/util/List;)V has 0 override(s) in child classes
[14:44:50] [Render thread/DEBUG] (FabricLoader/Mixin) fabric-rendering-v1.mixins.json:shader.GameRendererMixin from mod fabric-rendering-v1->@Inject::registerShaders(Lnet/minecraft/resource/ResourceFactory;Lorg/spongepowered/asm/mixin/injection/callback/CallbackInfo;Ljava/util/List;Ljava/util/List;)V won't be passed a CallbackInfo as a result
[14:44:50] [Render thread/DEBUG] (FabricLoader/Mixin) fabric-rendering-v1.mixins.json:shader.GameRendererMixin from mod fabric-rendering-v1->@Inject::registerShaders(Lnet/minecraft/resource/ResourceFactory;Lorg/spongepowered/asm/mixin/injection/callback/CallbackInfo;Ljava/util/List;Ljava/util/List;)V doesn't use it's CallbackInfo
[14:44:50] [Render thread/DEBUG] (FabricLoader/Mixin) fabric-rendering-v1.mixins.json:shader.GameRendererMixin from mod fabric-rendering-v1->@Inject::registerShaders(Lnet/minecraft/resource/ResourceFactory;Lorg/spongepowered/asm/mixin/injection/callback/CallbackInfo;Ljava/util/List;Ljava/util/List;)V has 0 override(s) in child classes
[14:44:50] [Render thread/DEBUG] (FabricLoader/Mixin) fabric-rendering-v1.mixins.json:shader.GameRendererMixin from mod fabric-rendering-v1->@Inject::registerShaders(Lnet/minecraft/resource/ResourceFactory;Lorg/spongepowered/asm/mixin/injection/callback/CallbackInfo;Ljava/util/List;Ljava/util/List;)V won't be passed a CallbackInfo as a result
[14:44:50] [Render thread/DEBUG] (FabricLoader/Mixin) fabric-rendering-v1.mixins.json:shader.GameRendererMixin from mod fabric-rendering-v1->@Inject::registerShaders(Lnet/minecraft/resource/ResourceFactory;Lorg/spongepowered/asm/mixin/injection/callback/CallbackInfo;Ljava/util/List;Ljava/util/List;)V doesn't use it's CallbackInfo
[14:44:50] [Render thread/DEBUG] (FabricLoader/Mixin) fabric-rendering-v1.mixins.json:shader.GameRendererMixin from mod fabric-rendering-v1->@Inject::registerShaders(Lnet/minecraft/resource/ResourceFactory;Lorg/spongepowered/asm/mixin/injection/callback/CallbackInfo;Ljava/util/List;Ljava/util/List;)V has 0 override(s) in child classes
[14:44:50] [Render thread/DEBUG] (FabricLoader/Mixin) fabric-rendering-v1.mixins.json:shader.GameRendererMixin from mod fabric-rendering-v1->@Inject::registerShaders(Lnet/minecraft/resource/ResourceFactory;Lorg/spongepowered/asm/mixin/injection/callback/CallbackInfo;Ljava/util/List;Ljava/util/List;)V won't be passed a CallbackInfo as a result
[14:44:50] [Render thread/DEBUG] (FabricLoader/Mixin) fabric-rendering-v1.mixins.json:shader.GameRendererMixin from mod fabric-rendering-v1->@Inject::registerShaders(Lnet/minecraft/resource/ResourceFactory;Lorg/spongepowered/asm/mixin/injection/callback/CallbackInfo;Ljava/util/List;Ljava/util/List;)V doesn't use it's CallbackInfo
[14:44:50] [Render thread/DEBUG] (FabricLoader/Mixin) fabric-rendering-v1.mixins.json:shader.GameRendererMixin from mod fabric-rendering-v1->@Inject::registerShaders(Lnet/minecraft/resource/ResourceFactory;Lorg/spongepowered/asm/mixin/injection/callback/CallbackInfo;Ljava/util/List;Ljava/util/List;)V has 0 override(s) in child classes
[14:44:50] [Render thread/DEBUG] (FabricLoader/Mixin) fabric-rendering-v1.mixins.json:shader.GameRendererMixin from mod fabric-rendering-v1->@Inject::registerShaders(Lnet/minecraft/resource/ResourceFactory;Lorg/spongepowered/asm/mixin/injection/callback/CallbackInfo;Ljava/util/List;Ljava/util/List;)V won't be passed a CallbackInfo as a result
[14:44:50] [Render thread/DEBUG] (FabricLoader/Mixin) fabric-rendering-v1.mixins.json:shader.GameRendererMixin from mod fabric-rendering-v1->@Inject::registerShaders(Lnet/minecraft/resource/ResourceFactory;Lorg/spongepowered/asm/mixin/injection/callback/CallbackInfo;Ljava/util/List;Ljava/util/List;)V doesn't use it's CallbackInfo
[14:44:50] [Render thread/DEBUG] (FabricLoader/Mixin) fabric-rendering-v1.mixins.json:shader.GameRendererMixin from mod fabric-rendering-v1->@Inject::registerShaders(Lnet/minecraft/resource/ResourceFactory;Lorg/spongepowered/asm/mixin/injection/callback/CallbackInfo;Ljava/util/List;Ljava/util/List;)V has 0 override(s) in child classes
[14:44:50] [Render thread/DEBUG] (FabricLoader/Mixin) fabric-rendering-v1.mixins.json:shader.GameRendererMixin from mod fabric-rendering-v1->@Inject::registerShaders(Lnet/minecraft/resource/ResourceFactory;Lorg/spongepowered/asm/mixin/injection/callback/CallbackInfo;Ljava/util/List;Ljava/util/List;)V won't be passed a CallbackInfo as a result
[14:44:50] [Render thread/DEBUG] (FabricLoader/Mixin) fabric-rendering-v1.mixins.json:shader.GameRendererMixin from mod fabric-rendering-v1->@Inject::registerShaders(Lnet/minecraft/resource/ResourceFactory;Lorg/spongepowered/asm/mixin/injection/callback/CallbackInfo;Ljava/util/List;Ljava/util/List;)V doesn't use it's CallbackInfo
[14:44:50] [Render thread/DEBUG] (FabricLoader/Mixin) fabric-rendering-v1.mixins.json:shader.GameRendererMixin from mod fabric-rendering-v1->@Inject::registerShaders(Lnet/minecraft/resource/ResourceFactory;Lorg/spongepowered/asm/mixin/injection/callback/CallbackInfo;Ljava/util/List;Ljava/util/List;)V has 0 override(s) in child classes
[14:44:50] [Render thread/DEBUG] (FabricLoader/Mixin) fabric-rendering-v1.mixins.json:shader.GameRendererMixin from mod fabric-rendering-v1->@Inject::registerShaders(Lnet/minecraft/resource/ResourceFactory;Lorg/spongepowered/asm/mixin/injection/callback/CallbackInfo;Ljava/util/List;Ljava/util/List;)V won't be passed a CallbackInfo as a result
[14:44:50] [Render thread/DEBUG] (FabricLoader/Mixin) fabric-rendering-v1.mixins.json:shader.GameRendererMixin from mod fabric-rendering-v1->@Inject::registerShaders(Lnet/minecraft/resource/ResourceFactory;Lorg/spongepowered/asm/mixin/injection/callback/CallbackInfo;Ljava/util/List;Ljava/util/List;)V doesn't use it's CallbackInfo
[14:44:50] [Render thread/DEBUG] (FabricLoader/Mixin) fabric-rendering-v1.mixins.json:shader.GameRendererMixin from mod fabric-rendering-v1->@Inject::registerShaders(Lnet/minecraft/resource/ResourceFactory;Lorg/spongepowered/asm/mixin/injection/callback/CallbackInfo;Ljava/util/List;Ljava/util/List;)V has 0 override(s) in child classes
[14:44:50] [Render thread/DEBUG] (FabricLoader/Mixin) fabric-rendering-v1.mixins.json:shader.GameRendererMixin from mod fabric-rendering-v1->@Inject::registerShaders(Lnet/minecraft/resource/ResourceFactory;Lorg/spongepowered/asm/mixin/injection/callback/CallbackInfo;Ljava/util/List;Ljava/util/List;)V won't be passed a CallbackInfo as a result
[14:44:50] [Render thread/DEBUG] (FabricLoader/Mixin) fabric-rendering-v1.mixins.json:shader.GameRendererMixin from mod fabric-rendering-v1->@Inject::registerShaders(Lnet/minecraft/resource/ResourceFactory;Lorg/spongepowered/asm/mixin/injection/callback/CallbackInfo;Ljava/util/List;Ljava/util/List;)V doesn't use it's CallbackInfo
[14:44:50] [Render thread/DEBUG] (FabricLoader/Mixin) fabric-rendering-v1.mixins.json:shader.GameRendererMixin from mod fabric-rendering-v1->@Inject::registerShaders(Lnet/minecraft/resource/ResourceFactory;Lorg/spongepowered/asm/mixin/injection/callback/CallbackInfo;Ljava/util/List;Ljava/util/List;)V has 0 override(s) in child classes
[14:44:50] [Render thread/DEBUG] (FabricLoader/Mixin) fabric-rendering-v1.mixins.json:shader.GameRendererMixin from mod fabric-rendering-v1->@Inject::registerShaders(Lnet/minecraft/resource/ResourceFactory;Lorg/spongepowered/asm/mixin/injection/callback/CallbackInfo;Ljava/util/List;Ljava/util/List;)V won't be passed a CallbackInfo as a result
[14:44:50] [Render thread/DEBUG] (FabricLoader/Mixin) fabric-rendering-v1.mixins.json:shader.GameRendererMixin from mod fabric-rendering-v1->@Inject::registerShaders(Lnet/minecraft/resource/ResourceFactory;Lorg/spongepowered/asm/mixin/injection/callback/CallbackInfo;Ljava/util/List;Ljava/util/List;)V doesn't use it's CallbackInfo
[14:44:50] [Render thread/DEBUG] (FabricLoader/Mixin) fabric-rendering-v1.mixins.json:shader.GameRendererMixin from mod fabric-rendering-v1->@Inject::registerShaders(Lnet/minecraft/resource/ResourceFactory;Lorg/spongepowered/asm/mixin/injection/callback/CallbackInfo;Ljava/util/List;Ljava/util/List;)V has 0 override(s) in child classes
[14:44:50] [Render thread/DEBUG] (FabricLoader/Mixin) fabric-rendering-v1.mixins.json:shader.GameRendererMixin from mod fabric-rendering-v1->@Inject::registerShaders(Lnet/minecraft/resource/ResourceFactory;Lorg/spongepowered/asm/mixin/injection/callback/CallbackInfo;Ljava/util/List;Ljava/util/List;)V won't be passed a CallbackInfo as a result
[14:44:50] [Render thread/DEBUG] (FabricLoader/Mixin) fabric-rendering-v1.mixins.json:shader.GameRendererMixin from mod fabric-rendering-v1->@Inject::registerShaders(Lnet/minecraft/resource/ResourceFactory;Lorg/spongepowered/asm/mixin/injection/callback/CallbackInfo;Ljava/util/List;Ljava/util/List;)V doesn't use it's CallbackInfo
[14:44:50] [Render thread/DEBUG] (FabricLoader/Mixin) fabric-rendering-v1.mixins.json:shader.GameRendererMixin from mod fabric-rendering-v1->@Inject::registerShaders(Lnet/minecraft/resource/ResourceFactory;Lorg/spongepowered/asm/mixin/injection/callback/CallbackInfo;Ljava/util/List;Ljava/util/List;)V has 0 override(s) in child classes
[14:44:50] [Render thread/DEBUG] (FabricLoader/Mixin) fabric-rendering-v1.mixins.json:shader.GameRendererMixin from mod fabric-rendering-v1->@Inject::registerShaders(Lnet/minecraft/resource/ResourceFactory;Lorg/spongepowered/asm/mixin/injection/callback/CallbackInfo;Ljava/util/List;Ljava/util/List;)V won't be passed a CallbackInfo as a result
[14:44:50] [Render thread/DEBUG] (FabricLoader/Mixin) fabric-rendering-v1.mixins.json:shader.GameRendererMixin from mod fabric-rendering-v1->@Inject::registerShaders(Lnet/minecraft/resource/ResourceFactory;Lorg/spongepowered/asm/mixin/injection/callback/CallbackInfo;Ljava/util/List;Ljava/util/List;)V doesn't use it's CallbackInfo
[14:44:50] [Render thread/DEBUG] (FabricLoader/Mixin) fabric-rendering-v1.mixins.json:shader.GameRendererMixin from mod fabric-rendering-v1->@Inject::registerShaders(Lnet/minecraft/resource/ResourceFactory;Lorg/spongepowered/asm/mixin/injection/callback/CallbackInfo;Ljava/util/List;Ljava/util/List;)V has 0 override(s) in child classes
[14:44:50] [Render thread/DEBUG] (FabricLoader/Mixin) fabric-rendering-v1.mixins.json:shader.GameRendererMixin from mod fabric-rendering-v1->@Inject::registerShaders(Lnet/minecraft/resource/ResourceFactory;Lorg/spongepowered/asm/mixin/injection/callback/CallbackInfo;Ljava/util/List;Ljava/util/List;)V won't be passed a CallbackInfo as a result
[14:44:50] [Render thread/DEBUG] (FabricLoader/Mixin) fabric-rendering-v1.mixins.json:shader.GameRendererMixin from mod fabric-rendering-v1->@Inject::registerShaders(Lnet/minecraft/resource/ResourceFactory;Lorg/spongepowered/asm/mixin/injection/callback/CallbackInfo;Ljava/util/List;Ljava/util/List;)V doesn't use it's CallbackInfo
[14:44:50] [Render thread/DEBUG] (FabricLoader/Mixin) fabric-rendering-v1.mixins.json:shader.GameRendererMixin from mod fabric-rendering-v1->@Inject::registerShaders(Lnet/minecraft/resource/ResourceFactory;Lorg/spongepowered/asm/mixin/injection/callback/CallbackInfo;Ljava/util/List;Ljava/util/List;)V has 0 override(s) in child classes
[14:44:50] [Render thread/DEBUG] (FabricLoader/Mixin) fabric-rendering-v1.mixins.json:shader.GameRendererMixin from mod fabric-rendering-v1->@Inject::registerShaders(Lnet/minecraft/resource/ResourceFactory;Lorg/spongepowered/asm/mixin/injection/callback/CallbackInfo;Ljava/util/List;Ljava/util/List;)V won't be passed a CallbackInfo as a result
[14:44:50] [Render thread/DEBUG] (FabricLoader/Mixin) fabric-rendering-v1.mixins.json:shader.GameRendererMixin from mod fabric-rendering-v1->@Inject::registerShaders(Lnet/minecraft/resource/ResourceFactory;Lorg/spongepowered/asm/mixin/injection/callback/CallbackInfo;Ljava/util/List;Ljava/util/List;)V doesn't use it's CallbackInfo
[14:44:50] [Render thread/DEBUG] (FabricLoader/Mixin) fabric-rendering-v1.mixins.json:shader.GameRendererMixin from mod fabric-rendering-v1->@Inject::registerShaders(Lnet/minecraft/resource/ResourceFactory;Lorg/spongepowered/asm/mixin/injection/callback/CallbackInfo;Ljava/util/List;Ljava/util/List;)V has 0 override(s) in child classes
[14:44:50] [Render thread/DEBUG] (FabricLoader/Mixin) fabric-rendering-v1.mixins.json:shader.GameRendererMixin from mod fabric-rendering-v1->@Inject::registerShaders(Lnet/minecraft/resource/ResourceFactory;Lorg/spongepowered/asm/mixin/injection/callback/CallbackInfo;Ljava/util/List;Ljava/util/List;)V won't be passed a CallbackInfo as a result
[14:44:50] [Render thread/DEBUG] (FabricLoader/Mixin) fabric-rendering-v1.mixins.json:shader.GameRendererMixin from mod fabric-rendering-v1->@Inject::registerShaders(Lnet/minecraft/resource/ResourceFactory;Lorg/spongepowered/asm/mixin/injection/callback/CallbackInfo;Ljava/util/List;Ljava/util/List;)V doesn't use it's CallbackInfo
[14:44:50] [Render thread/DEBUG] (FabricLoader/Mixin) fabric-rendering-v1.mixins.json:shader.GameRendererMixin from mod fabric-rendering-v1->@Inject::registerShaders(Lnet/minecraft/resource/ResourceFactory;Lorg/spongepowered/asm/mixin/injection/callback/CallbackInfo;Ljava/util/List;Ljava/util/List;)V has 0 override(s) in child classes
[14:44:50] [Render thread/DEBUG] (FabricLoader/Mixin) fabric-rendering-v1.mixins.json:shader.GameRendererMixin from mod fabric-rendering-v1->@Inject::registerShaders(Lnet/minecraft/resource/ResourceFactory;Lorg/spongepowered/asm/mixin/injection/callback/CallbackInfo;Ljava/util/List;Ljava/util/List;)V won't be passed a CallbackInfo as a result
[14:44:50] [Render thread/DEBUG] (FabricLoader/Mixin) fabric-rendering-v1.mixins.json:shader.GameRendererMixin from mod fabric-rendering-v1->@Inject::registerShaders(Lnet/minecraft/resource/ResourceFactory;Lorg/spongepowered/asm/mixin/injection/callback/CallbackInfo;Ljava/util/List;Ljava/util/List;)V doesn't use it's CallbackInfo
[14:44:50] [Render thread/DEBUG] (FabricLoader/Mixin) fabric-rendering-v1.mixins.json:shader.GameRendererMixin from mod fabric-rendering-v1->@Inject::registerShaders(Lnet/minecraft/resource/ResourceFactory;Lorg/spongepowered/asm/mixin/injection/callback/CallbackInfo;Ljava/util/List;Ljava/util/List;)V has 0 override(s) in child classes
[14:44:50] [Render thread/DEBUG] (FabricLoader/Mixin) fabric-rendering-v1.mixins.json:shader.GameRendererMixin from mod fabric-rendering-v1->@Inject::registerShaders(Lnet/minecraft/resource/ResourceFactory;Lorg/spongepowered/asm/mixin/injection/callback/CallbackInfo;Ljava/util/List;Ljava/util/List;)V won't be passed a CallbackInfo as a result
[14:44:50] [Render thread/DEBUG] (FabricLoader/Mixin) fabric-rendering-v1.mixins.json:shader.GameRendererMixin from mod fabric-rendering-v1->@Inject::registerShaders(Lnet/minecraft/resource/ResourceFactory;Lorg/spongepowered/asm/mixin/injection/callback/CallbackInfo;Ljava/util/List;Ljava/util/List;)V doesn't use it's CallbackInfo
[14:44:50] [Render thread/DEBUG] (FabricLoader/Mixin) fabric-rendering-v1.mixins.json:shader.GameRendererMixin from mod fabric-rendering-v1->@Inject::registerShaders(Lnet/minecraft/resource/ResourceFactory;Lorg/spongepowered/asm/mixin/injection/callback/CallbackInfo;Ljava/util/List;Ljava/util/List;)V has 0 override(s) in child classes
[14:44:50] [Render thread/DEBUG] (FabricLoader/Mixin) fabric-rendering-v1.mixins.json:shader.GameRendererMixin from mod fabric-rendering-v1->@Inject::registerShaders(Lnet/minecraft/resource/ResourceFactory;Lorg/spongepowered/asm/mixin/injection/callback/CallbackInfo;Ljava/util/List;Ljava/util/List;)V won't be passed a CallbackInfo as a result
[14:44:50] [Render thread/DEBUG] (FabricLoader/Mixin) fabric-rendering-v1.mixins.json:shader.GameRendererMixin from mod fabric-rendering-v1->@Inject::registerShaders(Lnet/minecraft/resource/ResourceFactory;Lorg/spongepowered/asm/mixin/injection/callback/CallbackInfo;Ljava/util/List;Ljava/util/List;)V doesn't use it's CallbackInfo
[14:44:50] [Render thread/DEBUG] (FabricLoader/Mixin) fabric-rendering-v1.mixins.json:shader.GameRendererMixin from mod fabric-rendering-v1->@Inject::registerShaders(Lnet/minecraft/resource/ResourceFactory;Lorg/spongepowered/asm/mixin/injection/callback/CallbackInfo;Ljava/util/List;Ljava/util/List;)V has 0 override(s) in child classes
[14:44:50] [Render thread/DEBUG] (FabricLoader/Mixin) fabric-rendering-v1.mixins.json:shader.GameRendererMixin from mod fabric-rendering-v1->@Inject::registerShaders(Lnet/minecraft/resource/ResourceFactory;Lorg/spongepowered/asm/mixin/injection/callback/CallbackInfo;Ljava/util/List;Ljava/util/List;)V won't be passed a CallbackInfo as a result
[14:44:50] [Render thread/DEBUG] (FabricLoader/Mixin) fabric-rendering-v1.mixins.json:shader.GameRendererMixin from mod fabric-rendering-v1->@Inject::registerShaders(Lnet/minecraft/resource/ResourceFactory;Lorg/spongepowered/asm/mixin/injection/callback/CallbackInfo;Ljava/util/List;Ljava/util/List;)V doesn't use it's CallbackInfo
[14:44:50] [Render thread/DEBUG] (FabricLoader/Mixin) fabric-rendering-v1.mixins.json:shader.GameRendererMixin from mod fabric-rendering-v1->@Inject::registerShaders(Lnet/minecraft/resource/ResourceFactory;Lorg/spongepowered/asm/mixin/injection/callback/CallbackInfo;Ljava/util/List;Ljava/util/List;)V has 0 override(s) in child classes
[14:44:50] [Render thread/DEBUG] (FabricLoader/Mixin) fabric-rendering-v1.mixins.json:shader.GameRendererMixin from mod fabric-rendering-v1->@Inject::registerShaders(Lnet/minecraft/resource/ResourceFactory;Lorg/spongepowered/asm/mixin/injection/callback/CallbackInfo;Ljava/util/List;Ljava/util/List;)V won't be passed a CallbackInfo as a result
[14:44:50] [Render thread/DEBUG] (FabricLoader/Mixin) fabric-rendering-v1.mixins.json:shader.GameRendererMixin from mod fabric-rendering-v1->@Inject::registerShaders(Lnet/minecraft/resource/ResourceFactory;Lorg/spongepowered/asm/mixin/injection/callback/CallbackInfo;Ljava/util/List;Ljava/util/List;)V doesn't use it's CallbackInfo
[14:44:50] [Render thread/DEBUG] (FabricLoader/Mixin) fabric-rendering-v1.mixins.json:shader.GameRendererMixin from mod fabric-rendering-v1->@Inject::registerShaders(Lnet/minecraft/resource/ResourceFactory;Lorg/spongepowered/asm/mixin/injection/callback/CallbackInfo;Ljava/util/List;Ljava/util/List;)V has 0 override(s) in child classes
[14:44:50] [Render thread/DEBUG] (FabricLoader/Mixin) fabric-rendering-v1.mixins.json:shader.GameRendererMixin from mod fabric-rendering-v1->@Inject::registerShaders(Lnet/minecraft/resource/ResourceFactory;Lorg/spongepowered/asm/mixin/injection/callback/CallbackInfo;Ljava/util/List;Ljava/util/List;)V won't be passed a CallbackInfo as a result
[14:44:50] [Render thread/DEBUG] (FabricLoader/Mixin) fabric-rendering-v1.mixins.json:shader.GameRendererMixin from mod fabric-rendering-v1->@Inject::registerShaders(Lnet/minecraft/resource/ResourceFactory;Lorg/spongepowered/asm/mixin/injection/callback/CallbackInfo;Ljava/util/List;Ljava/util/List;)V doesn't use it's CallbackInfo
[14:44:50] [Render thread/DEBUG] (FabricLoader/Mixin) fabric-rendering-v1.mixins.json:shader.GameRendererMixin from mod fabric-rendering-v1->@Inject::registerShaders(Lnet/minecraft/resource/ResourceFactory;Lorg/spongepowered/asm/mixin/injection/callback/CallbackInfo;Ljava/util/List;Ljava/util/List;)V has 0 override(s) in child classes
[14:44:50] [Render thread/DEBUG] (FabricLoader/Mixin) fabric-rendering-v1.mixins.json:shader.GameRendererMixin from mod fabric-rendering-v1->@Inject::registerShaders(Lnet/minecraft/resource/ResourceFactory;Lorg/spongepowered/asm/mixin/injection/callback/CallbackInfo;Ljava/util/List;Ljava/util/List;)V won't be passed a CallbackInfo as a result
[14:44:50] [Render thread/DEBUG] (FabricLoader/Mixin) fabric-rendering-v1.mixins.json:shader.GameRendererMixin from mod fabric-rendering-v1->@Inject::registerShaders(Lnet/minecraft/resource/ResourceFactory;Lorg/spongepowered/asm/mixin/injection/callback/CallbackInfo;Ljava/util/List;Ljava/util/List;)V doesn't use it's CallbackInfo
[14:44:50] [Render thread/DEBUG] (FabricLoader/Mixin) fabric-rendering-v1.mixins.json:shader.GameRendererMixin from mod fabric-rendering-v1->@Inject::registerShaders(Lnet/minecraft/resource/ResourceFactory;Lorg/spongepowered/asm/mixin/injection/callback/CallbackInfo;Ljava/util/List;Ljava/util/List;)V has 0 override(s) in child classes
[14:44:50] [Render thread/DEBUG] (FabricLoader/Mixin) fabric-rendering-v1.mixins.json:shader.GameRendererMixin from mod fabric-rendering-v1->@Inject::registerShaders(Lnet/minecraft/resource/ResourceFactory;Lorg/spongepowered/asm/mixin/injection/callback/CallbackInfo;Ljava/util/List;Ljava/util/List;)V won't be passed a CallbackInfo as a result
[14:44:50] [Render thread/DEBUG] (FabricLoader/Mixin) fabric-rendering-v1.mixins.json:shader.GameRendererMixin from mod fabric-rendering-v1->@Inject::registerShaders(Lnet/minecraft/resource/ResourceFactory;Lorg/spongepowered/asm/mixin/injection/callback/CallbackInfo;Ljava/util/List;Ljava/util/List;)V doesn't use it's CallbackInfo
[14:44:50] [Render thread/DEBUG] (FabricLoader/Mixin) fabric-rendering-v1.mixins.json:shader.GameRendererMixin from mod fabric-rendering-v1->@Inject::registerShaders(Lnet/minecraft/resource/ResourceFactory;Lorg/spongepowered/asm/mixin/injection/callback/CallbackInfo;Ljava/util/List;Ljava/util/List;)V has 0 override(s) in child classes
[14:44:50] [Render thread/DEBUG] (FabricLoader/Mixin) fabric-rendering-v1.mixins.json:shader.GameRendererMixin from mod fabric-rendering-v1->@Inject::registerShaders(Lnet/minecraft/resource/ResourceFactory;Lorg/spongepowered/asm/mixin/injection/callback/CallbackInfo;Ljava/util/List;Ljava/util/List;)V won't be passed a CallbackInfo as a result
[14:44:50] [Render thread/DEBUG] (FabricLoader/Mixin) fabric-rendering-v1.mixins.json:shader.GameRendererMixin from mod fabric-rendering-v1->@Inject::registerShaders(Lnet/minecraft/resource/ResourceFactory;Lorg/spongepowered/asm/mixin/injection/callback/CallbackInfo;Ljava/util/List;Ljava/util/List;)V doesn't use it's CallbackInfo
[14:44:50] [Render thread/DEBUG] (FabricLoader/Mixin) fabric-rendering-v1.mixins.json:shader.GameRendererMixin from mod fabric-rendering-v1->@Inject::registerShaders(Lnet/minecraft/resource/ResourceFactory;Lorg/spongepowered/asm/mixin/injection/callback/CallbackInfo;Ljava/util/List;Ljava/util/List;)V has 0 override(s) in child classes
[14:44:50] [Render thread/DEBUG] (FabricLoader/Mixin) fabric-rendering-v1.mixins.json:shader.GameRendererMixin from mod fabric-rendering-v1->@Inject::registerShaders(Lnet/minecraft/resource/ResourceFactory;Lorg/spongepowered/asm/mixin/injection/callback/CallbackInfo;Ljava/util/List;Ljava/util/List;)V won't be passed a CallbackInfo as a result
[14:44:50] [Render thread/DEBUG] (FabricLoader/Mixin) fabric-rendering-v1.mixins.json:shader.GameRendererMixin from mod fabric-rendering-v1->@Inject::registerShaders(Lnet/minecraft/resource/ResourceFactory;Lorg/spongepowered/asm/mixin/injection/callback/CallbackInfo;Ljava/util/List;Ljava/util/List;)V doesn't use it's CallbackInfo
[14:44:50] [Render thread/DEBUG] (FabricLoader/Mixin) fabric-rendering-v1.mixins.json:shader.GameRendererMixin from mod fabric-rendering-v1->@Inject::registerShaders(Lnet/minecraft/resource/ResourceFactory;Lorg/spongepowered/asm/mixin/injection/callback/CallbackInfo;Ljava/util/List;Ljava/util/List;)V has 0 override(s) in child classes
[14:44:50] [Render thread/DEBUG] (FabricLoader/Mixin) fabric-rendering-v1.mixins.json:shader.GameRendererMixin from mod fabric-rendering-v1->@Inject::registerShaders(Lnet/minecraft/resource/ResourceFactory;Lorg/spongepowered/asm/mixin/injection/callback/CallbackInfo;Ljava/util/List;Ljava/util/List;)V won't be passed a CallbackInfo as a result
[14:44:50] [Render thread/DEBUG] (FabricLoader/Mixin) fabric-rendering-v1.mixins.json:shader.GameRendererMixin from mod fabric-rendering-v1->@Inject::registerShaders(Lnet/minecraft/resource/ResourceFactory;Lorg/spongepowered/asm/mixin/injection/callback/CallbackInfo;Ljava/util/List;Ljava/util/List;)V doesn't use it's CallbackInfo
[14:44:50] [Render thread/DEBUG] (FabricLoader/Mixin) fabric-rendering-v1.mixins.json:shader.GameRendererMixin from mod fabric-rendering-v1->@Inject::registerShaders(Lnet/minecraft/resource/ResourceFactory;Lorg/spongepowered/asm/mixin/injection/callback/CallbackInfo;Ljava/util/List;Ljava/util/List;)V has 0 override(s) in child classes
[14:44:50] [Render thread/DEBUG] (FabricLoader/Mixin) fabric-rendering-v1.mixins.json:shader.GameRendererMixin from mod fabric-rendering-v1->@Inject::registerShaders(Lnet/minecraft/resource/ResourceFactory;Lorg/spongepowered/asm/mixin/injection/callback/CallbackInfo;Ljava/util/List;Ljava/util/List;)V won't be passed a CallbackInfo as a result
[14:44:50] [Render thread/DEBUG] (FabricLoader/Mixin) fabric-rendering-v1.mixins.json:shader.GameRendererMixin from mod fabric-rendering-v1->@Inject::registerShaders(Lnet/minecraft/resource/ResourceFactory;Lorg/spongepowered/asm/mixin/injection/callback/CallbackInfo;Ljava/util/List;Ljava/util/List;)V doesn't use it's CallbackInfo
[14:44:50] [Render thread/DEBUG] (FabricLoader/Mixin) fabric-rendering-v1.mixins.json:shader.GameRendererMixin from mod fabric-rendering-v1->@Inject::registerShaders(Lnet/minecraft/resource/ResourceFactory;Lorg/spongepowered/asm/mixin/injection/callback/CallbackInfo;Ljava/util/List;Ljava/util/List;)V has 0 override(s) in child classes
[14:44:50] [Render thread/DEBUG] (FabricLoader/Mixin) fabric-rendering-v1.mixins.json:shader.GameRendererMixin from mod fabric-rendering-v1->@Inject::registerShaders(Lnet/minecraft/resource/ResourceFactory;Lorg/spongepowered/asm/mixin/injection/callback/CallbackInfo;Ljava/util/List;Ljava/util/List;)V won't be passed a CallbackInfo as a result
[14:44:50] [Render thread/DEBUG] (FabricLoader/Mixin) fabric-rendering-v1.mixins.json:shader.GameRendererMixin from mod fabric-rendering-v1->@Inject::registerShaders(Lnet/minecraft/resource/ResourceFactory;Lorg/spongepowered/asm/mixin/injection/callback/CallbackInfo;Ljava/util/List;Ljava/util/List;)V doesn't use it's CallbackInfo
[14:44:50] [Render thread/DEBUG] (FabricLoader/Mixin) fabric-rendering-v1.mixins.json:shader.GameRendererMixin from mod fabric-rendering-v1->@Inject::registerShaders(Lnet/minecraft/resource/ResourceFactory;Lorg/spongepowered/asm/mixin/injection/callback/CallbackInfo;Ljava/util/List;Ljava/util/List;)V has 0 override(s) in child classes
[14:44:50] [Render thread/DEBUG] (FabricLoader/Mixin) fabric-rendering-v1.mixins.json:shader.GameRendererMixin from mod fabric-rendering-v1->@Inject::registerShaders(Lnet/minecraft/resource/ResourceFactory;Lorg/spongepowered/asm/mixin/injection/callback/CallbackInfo;Ljava/util/List;Ljava/util/List;)V won't be passed a CallbackInfo as a result
[14:44:50] [Render thread/DEBUG] (FabricLoader/Mixin) fabric-rendering-v1.mixins.json:shader.GameRendererMixin from mod fabric-rendering-v1->@Inject::registerShaders(Lnet/minecraft/resource/ResourceFactory;Lorg/spongepowered/asm/mixin/injection/callback/CallbackInfo;Ljava/util/List;Ljava/util/List;)V doesn't use it's CallbackInfo
[14:44:50] [Render thread/DEBUG] (FabricLoader/Mixin) fabric-rendering-v1.mixins.json:shader.GameRendererMixin from mod fabric-rendering-v1->@Inject::registerShaders(Lnet/minecraft/resource/ResourceFactory;Lorg/spongepowered/asm/mixin/injection/callback/CallbackInfo;Ljava/util/List;Ljava/util/List;)V has 0 override(s) in child classes
[14:44:50] [Render thread/DEBUG] (FabricLoader/Mixin) fabric-rendering-v1.mixins.json:shader.GameRendererMixin from mod fabric-rendering-v1->@Inject::registerShaders(Lnet/minecraft/resource/ResourceFactory;Lorg/spongepowered/asm/mixin/injection/callback/CallbackInfo;Ljava/util/List;Ljava/util/List;)V won't be passed a CallbackInfo as a result
[14:44:50] [Render thread/DEBUG] (FabricLoader/Mixin) fabric-rendering-v1.mixins.json:shader.GameRendererMixin from mod fabric-rendering-v1->@Inject::registerShaders(Lnet/minecraft/resource/ResourceFactory;Lorg/spongepowered/asm/mixin/injection/callback/CallbackInfo;Ljava/util/List;Ljava/util/List;)V doesn't use it's CallbackInfo
[14:44:50] [Render thread/DEBUG] (FabricLoader/Mixin) fabric-rendering-v1.mixins.json:shader.GameRendererMixin from mod fabric-rendering-v1->@Inject::registerShaders(Lnet/minecraft/resource/ResourceFactory;Lorg/spongepowered/asm/mixin/injection/callback/CallbackInfo;Ljava/util/List;Ljava/util/List;)V has 0 override(s) in child classes
[14:44:50] [Render thread/DEBUG] (FabricLoader/Mixin) fabric-rendering-v1.mixins.json:shader.GameRendererMixin from mod fabric-rendering-v1->@Inject::registerShaders(Lnet/minecraft/resource/ResourceFactory;Lorg/spongepowered/asm/mixin/injection/callback/CallbackInfo;Ljava/util/List;Ljava/util/List;)V won't be passed a CallbackInfo as a result
[14:44:50] [Render thread/DEBUG] (FabricLoader/Mixin) fabric-rendering-v1.mixins.json:shader.GameRendererMixin from mod fabric-rendering-v1->@Inject::registerShaders(Lnet/minecraft/resource/ResourceFactory;Lorg/spongepowered/asm/mixin/injection/callback/CallbackInfo;Ljava/util/List;Ljava/util/List;)V doesn't use it's CallbackInfo
[14:44:50] [Render thread/DEBUG] (FabricLoader/Mixin) fabric-rendering-v1.mixins.json:shader.GameRendererMixin from mod fabric-rendering-v1->@Inject::registerShaders(Lnet/minecraft/resource/ResourceFactory;Lorg/spongepowered/asm/mixin/injection/callback/CallbackInfo;Ljava/util/List;Ljava/util/List;)V has 0 override(s) in child classes
[14:44:50] [Render thread/DEBUG] (FabricLoader/Mixin) fabric-rendering-v1.mixins.json:shader.GameRendererMixin from mod fabric-rendering-v1->@Inject::registerShaders(Lnet/minecraft/resource/ResourceFactory;Lorg/spongepowered/asm/mixin/injection/callback/CallbackInfo;Ljava/util/List;Ljava/util/List;)V won't be passed a CallbackInfo as a result
[14:44:50] [Render thread/DEBUG] (FabricLoader/Mixin) fabric-rendering-v1.mixins.json:shader.GameRendererMixin from mod fabric-rendering-v1->@Inject::registerShaders(Lnet/minecraft/resource/ResourceFactory;Lorg/spongepowered/asm/mixin/injection/callback/CallbackInfo;Ljava/util/List;Ljava/util/List;)V doesn't use it's CallbackInfo
[14:44:50] [Render thread/DEBUG] (FabricLoader/Mixin) fabric-rendering-v1.mixins.json:shader.GameRendererMixin from mod fabric-rendering-v1->@Inject::registerShaders(Lnet/minecraft/resource/ResourceFactory;Lorg/spongepowered/asm/mixin/injection/callback/CallbackInfo;Ljava/util/List;Ljava/util/List;)V has 0 override(s) in child classes
[14:44:50] [Render thread/DEBUG] (FabricLoader/Mixin) fabric-rendering-v1.mixins.json:shader.GameRendererMixin from mod fabric-rendering-v1->@Inject::registerShaders(Lnet/minecraft/resource/ResourceFactory;Lorg/spongepowered/asm/mixin/injection/callback/CallbackInfo;Ljava/util/List;Ljava/util/List;)V won't be passed a CallbackInfo as a result
[14:44:50] [Render thread/DEBUG] (FabricLoader/Mixin) fabric-rendering-v1.mixins.json:shader.GameRendererMixin from mod fabric-rendering-v1->@Inject::registerShaders(Lnet/minecraft/resource/ResourceFactory;Lorg/spongepowered/asm/mixin/injection/callback/CallbackInfo;Ljava/util/List;Ljava/util/List;)V doesn't use it's CallbackInfo
[14:44:50] [Render thread/DEBUG] (FabricLoader/Mixin) fabric-rendering-v1.mixins.json:shader.GameRendererMixin from mod fabric-rendering-v1->@Inject::registerShaders(Lnet/minecraft/resource/ResourceFactory;Lorg/spongepowered/asm/mixin/injection/callback/CallbackInfo;Ljava/util/List;Ljava/util/List;)V has 0 override(s) in child classes
[14:44:50] [Render thread/DEBUG] (FabricLoader/Mixin) fabric-rendering-v1.mixins.json:shader.GameRendererMixin from mod fabric-rendering-v1->@Inject::registerShaders(Lnet/minecraft/resource/ResourceFactory;Lorg/spongepowered/asm/mixin/injection/callback/CallbackInfo;Ljava/util/List;Ljava/util/List;)V won't be passed a CallbackInfo as a result
[14:44:50] [Render thread/DEBUG] (FabricLoader/Mixin) fabric-rendering-v1.mixins.json:shader.GameRendererMixin from mod fabric-rendering-v1->@Inject::registerShaders(Lnet/minecraft/resource/ResourceFactory;Lorg/spongepowered/asm/mixin/injection/callback/CallbackInfo;Ljava/util/List;Ljava/util/List;)V doesn't use it's CallbackInfo
[14:44:50] [Render thread/DEBUG] (FabricLoader/Mixin) fabric-rendering-v1.mixins.json:shader.GameRendererMixin from mod fabric-rendering-v1->@Inject::registerShaders(Lnet/minecraft/resource/ResourceFactory;Lorg/spongepowered/asm/mixin/injection/callback/CallbackInfo;Ljava/util/List;Ljava/util/List;)V has 0 override(s) in child classes
[14:44:50] [Render thread/DEBUG] (FabricLoader/Mixin) fabric-rendering-v1.mixins.json:shader.GameRendererMixin from mod fabric-rendering-v1->@Inject::registerShaders(Lnet/minecraft/resource/ResourceFactory;Lorg/spongepowered/asm/mixin/injection/callback/CallbackInfo;Ljava/util/List;Ljava/util/List;)V won't be passed a CallbackInfo as a result
[14:44:50] [Render thread/DEBUG] (FabricLoader/Mixin) fabric-rendering-v1.mixins.json:shader.GameRendererMixin from mod fabric-rendering-v1->@Inject::registerShaders(Lnet/minecraft/resource/ResourceFactory;Lorg/spongepowered/asm/mixin/injection/callback/CallbackInfo;Ljava/util/List;Ljava/util/List;)V doesn't use it's CallbackInfo
[14:44:50] [Render thread/DEBUG] (FabricLoader/Mixin) fabric-rendering-v1.mixins.json:shader.GameRendererMixin from mod fabric-rendering-v1->@Inject::registerShaders(Lnet/minecraft/resource/ResourceFactory;Lorg/spongepowered/asm/mixin/injection/callback/CallbackInfo;Ljava/util/List;Ljava/util/List;)V has 0 override(s) in child classes
[14:44:50] [Render thread/DEBUG] (FabricLoader/Mixin) fabric-rendering-v1.mixins.json:shader.GameRendererMixin from mod fabric-rendering-v1->@Inject::registerShaders(Lnet/minecraft/resource/ResourceFactory;Lorg/spongepowered/asm/mixin/injection/callback/CallbackInfo;Ljava/util/List;Ljava/util/List;)V won't be passed a CallbackInfo as a result
[14:44:50] [Render thread/DEBUG] (FabricLoader/Mixin) fabric-rendering-v1.mixins.json:shader.GameRendererMixin from mod fabric-rendering-v1->@Inject::registerShaders(Lnet/minecraft/resource/ResourceFactory;Lorg/spongepowered/asm/mixin/injection/callback/CallbackInfo;Ljava/util/List;Ljava/util/List;)V doesn't use it's CallbackInfo
[14:44:50] [Render thread/DEBUG] (FabricLoader/Mixin) fabric-rendering-v1.mixins.json:shader.GameRendererMixin from mod fabric-rendering-v1->@Inject::registerShaders(Lnet/minecraft/resource/ResourceFactory;Lorg/spongepowered/asm/mixin/injection/callback/CallbackInfo;Ljava/util/List;Ljava/util/List;)V has 0 override(s) in child classes
[14:44:50] [Render thread/DEBUG] (FabricLoader/Mixin) fabric-rendering-v1.mixins.json:shader.GameRendererMixin from mod fabric-rendering-v1->@Inject::registerShaders(Lnet/minecraft/resource/ResourceFactory;Lorg/spongepowered/asm/mixin/injection/callback/CallbackInfo;Ljava/util/List;Ljava/util/List;)V won't be passed a CallbackInfo as a result
[14:44:50] [Render thread/DEBUG] (FabricLoader/Mixin) fabric-rendering-v1.mixins.json:shader.GameRendererMixin from mod fabric-rendering-v1->@Inject::registerShaders(Lnet/minecraft/resource/ResourceFactory;Lorg/spongepowered/asm/mixin/injection/callback/CallbackInfo;Ljava/util/List;Ljava/util/List;)V doesn't use it's CallbackInfo
[14:44:50] [Render thread/DEBUG] (FabricLoader/Mixin) fabric-rendering-v1.mixins.json:shader.GameRendererMixin from mod fabric-rendering-v1->@Inject::registerShaders(Lnet/minecraft/resource/ResourceFactory;Lorg/spongepowered/asm/mixin/injection/callback/CallbackInfo;Ljava/util/List;Ljava/util/List;)V has 0 override(s) in child classes
[14:44:50] [Render thread/DEBUG] (FabricLoader/Mixin) fabric-rendering-v1.mixins.json:shader.GameRendererMixin from mod fabric-rendering-v1->@Inject::registerShaders(Lnet/minecraft/resource/ResourceFactory;Lorg/spongepowered/asm/mixin/injection/callback/CallbackInfo;Ljava/util/List;Ljava/util/List;)V won't be passed a CallbackInfo as a result
[14:44:50] [Render thread/DEBUG] (FabricLoader/Mixin) fabric-rendering-v1.mixins.json:shader.GameRendererMixin from mod fabric-rendering-v1->@Inject::registerShaders(Lnet/minecraft/resource/ResourceFactory;Lorg/spongepowered/asm/mixin/injection/callback/CallbackInfo;Ljava/util/List;Ljava/util/List;)V doesn't use it's CallbackInfo
[14:44:50] [Render thread/DEBUG] (FabricLoader/Mixin) fabric-rendering-v1.mixins.json:shader.GameRendererMixin from mod fabric-rendering-v1->@Inject::registerShaders(Lnet/minecraft/resource/ResourceFactory;Lorg/spongepowered/asm/mixin/injection/callback/CallbackInfo;Ljava/util/List;Ljava/util/List;)V has 0 override(s) in child classes
[14:44:50] [Render thread/DEBUG] (FabricLoader/Mixin) fabric-rendering-v1.mixins.json:shader.GameRendererMixin from mod fabric-rendering-v1->@Inject::registerShaders(Lnet/minecraft/resource/ResourceFactory;Lorg/spongepowered/asm/mixin/injection/callback/CallbackInfo;Ljava/util/List;Ljava/util/List;)V won't be passed a CallbackInfo as a result
[14:44:50] [Render thread/DEBUG] (FabricLoader/Mixin) fabric-rendering-v1.mixins.json:shader.GameRendererMixin from mod fabric-rendering-v1->@Inject::registerShaders(Lnet/minecraft/resource/ResourceFactory;Lorg/spongepowered/asm/mixin/injection/callback/CallbackInfo;Ljava/util/List;Ljava/util/List;)V doesn't use it's CallbackInfo
[14:44:50] [Render thread/DEBUG] (FabricLoader/Mixin) fabric-rendering-v1.mixins.json:shader.GameRendererMixin from mod fabric-rendering-v1->@Inject::registerShaders(Lnet/minecraft/resource/ResourceFactory;Lorg/spongepowered/asm/mixin/injection/callback/CallbackInfo;Ljava/util/List;Ljava/util/List;)V has 0 override(s) in child classes
[14:44:50] [Render thread/DEBUG] (FabricLoader/Mixin) fabric-rendering-v1.mixins.json:shader.GameRendererMixin from mod fabric-rendering-v1->@Inject::registerShaders(Lnet/minecraft/resource/ResourceFactory;Lorg/spongepowered/asm/mixin/injection/callback/CallbackInfo;Ljava/util/List;Ljava/util/List;)V won't be passed a CallbackInfo as a result
[14:44:50] [Render thread/DEBUG] (FabricLoader/Mixin) fabric-rendering-v1.mixins.json:shader.GameRendererMixin from mod fabric-rendering-v1->@Inject::registerShaders(Lnet/minecraft/resource/ResourceFactory;Lorg/spongepowered/asm/mixin/injection/callback/CallbackInfo;Ljava/util/List;Ljava/util/List;)V doesn't use it's CallbackInfo
[14:44:50] [Render thread/DEBUG] (FabricLoader/Mixin) fabric-rendering-v1.mixins.json:shader.GameRendererMixin from mod fabric-rendering-v1->@Inject::registerShaders(Lnet/minecraft/resource/ResourceFactory;Lorg/spongepowered/asm/mixin/injection/callback/CallbackInfo;Ljava/util/List;Ljava/util/List;)V has 0 override(s) in child classes
[14:44:50] [Render thread/DEBUG] (FabricLoader/Mixin) fabric-rendering-v1.mixins.json:shader.GameRendererMixin from mod fabric-rendering-v1->@Inject::registerShaders(Lnet/minecraft/resource/ResourceFactory;Lorg/spongepowered/asm/mixin/injection/callback/CallbackInfo;Ljava/util/List;Ljava/util/List;)V won't be passed a CallbackInfo as a result
[14:44:50] [Render thread/DEBUG] (FabricLoader/Mixin) fabric-rendering-v1.mixins.json:shader.GameRendererMixin from mod fabric-rendering-v1->@Inject::registerShaders(Lnet/minecraft/resource/ResourceFactory;Lorg/spongepowered/asm/mixin/injection/callback/CallbackInfo;Ljava/util/List;Ljava/util/List;)V doesn't use it's CallbackInfo
[14:44:50] [Render thread/DEBUG] (FabricLoader/Mixin) fabric-rendering-v1.mixins.json:shader.GameRendererMixin from mod fabric-rendering-v1->@Inject::registerShaders(Lnet/minecraft/resource/ResourceFactory;Lorg/spongepowered/asm/mixin/injection/callback/CallbackInfo;Ljava/util/List;Ljava/util/List;)V has 0 override(s) in child classes
[14:44:50] [Render thread/DEBUG] (FabricLoader/Mixin) fabric-rendering-v1.mixins.json:shader.GameRendererMixin from mod fabric-rendering-v1->@Inject::registerShaders(Lnet/minecraft/resource/ResourceFactory;Lorg/spongepowered/asm/mixin/injection/callback/CallbackInfo;Ljava/util/List;Ljava/util/List;)V won't be passed a CallbackInfo as a result
[14:44:50] [Render thread/DEBUG] (FabricLoader/Mixin) fabric-rendering-v1.mixins.json:shader.GameRendererMixin from mod fabric-rendering-v1->@Inject::registerShaders(Lnet/minecraft/resource/ResourceFactory;Lorg/spongepowered/asm/mixin/injection/callback/CallbackInfo;Ljava/util/List;Ljava/util/List;)V doesn't use it's CallbackInfo
[14:44:50] [Render thread/DEBUG] (FabricLoader/Mixin) fabric-rendering-v1.mixins.json:shader.GameRendererMixin from mod fabric-rendering-v1->@Inject::registerShaders(Lnet/minecraft/resource/ResourceFactory;Lorg/spongepowered/asm/mixin/injection/callback/CallbackInfo;Ljava/util/List;Ljava/util/List;)V has 0 override(s) in child classes
[14:44:50] [Render thread/DEBUG] (FabricLoader/Mixin) fabric-rendering-v1.mixins.json:shader.GameRendererMixin from mod fabric-rendering-v1->@Inject::registerShaders(Lnet/minecraft/resource/ResourceFactory;Lorg/spongepowered/asm/mixin/injection/callback/CallbackInfo;Ljava/util/List;Ljava/util/List;)V won't be passed a CallbackInfo as a result
[14:44:50] [Render thread/DEBUG] (FabricLoader/Mixin) fabric-rendering-v1.mixins.json:shader.GameRendererMixin from mod fabric-rendering-v1->@Inject::registerShaders(Lnet/minecraft/resource/ResourceFactory;Lorg/spongepowered/asm/mixin/injection/callback/CallbackInfo;Ljava/util/List;Ljava/util/List;)V doesn't use it's CallbackInfo
[14:44:50] [Render thread/DEBUG] (FabricLoader/Mixin) fabric-rendering-v1.mixins.json:shader.GameRendererMixin from mod fabric-rendering-v1->@Inject::registerShaders(Lnet/minecraft/resource/ResourceFactory;Lorg/spongepowered/asm/mixin/injection/callback/CallbackInfo;Ljava/util/List;Ljava/util/List;)V has 0 override(s) in child classes
[14:44:50] [Render thread/DEBUG] (FabricLoader/Mixin) fabric-rendering-v1.mixins.json:shader.GameRendererMixin from mod fabric-rendering-v1->@Inject::registerShaders(Lnet/minecraft/resource/ResourceFactory;Lorg/spongepowered/asm/mixin/injection/callback/CallbackInfo;Ljava/util/List;Ljava/util/List;)V won't be passed a CallbackInfo as a result
[14:44:50] [Render thread/DEBUG] (FabricLoader/Mixin) fabric-rendering-v1.mixins.json:shader.GameRendererMixin from mod fabric-rendering-v1->@Inject::registerShaders(Lnet/minecraft/resource/ResourceFactory;Lorg/spongepowered/asm/mixin/injection/callback/CallbackInfo;Ljava/util/List;Ljava/util/List;)V doesn't use it's CallbackInfo
[14:44:50] [Render thread/DEBUG] (FabricLoader/Mixin) fabric-rendering-v1.mixins.json:shader.GameRendererMixin from mod fabric-rendering-v1->@Inject::registerShaders(Lnet/minecraft/resource/ResourceFactory;Lorg/spongepowered/asm/mixin/injection/callback/CallbackInfo;Ljava/util/List;Ljava/util/List;)V has 0 override(s) in child classes
[14:44:50] [Render thread/DEBUG] (FabricLoader/Mixin) fabric-rendering-v1.mixins.json:shader.GameRendererMixin from mod fabric-rendering-v1->@Inject::registerShaders(Lnet/minecraft/resource/ResourceFactory;Lorg/spongepowered/asm/mixin/injection/callback/CallbackInfo;Ljava/util/List;Ljava/util/List;)V won't be passed a CallbackInfo as a result
[14:44:50] [Render thread/DEBUG] (FabricLoader/Mixin) fabric-rendering-v1.mixins.json:shader.GameRendererMixin from mod fabric-rendering-v1->@Inject::registerShaders(Lnet/minecraft/resource/ResourceFactory;Lorg/spongepowered/asm/mixin/injection/callback/CallbackInfo;Ljava/util/List;Ljava/util/List;)V doesn't use it's CallbackInfo
[14:44:50] [Render thread/DEBUG] (FabricLoader/Mixin) fabric-rendering-v1.mixins.json:shader.GameRendererMixin from mod fabric-rendering-v1->@Inject::registerShaders(Lnet/minecraft/resource/ResourceFactory;Lorg/spongepowered/asm/mixin/injection/callback/CallbackInfo;Ljava/util/List;Ljava/util/List;)V has 0 override(s) in child classes
[14:44:50] [Render thread/DEBUG] (FabricLoader/Mixin) fabric-rendering-v1.mixins.json:shader.GameRendererMixin from mod fabric-rendering-v1->@Inject::registerShaders(Lnet/minecraft/resource/ResourceFactory;Lorg/spongepowered/asm/mixin/injection/callback/CallbackInfo;Ljava/util/List;Ljava/util/List;)V won't be passed a CallbackInfo as a result
[14:44:50] [Render thread/DEBUG] (FabricLoader/Mixin) fabric-rendering-v1.mixins.json:shader.GameRendererMixin from mod fabric-rendering-v1->@Inject::registerShaders(Lnet/minecraft/resource/ResourceFactory;Lorg/spongepowered/asm/mixin/injection/callback/CallbackInfo;Ljava/util/List;Ljava/util/List;)V doesn't use it's CallbackInfo
[14:44:50] [Render thread/DEBUG] (FabricLoader/Mixin) fabric-rendering-v1.mixins.json:shader.GameRendererMixin from mod fabric-rendering-v1->@Inject::registerShaders(Lnet/minecraft/resource/ResourceFactory;Lorg/spongepowered/asm/mixin/injection/callback/CallbackInfo;Ljava/util/List;Ljava/util/List;)V has 0 override(s) in child classes
[14:44:50] [Render thread/DEBUG] (FabricLoader/Mixin) fabric-rendering-v1.mixins.json:shader.GameRendererMixin from mod fabric-rendering-v1->@Inject::registerShaders(Lnet/minecraft/resource/ResourceFactory;Lorg/spongepowered/asm/mixin/injection/callback/CallbackInfo;Ljava/util/List;Ljava/util/List;)V won't be passed a CallbackInfo as a result
[14:44:50] [Render thread/DEBUG] (FabricLoader/Mixin) fabric-rendering-v1.mixins.json:shader.GameRendererMixin from mod fabric-rendering-v1->@Inject::registerShaders(Lnet/minecraft/resource/ResourceFactory;Lorg/spongepowered/asm/mixin/injection/callback/CallbackInfo;Ljava/util/List;Ljava/util/List;)V doesn't use it's CallbackInfo
[14:44:50] [Render thread/DEBUG] (FabricLoader/Mixin) fabric-rendering-v1.mixins.json:shader.GameRendererMixin from mod fabric-rendering-v1->@Inject::registerShaders(Lnet/minecraft/resource/ResourceFactory;Lorg/spongepowered/asm/mixin/injection/callback/CallbackInfo;Ljava/util/List;Ljava/util/List;)V has 0 override(s) in child classes
[14:44:50] [Render thread/DEBUG] (FabricLoader/Mixin) fabric-rendering-v1.mixins.json:shader.GameRendererMixin from mod fabric-rendering-v1->@Inject::registerShaders(Lnet/minecraft/resource/ResourceFactory;Lorg/spongepowered/asm/mixin/injection/callback/CallbackInfo;Ljava/util/List;Ljava/util/List;)V won't be passed a CallbackInfo as a result
[14:44:50] [Render thread/DEBUG] (FabricLoader/Mixin) fabric-rendering-v1.mixins.json:shader.GameRendererMixin from mod fabric-rendering-v1->@Inject::registerShaders(Lnet/minecraft/resource/ResourceFactory;Lorg/spongepowered/asm/mixin/injection/callback/CallbackInfo;Ljava/util/List;Ljava/util/List;)V doesn't use it's CallbackInfo
[14:44:50] [Render thread/DEBUG] (FabricLoader/Mixin) fabric-rendering-v1.mixins.json:shader.GameRendererMixin from mod fabric-rendering-v1->@Inject::registerShaders(Lnet/minecraft/resource/ResourceFactory;Lorg/spongepowered/asm/mixin/injection/callback/CallbackInfo;Ljava/util/List;Ljava/util/List;)V has 0 override(s) in child classes
[14:44:50] [Render thread/DEBUG] (FabricLoader/Mixin) fabric-rendering-v1.mixins.json:shader.GameRendererMixin from mod fabric-rendering-v1->@Inject::registerShaders(Lnet/minecraft/resource/ResourceFactory;Lorg/spongepowered/asm/mixin/injection/callback/CallbackInfo;Ljava/util/List;Ljava/util/List;)V won't be passed a CallbackInfo as a result
[14:44:50] [Render thread/DEBUG] (FabricLoader/Mixin) fabric-rendering-v1.mixins.json:shader.GameRendererMixin from mod fabric-rendering-v1->@Inject::registerShaders(Lnet/minecraft/resource/ResourceFactory;Lorg/spongepowered/asm/mixin/injection/callback/CallbackInfo;Ljava/util/List;Ljava/util/List;)V doesn't use it's CallbackInfo
[14:44:50] [Render thread/DEBUG] (FabricLoader/Mixin) fabric-rendering-v1.mixins.json:shader.GameRendererMixin from mod fabric-rendering-v1->@Inject::registerShaders(Lnet/minecraft/resource/ResourceFactory;Lorg/spongepowered/asm/mixin/injection/callback/CallbackInfo;Ljava/util/List;Ljava/util/List;)V has 0 override(s) in child classes
[14:44:50] [Render thread/DEBUG] (FabricLoader/Mixin) fabric-rendering-v1.mixins.json:shader.GameRendererMixin from mod fabric-rendering-v1->@Inject::registerShaders(Lnet/minecraft/resource/ResourceFactory;Lorg/spongepowered/asm/mixin/injection/callback/CallbackInfo;Ljava/util/List;Ljava/util/List;)V won't be passed a CallbackInfo as a result
[14:44:50] [Render thread/DEBUG] (FabricLoader/Mixin) fabric-rendering-v1.mixins.json:shader.GameRendererMixin from mod fabric-rendering-v1->@Inject::registerShaders(Lnet/minecraft/resource/ResourceFactory;Lorg/spongepowered/asm/mixin/injection/callback/CallbackInfo;Ljava/util/List;Ljava/util/List;)V doesn't use it's CallbackInfo
[14:44:50] [Render thread/DEBUG] (FabricLoader/Mixin) fabric-rendering-v1.mixins.json:shader.GameRendererMixin from mod fabric-rendering-v1->@Inject::registerShaders(Lnet/minecraft/resource/ResourceFactory;Lorg/spongepowered/asm/mixin/injection/callback/CallbackInfo;Ljava/util/List;Ljava/util/List;)V has 0 override(s) in child classes
[14:44:50] [Render thread/DEBUG] (FabricLoader/Mixin) fabric-rendering-v1.mixins.json:shader.GameRendererMixin from mod fabric-rendering-v1->@Inject::registerShaders(Lnet/minecraft/resource/ResourceFactory;Lorg/spongepowered/asm/mixin/injection/callback/CallbackInfo;Ljava/util/List;Ljava/util/List;)V won't be passed a CallbackInfo as a result
[14:44:50] [Render thread/DEBUG] (FabricLoader/Mixin) fabric-rendering-v1.mixins.json:shader.GameRendererMixin from mod fabric-rendering-v1->@Inject::registerShaders(Lnet/minecraft/resource/ResourceFactory;Lorg/spongepowered/asm/mixin/injection/callback/CallbackInfo;Ljava/util/List;Ljava/util/List;)V doesn't use it's CallbackInfo
[14:44:50] [Render thread/DEBUG] (FabricLoader/Mixin) fabric-rendering-v1.mixins.json:shader.GameRendererMixin from mod fabric-rendering-v1->@Inject::registerShaders(Lnet/minecraft/resource/ResourceFactory;Lorg/spongepowered/asm/mixin/injection/callback/CallbackInfo;Ljava/util/List;Ljava/util/List;)V has 0 override(s) in child classes
[14:44:50] [Render thread/DEBUG] (FabricLoader/Mixin) fabric-rendering-v1.mixins.json:shader.GameRendererMixin from mod fabric-rendering-v1->@Inject::registerShaders(Lnet/minecraft/resource/ResourceFactory;Lorg/spongepowered/asm/mixin/injection/callback/CallbackInfo;Ljava/util/List;Ljava/util/List;)V won't be passed a CallbackInfo as a result
[14:44:50] [Render thread/DEBUG] (FabricLoader/Mixin) fabric-rendering-v1.mixins.json:shader.GameRendererMixin from mod fabric-rendering-v1->@Inject::registerShaders(Lnet/minecraft/resource/ResourceFactory;Lorg/spongepowered/asm/mixin/injection/callback/CallbackInfo;Ljava/util/List;Ljava/util/List;)V doesn't use it's CallbackInfo
[14:44:50] [Render thread/DEBUG] (FabricLoader/Mixin) fabric-rendering-v1.mixins.json:shader.GameRendererMixin from mod fabric-rendering-v1->@Inject::registerShaders(Lnet/minecraft/resource/ResourceFactory;Lorg/spongepowered/asm/mixin/injection/callback/CallbackInfo;Ljava/util/List;Ljava/util/List;)V has 0 override(s) in child classes
[14:44:50] [Render thread/DEBUG] (FabricLoader/Mixin) fabric-rendering-v1.mixins.json:shader.GameRendererMixin from mod fabric-rendering-v1->@Inject::registerShaders(Lnet/minecraft/resource/ResourceFactory;Lorg/spongepowered/asm/mixin/injection/callback/CallbackInfo;Ljava/util/List;Ljava/util/List;)V won't be passed a CallbackInfo as a result
[14:44:50] [Render thread/DEBUG] (FabricLoader/Mixin) fabric-rendering-v1.mixins.json:shader.GameRendererMixin from mod fabric-rendering-v1->@Inject::registerShaders(Lnet/minecraft/resource/ResourceFactory;Lorg/spongepowered/asm/mixin/injection/callback/CallbackInfo;Ljava/util/List;Ljava/util/List;)V doesn't use it's CallbackInfo
[14:44:50] [Render thread/DEBUG] (FabricLoader/Mixin) fabric-rendering-v1.mixins.json:shader.GameRendererMixin from mod fabric-rendering-v1->@Inject::registerShaders(Lnet/minecraft/resource/ResourceFactory;Lorg/spongepowered/asm/mixin/injection/callback/CallbackInfo;Ljava/util/List;Ljava/util/List;)V has 0 override(s) in child classes
[14:44:50] [Render thread/DEBUG] (FabricLoader/Mixin) fabric-rendering-v1.mixins.json:shader.GameRendererMixin from mod fabric-rendering-v1->@Inject::registerShaders(Lnet/minecraft/resource/ResourceFactory;Lorg/spongepowered/asm/mixin/injection/callback/CallbackInfo;Ljava/util/List;Ljava/util/List;)V won't be passed a CallbackInfo as a result
[14:44:50] [Render thread/DEBUG] (FabricLoader/Mixin) fabric-rendering-v1.mixins.json:shader.GameRendererMixin from mod fabric-rendering-v1->@Inject::registerShaders(Lnet/minecraft/resource/ResourceFactory;Lorg/spongepowered/asm/mixin/injection/callback/CallbackInfo;Ljava/util/List;Ljava/util/List;)V doesn't use it's CallbackInfo
[14:44:50] [Render thread/DEBUG] (FabricLoader/Mixin) fabric-rendering-v1.mixins.json:shader.GameRendererMixin from mod fabric-rendering-v1->@Inject::registerShaders(Lnet/minecraft/resource/ResourceFactory;Lorg/spongepowered/asm/mixin/injection/callback/CallbackInfo;Ljava/util/List;Ljava/util/List;)V has 0 override(s) in child classes
[14:44:50] [Render thread/DEBUG] (FabricLoader/Mixin) fabric-rendering-v1.mixins.json:shader.GameRendererMixin from mod fabric-rendering-v1->@Inject::registerShaders(Lnet/minecraft/resource/ResourceFactory;Lorg/spongepowered/asm/mixin/injection/callback/CallbackInfo;Ljava/util/List;Ljava/util/List;)V won't be passed a CallbackInfo as a result
[14:44:50] [Render thread/DEBUG] (FabricLoader/Mixin) fabric-rendering-v1.mixins.json:shader.GameRendererMixin from mod fabric-rendering-v1->@Inject::registerShaders(Lnet/minecraft/resource/ResourceFactory;Lorg/spongepowered/asm/mixin/injection/callback/CallbackInfo;Ljava/util/List;Ljava/util/List;)V doesn't use it's CallbackInfo
[14:44:50] [Render thread/DEBUG] (FabricLoader/Mixin) fabric-rendering-v1.mixins.json:shader.GameRendererMixin from mod fabric-rendering-v1->@Inject::registerShaders(Lnet/minecraft/resource/ResourceFactory;Lorg/spongepowered/asm/mixin/injection/callback/CallbackInfo;Ljava/util/List;Ljava/util/List;)V has 0 override(s) in child classes
[14:44:50] [Render thread/DEBUG] (FabricLoader/Mixin) fabric-rendering-v1.mixins.json:shader.GameRendererMixin from mod fabric-rendering-v1->@Inject::registerShaders(Lnet/minecraft/resource/ResourceFactory;Lorg/spongepowered/asm/mixin/injection/callback/CallbackInfo;Ljava/util/List;Ljava/util/List;)V won't be passed a CallbackInfo as a result
[14:44:50] [Render thread/DEBUG] (FabricLoader/Mixin) fabric-rendering-v1.mixins.json:shader.GameRendererMixin from mod fabric-rendering-v1->@Inject::registerShaders(Lnet/minecraft/resource/ResourceFactory;Lorg/spongepowered/asm/mixin/injection/callback/CallbackInfo;Ljava/util/List;Ljava/util/List;)V doesn't use it's CallbackInfo
[14:44:50] [Render thread/DEBUG] (FabricLoader/Mixin) fabric-rendering-v1.mixins.json:shader.GameRendererMixin from mod fabric-rendering-v1->@Inject::registerShaders(Lnet/minecraft/resource/ResourceFactory;Lorg/spongepowered/asm/mixin/injection/callback/CallbackInfo;Ljava/util/List;Ljava/util/List;)V has 0 override(s) in child classes
[14:44:50] [Render thread/DEBUG] (FabricLoader/Mixin) fabric-rendering-v1.mixins.json:shader.GameRendererMixin from mod fabric-rendering-v1->@Inject::registerShaders(Lnet/minecraft/resource/ResourceFactory;Lorg/spongepowered/asm/mixin/injection/callback/CallbackInfo;Ljava/util/List;Ljava/util/List;)V won't be passed a CallbackInfo as a result
[14:44:50] [Render thread/DEBUG] (FabricLoader/Mixin) fabric-screen-api-v1.mixins.json:GameRendererMixin from mod fabric-screen-api-v1->@Inject::onBeforeRenderScreen(FJZLorg/spongepowered/asm/mixin/injection/callback/CallbackInfo;IILnet/minecraft/client/util/math/MatrixStack;Lnet/minecraft/client/gui/DrawContext;)V doesn't use it's CallbackInfo
[14:44:50] [Render thread/DEBUG] (FabricLoader/Mixin) fabric-screen-api-v1.mixins.json:GameRendererMixin from mod fabric-screen-api-v1->@Inject::onBeforeRenderScreen(FJZLorg/spongepowered/asm/mixin/injection/callback/CallbackInfo;IILnet/minecraft/client/util/math/MatrixStack;Lnet/minecraft/client/gui/DrawContext;)V has 0 override(s) in child classes
[14:44:50] [Render thread/DEBUG] (FabricLoader/Mixin) fabric-screen-api-v1.mixins.json:GameRendererMixin from mod fabric-screen-api-v1->@Inject::onBeforeRenderScreen(FJZLorg/spongepowered/asm/mixin/injection/callback/CallbackInfo;IILnet/minecraft/client/util/math/MatrixStack;Lnet/minecraft/client/gui/DrawContext;)V won't be passed a CallbackInfo as a result
[14:44:50] [Render thread/DEBUG] (FabricLoader/Mixin) fabric-screen-api-v1.mixins.json:GameRendererMixin from mod fabric-screen-api-v1->@Inject::onAfterRenderScreen(FJZLorg/spongepowered/asm/mixin/injection/callback/CallbackInfo;IILnet/minecraft/client/util/math/MatrixStack;Lnet/minecraft/client/gui/DrawContext;)V doesn't use it's CallbackInfo
[14:44:50] [Render thread/DEBUG] (FabricLoader/Mixin) fabric-screen-api-v1.mixins.json:GameRendererMixin from mod fabric-screen-api-v1->@Inject::onAfterRenderScreen(FJZLorg/spongepowered/asm/mixin/injection/callback/CallbackInfo;IILnet/minecraft/client/util/math/MatrixStack;Lnet/minecraft/client/gui/DrawContext;)V has 0 override(s) in child classes
[14:44:50] [Render thread/DEBUG] (FabricLoader/Mixin) fabric-screen-api-v1.mixins.json:GameRendererMixin from mod fabric-screen-api-v1->@Inject::onAfterRenderScreen(FJZLorg/spongepowered/asm/mixin/injection/callback/CallbackInfo;IILnet/minecraft/client/util/math/MatrixStack;Lnet/minecraft/client/gui/DrawContext;)V won't be passed a CallbackInfo as a result
[14:44:50] [Render thread/DEBUG] (FabricLoader/Mixin) sodium.mixins.json:features.gui.hooks.console.GameRendererMixin from mod sodium->@Inject::onRender(FJZLorg/spongepowered/asm/mixin/injection/callback/CallbackInfo;)V doesn't use it's CallbackInfo
[14:44:50] [Render thread/DEBUG] (FabricLoader/Mixin) sodium.mixins.json:features.gui.hooks.console.GameRendererMixin from mod sodium->@Inject::onRender(FJZLorg/spongepowered/asm/mixin/injection/callback/CallbackInfo;)V has 0 override(s) in child classes
[14:44:50] [Render thread/DEBUG] (FabricLoader/Mixin) sodium.mixins.json:features.gui.hooks.console.GameRendererMixin from mod sodium->@Inject::onRender(FJZLorg/spongepowered/asm/mixin/injection/callback/CallbackInfo;)V won't be passed a CallbackInfo as a result
[14:44:50] [Render thread/DEBUG] (FabricLoader/Mixin) mixins.iris.json:MixinGameRenderer_NightVisionCompat from mod iris->@Inject::iris$safecheckNightvisionStrength(Lnet/minecraft/entity/LivingEntity;FLorg/spongepowered/asm/mixin/injection/callback/CallbackInfoReturnable;)V does use it's CallbackInfoReturnable
[14:44:50] [Render thread/DEBUG] (FabricLoader/Mixin) Mixing MixinShaderInstance from mixins.iris.json into net.minecraft.client.gl.ShaderProgram
[14:44:50] [Render thread/DEBUG] (FabricLoader/Mixin) mixins.iris.json:MixinShaderInstance from mod iris: Class version 61 required is higher than the class version supported by the current version of Mixin (JAVA_8 supports class version 52)
[14:44:50] [Render thread/DEBUG] (FabricLoader/Mixin) Mixing shader.ShaderProgramMixin from fabric-rendering-v1.mixins.json into net.minecraft.client.gl.ShaderProgram
[14:44:50] [Render thread/DEBUG] (FabricLoader/Mixin) fabric-rendering-v1.mixins.json:shader.ShaderProgramMixin from mod fabric-rendering-v1: Class version 61 required is higher than the class version supported by the current version of Mixin (JAVA_16 supports class version 60)
[14:44:50] [Render thread/DEBUG] (FabricLoader/Mixin) Mixing features.shader.uniform.ShaderProgramMixin from sodium.mixins.json into net.minecraft.client.gl.ShaderProgram
[14:44:50] [Render thread/DEBUG] (FabricLoader/Mixin) mixins.iris.json:MixinShaderInstance from mod iris->@Inject::iris$lockDepthColorState(Lorg/spongepowered/asm/mixin/injection/callback/CallbackInfo;)V doesn't use it's CallbackInfo
[14:44:50] [Render thread/DEBUG] (FabricLoader/Mixin) mixins.iris.json:MixinShaderInstance from mod iris->@Inject::iris$lockDepthColorState(Lorg/spongepowered/asm/mixin/injection/callback/CallbackInfo;)V has 0 override(s) in child classes
[14:44:50] [Render thread/DEBUG] (FabricLoader/Mixin) mixins.iris.json:MixinShaderInstance from mod iris->@Inject::iris$lockDepthColorState(Lorg/spongepowered/asm/mixin/injection/callback/CallbackInfo;)V won't be passed a CallbackInfo as a result
[14:44:50] [Render thread/DEBUG] (FabricLoader/Mixin) mixins.iris.json:MixinShaderInstance from mod iris->@Inject::iris$unlockDepthColorState(Lorg/spongepowered/asm/mixin/injection/callback/CallbackInfo;)V doesn't use it's CallbackInfo
[14:44:50] [Render thread/DEBUG] (FabricLoader/Mixin) mixins.iris.json:MixinShaderInstance from mod iris->@Inject::iris$unlockDepthColorState(Lorg/spongepowered/asm/mixin/injection/callback/CallbackInfo;)V has 0 override(s) in child classes
[14:44:50] [Render thread/DEBUG] (FabricLoader/Mixin) mixins.iris.json:MixinShaderInstance from mod iris->@Inject::iris$unlockDepthColorState(Lorg/spongepowered/asm/mixin/injection/callback/CallbackInfo;)V won't be passed a CallbackInfo as a result
[14:44:50] [Render thread/DEBUG] (FabricLoader/Mixin) mixins.iris.json:MixinShaderInstance from mod iris->@Inject::iris$setupGeometryShader(Lnet/minecraft/resource/ResourceFactory;Ljava/lang/String;Lnet/minecraft/client/render/VertexFormat;Lorg/spongepowered/asm/mixin/injection/callback/CallbackInfo;)V doesn't use it's CallbackInfo
[14:44:50] [Render thread/DEBUG] (FabricLoader/Mixin) mixins.iris.json:MixinShaderInstance from mod iris->@Inject::iris$setupGeometryShader(Lnet/minecraft/resource/ResourceFactory;Ljava/lang/String;Lnet/minecraft/client/render/VertexFormat;Lorg/spongepowered/asm/mixin/injection/callback/CallbackInfo;)V has 0 override(s) in child classes
[14:44:50] [Render thread/DEBUG] (FabricLoader/Mixin) mixins.iris.json:MixinShaderInstance from mod iris->@Inject::iris$setupGeometryShader(Lnet/minecraft/resource/ResourceFactory;Ljava/lang/String;Lnet/minecraft/client/render/VertexFormat;Lorg/spongepowered/asm/mixin/injection/callback/CallbackInfo;)V won't be passed a CallbackInfo as a result
[14:44:50] [Render thread/DEBUG] (FabricLoader/Mixin) sodium.mixins.json:features.shader.uniform.ShaderProgramMixin from mod sodium->@Inject::initCache(Lnet/minecraft/resource/ResourceFactory;Ljava/lang/String;Lnet/minecraft/client/render/VertexFormat;Lorg/spongepowered/asm/mixin/injection/callback/CallbackInfo;)V doesn't use it's CallbackInfo
[14:44:50] [Render thread/DEBUG] (FabricLoader/Mixin) sodium.mixins.json:features.shader.uniform.ShaderProgramMixin from mod sodium->@Inject::initCache(Lnet/minecraft/resource/ResourceFactory;Ljava/lang/String;Lnet/minecraft/client/render/VertexFormat;Lorg/spongepowered/asm/mixin/injection/callback/CallbackInfo;)V has 0 override(s) in child classes
[14:44:50] [Render thread/DEBUG] (FabricLoader/Mixin) sodium.mixins.json:features.shader.uniform.ShaderProgramMixin from mod sodium->@Inject::initCache(Lnet/minecraft/resource/ResourceFactory;Ljava/lang/String;Lnet/minecraft/client/render/VertexFormat;Lorg/spongepowered/asm/mixin/injection/callback/CallbackInfo;)V won't be passed a CallbackInfo as a result
[14:44:50] [Render thread/DEBUG] (FabricLoader/Mixin) Mixing texture.TextureAtlasAccessor from mixins.iris.json into net.minecraft.client.texture.SpriteAtlasTexture
[14:44:50] [Render thread/DEBUG] (FabricLoader/Mixin) mixins.iris.json:texture.TextureAtlasAccessor from mod iris: Class version 61 required is higher than the class version supported by the current version of Mixin (JAVA_8 supports class version 52)
[14:44:50] [Render thread/DEBUG] (FabricLoader/Mixin) Mixing texture.pbr.MixinTextureAtlas from mixins.iris.json into net.minecraft.client.texture.SpriteAtlasTexture
[14:44:50] [Render thread/DEBUG] (FabricLoader/Mixin) mixins.iris.json:texture.pbr.MixinTextureAtlas from mod iris: Class version 61 required is higher than the class version supported by the current version of Mixin (JAVA_8 supports class version 52)
[14:44:50] [Render thread/DEBUG] (FabricLoader/Mixin) Mixing client.SpriteAtlasTextureMixin from fabric-renderer-api-v1.mixins.json into net.minecraft.client.texture.SpriteAtlasTexture
[14:44:50] [Render thread/DEBUG] (FabricLoader/Mixin) fabric-renderer-api-v1.mixins.json:client.SpriteAtlasTextureMixin from mod fabric-renderer-api-v1: Class version 61 required is higher than the class version supported by the current version of Mixin (JAVA_16 supports class version 60)
[14:44:50] [Render thread/DEBUG] (FabricLoader/Mixin) Mixing core.render.texture.SpriteAtlasTextureAccessor from sodium.mixins.json into net.minecraft.client.texture.SpriteAtlasTexture
[14:44:50] [Render thread/DEBUG] (FabricLoader/Mixin) Mixing features.textures.animations.tracking.SpriteAtlasTextureMixin from sodium.mixins.json into net.minecraft.client.texture.SpriteAtlasTexture
[14:44:50] [Render thread/DEBUG] (FabricLoader/Mixin) mixins.iris.json:texture.pbr.MixinTextureAtlas from mod iris->@Inject::iris$onTailCycleAnimationFrames(Lorg/spongepowered/asm/mixin/injection/callback/CallbackInfo;)V doesn't use it's CallbackInfo
[14:44:50] [Render thread/DEBUG] (FabricLoader/Mixin) mixins.iris.json:texture.pbr.MixinTextureAtlas from mod iris->@Inject::iris$onTailCycleAnimationFrames(Lorg/spongepowered/asm/mixin/injection/callback/CallbackInfo;)V has 0 override(s) in child classes
[14:44:50] [Render thread/DEBUG] (FabricLoader/Mixin) mixins.iris.json:texture.pbr.MixinTextureAtlas from mod iris->@Inject::iris$onTailCycleAnimationFrames(Lorg/spongepowered/asm/mixin/injection/callback/CallbackInfo;)V won't be passed a CallbackInfo as a result
[14:44:50] [Render thread/DEBUG] (FabricLoader/Mixin) fabric-renderer-api-v1.mixins.json:client.SpriteAtlasTextureMixin from mod fabric-renderer-api-v1->@Inject::uploadHook(Lnet/minecraft/client/texture/SpriteLoader$StitchResult;Lorg/spongepowered/asm/mixin/injection/callback/CallbackInfo;)V doesn't use it's CallbackInfo
[14:44:50] [Render thread/DEBUG] (FabricLoader/Mixin) fabric-renderer-api-v1.mixins.json:client.SpriteAtlasTextureMixin from mod fabric-renderer-api-v1->@Inject::uploadHook(Lnet/minecraft/client/texture/SpriteLoader$StitchResult;Lorg/spongepowered/asm/mixin/injection/callback/CallbackInfo;)V has 0 override(s) in child classes
[14:44:50] [Render thread/DEBUG] (FabricLoader/Mixin) fabric-renderer-api-v1.mixins.json:client.SpriteAtlasTextureMixin from mod fabric-renderer-api-v1->@Inject::uploadHook(Lnet/minecraft/client/texture/SpriteLoader$StitchResult;Lorg/spongepowered/asm/mixin/injection/callback/CallbackInfo;)V won't be passed a CallbackInfo as a result
[14:44:50] [Render thread/DEBUG] (FabricLoader/Mixin) sodium.mixins.json:features.textures.animations.tracking.SpriteAtlasTextureMixin from mod sodium->@Inject::preReturnSprite(Lorg/spongepowered/asm/mixin/injection/callback/CallbackInfoReturnable;)V does use it's CallbackInfoReturnable
[14:44:50] [Render thread/DEBUG] (FabricLoader/Mixin) sodium.mixins.json:features.textures.animations.tracking.SpriteAtlasTextureMixin from mod sodium->@Inject::preReturnSprite(Lorg/spongepowered/asm/mixin/injection/callback/CallbackInfoReturnable;)V does use it's CallbackInfoReturnable
[14:44:50] [Render thread/DEBUG] (FabricLoader/Mixin) Mixing MixinVertexFormatElement from mixins.iris.vertexformat.json into net.minecraft.client.render.VertexFormatElement
[14:44:50] [Render thread/DEBUG] (FabricLoader/Mixin) mixins.iris.vertexformat.json:MixinVertexFormatElement from mod iris: Class version 61 required is higher than the class version supported by the current version of Mixin (JAVA_8 supports class version 52)
[14:44:50] [Render thread/DEBUG] (FabricLoader/Mixin) mixins.iris.vertexformat.json:MixinVertexFormatElement from mod iris->@Inject::iris$fixGenericAttributes(ILnet/minecraft/client/render/VertexFormatElement$Type;Lorg/spongepowered/asm/mixin/injection/callback/CallbackInfoReturnable;)V does use it's CallbackInfoReturnable
[14:44:50] [Render thread/DEBUG] (FabricLoader/Mixin) Mixing MixinVertexFormat from mixins.iris.vertexformat.json into net.minecraft.client.render.VertexFormat
[14:44:50] [Render thread/DEBUG] (FabricLoader/Mixin) mixins.iris.vertexformat.json:MixinVertexFormat from mod iris: Class version 61 required is higher than the class version supported by the current version of Mixin (JAVA_8 supports class version 52)
[14:44:50] [Render thread/DEBUG] (FabricLoader/Mixin) Mixing core.render.VertexFormatAccessor from sodium.mixins.json into net.minecraft.client.render.VertexFormat
[14:44:50] [Render thread/DEBUG] (FabricLoader/Mixin) mixins.iris.vertexformat.json:MixinVertexFormat from mod iris->@Inject::iris$onSetupBufferState(Lorg/spongepowered/asm/mixin/injection/callback/CallbackInfo;)V does use it's CallbackInfo
[14:44:50] [Render thread/DEBUG] (FabricLoader/Mixin) mixins.iris.vertexformat.json:MixinVertexFormat from mod iris->@Inject::iris$onClearBufferState(Lorg/spongepowered/asm/mixin/injection/callback/CallbackInfo;)V does use it's CallbackInfo
[14:44:50] [Render thread/DEBUG] (FabricLoader/Mixin) Mixing CompositeStateAccessor from iris-batched-entity-rendering.mixins.json into net.minecraft.client.render.RenderLayer$MultiPhaseParameters
[14:44:50] [Render thread/DEBUG] (FabricLoader/Mixin) iris-batched-entity-rendering.mixins.json:CompositeStateAccessor from mod iris: Class version 61 required is higher than the class version supported by the current version of Mixin (JAVA_8 supports class version 52)
[14:44:50] [Render thread/DEBUG] (FabricLoader/Mixin) Mixing KeyedResourceReloadListenerClientMixin from fabric-resource-loader-v0.client.mixins.json into net.minecraft.client.render.item.ItemRenderer
[14:44:50] [Render thread/DEBUG] (FabricLoader/Mixin) fabric-resource-loader-v0.client.mixins.json:KeyedResourceReloadListenerClientMixin from mod fabric-resource-loader-v0: Class version 61 required is higher than the class version supported by the current version of Mixin (JAVA_16 supports class version 60)
[14:44:50] [Render thread/DEBUG] (FabricLoader/Mixin) Mixing features.render.model.item.ItemRendererMixin from sodium.mixins.json into net.minecraft.client.render.item.ItemRenderer
[14:44:50] [Render thread/DEBUG] (FabricLoader/Mixin) Mixing entity_render_context.MixinItemRenderer from mixins.iris.json into net.minecraft.client.render.item.ItemRenderer
[14:44:50] [Render thread/DEBUG] (FabricLoader/Mixin) mixins.iris.json:entity_render_context.MixinItemRenderer from mod iris: Class version 61 required is higher than the class version supported by the current version of Mixin (JAVA_8 supports class version 52)
[14:44:50] [Render thread/DEBUG] (FabricLoader/Mixin) sodium.mixins.json:features.render.model.item.ItemRendererMixin from mod sodium->@Inject::renderModelFast(Lnet/minecraft/client/render/model/BakedModel;Lnet/minecraft/item/ItemStack;IILnet/minecraft/client/util/math/MatrixStack;Lnet/minecraft/client/render/VertexConsumer;Lorg/spongepowered/asm/mixin/injection/callback/CallbackInfo;)V does use it's CallbackInfo
[14:44:50] [Render thread/DEBUG] (FabricLoader/Mixin) mixins.iris.json:entity_render_context.MixinItemRenderer from mod iris->@Inject::changeId(Lnet/minecraft/item/ItemStack;Lnet/minecraft/client/render/model/json/ModelTransformationMode;ZLnet/minecraft/client/util/math/MatrixStack;Lnet/minecraft/client/render/VertexConsumerProvider;IILnet/minecraft/client/render/model/BakedModel;Lorg/spongepowered/asm/mixin/injection/callback/CallbackInfo;)V doesn't use it's CallbackInfo
[14:44:50] [Render thread/DEBUG] (FabricLoader/Mixin) mixins.iris.json:entity_render_context.MixinItemRenderer from mod iris->@Inject::changeId(Lnet/minecraft/item/ItemStack;Lnet/minecraft/client/render/model/json/ModelTransformationMode;ZLnet/minecraft/client/util/math/MatrixStack;Lnet/minecraft/client/render/VertexConsumerProvider;IILnet/minecraft/client/render/model/BakedModel;Lorg/spongepowered/asm/mixin/injection/callback/CallbackInfo;)V has 0 override(s) in child classes
[14:44:50] [Render thread/DEBUG] (FabricLoader/Mixin) mixins.iris.json:entity_render_context.MixinItemRenderer from mod iris->@Inject::changeId(Lnet/minecraft/item/ItemStack;Lnet/minecraft/client/render/model/json/ModelTransformationMode;ZLnet/minecraft/client/util/math/MatrixStack;Lnet/minecraft/client/render/VertexConsumerProvider;IILnet/minecraft/client/render/model/BakedModel;Lorg/spongepowered/asm/mixin/injection/callback/CallbackInfo;)V won't be passed a CallbackInfo as a result
[14:44:50] [Render thread/DEBUG] (FabricLoader/Mixin) mixins.iris.json:entity_render_context.MixinItemRenderer from mod iris->@Inject::changeId3(Lorg/spongepowered/asm/mixin/injection/callback/CallbackInfo;)V doesn't use it's CallbackInfo
[14:44:50] [Render thread/DEBUG] (FabricLoader/Mixin) mixins.iris.json:entity_render_context.MixinItemRenderer from mod iris->@Inject::changeId3(Lorg/spongepowered/asm/mixin/injection/callback/CallbackInfo;)V has 0 override(s) in child classes
[14:44:50] [Render thread/DEBUG] (FabricLoader/Mixin) mixins.iris.json:entity_render_context.MixinItemRenderer from mod iris->@Inject::changeId3(Lorg/spongepowered/asm/mixin/injection/callback/CallbackInfo;)V won't be passed a CallbackInfo as a result
[14:44:50] [Render thread/DEBUG] (FabricLoader/Mixin) mixins.iris.json:entity_render_context.MixinItemRenderer from mod iris->@Inject::changeId3(Lorg/spongepowered/asm/mixin/injection/callback/CallbackInfo;)V doesn't use it's CallbackInfo
[14:44:50] [Render thread/DEBUG] (FabricLoader/Mixin) mixins.iris.json:entity_render_context.MixinItemRenderer from mod iris->@Inject::changeId3(Lorg/spongepowered/asm/mixin/injection/callback/CallbackInfo;)V has 0 override(s) in child classes
[14:44:50] [Render thread/DEBUG] (FabricLoader/Mixin) mixins.iris.json:entity_render_context.MixinItemRenderer from mod iris->@Inject::changeId3(Lorg/spongepowered/asm/mixin/injection/callback/CallbackInfo;)V won't be passed a CallbackInfo as a result
[14:44:50] [Render thread/DEBUG] (FabricLoader/Mixin) Mixing MixinTheEndPortalRenderer from mixins.iris.json into net.minecraft.client.render.block.entity.EndPortalBlockEntityRenderer
[14:44:50] [Render thread/DEBUG] (FabricLoader/Mixin) mixins.iris.json:MixinTheEndPortalRenderer from mod iris: Class version 61 required is higher than the class version supported by the current version of Mixin (JAVA_8 supports class version 52)
[14:44:50] [Render thread/DEBUG] (FabricLoader/Mixin) mixins.iris.json:MixinTheEndPortalRenderer from mod iris->@Inject::iris$onRender(Lnet/minecraft/block/entity/EndPortalBlockEntity;FLnet/minecraft/client/util/math/MatrixStack;Lnet/minecraft/client/render/VertexConsumerProvider;IILorg/spongepowered/asm/mixin/injection/callback/CallbackInfo;)V does use it's CallbackInfo
[14:44:50] [Render thread/DEBUG] (FabricLoader/Mixin) Mixing BlockColorsMixin from fabric-registry-sync-v0.client.mixins.json into net.minecraft.client.color.block.BlockColors
[14:44:50] [Render thread/DEBUG] (FabricLoader/Mixin) fabric-registry-sync-v0.client.mixins.json:BlockColorsMixin from mod fabric-registry-sync-v0: Class version 61 required is higher than the class version supported by the current version of Mixin (JAVA_16 supports class version 60)
[14:44:50] [Render thread/DEBUG] (FabricLoader/Mixin) Mixing BlockColorsMixin from fabric-rendering-v1.mixins.json into net.minecraft.client.color.block.BlockColors
[14:44:50] [Render thread/DEBUG] (FabricLoader/Mixin) fabric-rendering-v1.mixins.json:BlockColorsMixin from mod fabric-rendering-v1: Class version 61 required is higher than the class version supported by the current version of Mixin (JAVA_16 supports class version 60)
[14:44:50] [Render thread/DEBUG] (FabricLoader/Mixin) Mixing core.model.colors.BlockColorsMixin from sodium.mixins.json into net.minecraft.client.color.block.BlockColors
[14:44:50] [Render thread/DEBUG] (FabricLoader/Mixin) fabric-registry-sync-v0.client.mixins.json:BlockColorsMixin from mod fabric-registry-sync-v0->@Inject::create(Lorg/spongepowered/asm/mixin/injection/callback/CallbackInfo;)V doesn't use it's CallbackInfo
[14:44:50] [Render thread/DEBUG] (FabricLoader/Mixin) fabric-registry-sync-v0.client.mixins.json:BlockColorsMixin from mod fabric-registry-sync-v0->@Inject::create(Lorg/spongepowered/asm/mixin/injection/callback/CallbackInfo;)V has 0 override(s) in child classes
[14:44:50] [Render thread/DEBUG] (FabricLoader/Mixin) fabric-registry-sync-v0.client.mixins.json:BlockColorsMixin from mod fabric-registry-sync-v0->@Inject::create(Lorg/spongepowered/asm/mixin/injection/callback/CallbackInfo;)V won't be passed a CallbackInfo as a result
[14:44:50] [Render thread/DEBUG] (FabricLoader/Mixin) fabric-rendering-v1.mixins.json:BlockColorsMixin from mod fabric-rendering-v1->@Inject::create(Lorg/spongepowered/asm/mixin/injection/callback/CallbackInfoReturnable;)V does use it's CallbackInfoReturnable
[14:44:50] [Render thread/DEBUG] (FabricLoader/Mixin) sodium.mixins.json:core.model.colors.BlockColorsMixin from mod sodium->@Inject::preRegisterColorProvider(Lnet/minecraft/client/color/block/BlockColorProvider;[Lnet/minecraft/block/Block;Lorg/spongepowered/asm/mixin/injection/callback/CallbackInfo;)V doesn't use it's CallbackInfo
[14:44:50] [Render thread/DEBUG] (FabricLoader/Mixin) sodium.mixins.json:core.model.colors.BlockColorsMixin from mod sodium->@Inject::preRegisterColorProvider(Lnet/minecraft/client/color/block/BlockColorProvider;[Lnet/minecraft/block/Block;Lorg/spongepowered/asm/mixin/injection/callback/CallbackInfo;)V has 0 override(s) in child classes
[14:44:50] [Render thread/DEBUG] (FabricLoader/Mixin) sodium.mixins.json:core.model.colors.BlockColorsMixin from mod sodium->@Inject::preRegisterColorProvider(Lnet/minecraft/client/color/block/BlockColorProvider;[Lnet/minecraft/block/Block;Lorg/spongepowered/asm/mixin/injection/callback/CallbackInfo;)V won't be passed a CallbackInfo as a result
[14:44:50] [Render thread/DEBUG] (FabricLoader/Mixin) Mixing ItemColorsMixin from fabric-registry-sync-v0.client.mixins.json into net.minecraft.client.color.item.ItemColors
[14:44:50] [Render thread/DEBUG] (FabricLoader/Mixin) fabric-registry-sync-v0.client.mixins.json:ItemColorsMixin from mod fabric-registry-sync-v0: Class version 61 required is higher than the class version supported by the current version of Mixin (JAVA_16 supports class version 60)
[14:44:50] [Render thread/DEBUG] (FabricLoader/Mixin) Mixing ItemColorsMixin from fabric-rendering-v1.mixins.json into net.minecraft.client.color.item.ItemColors
[14:44:50] [Render thread/DEBUG] (FabricLoader/Mixin) fabric-rendering-v1.mixins.json:ItemColorsMixin from mod fabric-rendering-v1: Class version 61 required is higher than the class version supported by the current version of Mixin (JAVA_16 supports class version 60)
[14:44:50] [Render thread/DEBUG] (FabricLoader/Mixin) Mixing core.model.colors.ItemColorsMixin from sodium.mixins.json into net.minecraft.client.color.item.ItemColors
[14:44:50] [Render thread/DEBUG] (FabricLoader/Mixin) fabric-registry-sync-v0.client.mixins.json:ItemColorsMixin from mod fabric-registry-sync-v0->@Inject::create(Lorg/spongepowered/asm/mixin/injection/callback/CallbackInfo;)V doesn't use it's CallbackInfo
[14:44:50] [Render thread/DEBUG] (FabricLoader/Mixin) fabric-registry-sync-v0.client.mixins.json:ItemColorsMixin from mod fabric-registry-sync-v0->@Inject::create(Lorg/spongepowered/asm/mixin/injection/callback/CallbackInfo;)V has 0 override(s) in child classes
[14:44:50] [Render thread/DEBUG] (FabricLoader/Mixin) fabric-registry-sync-v0.client.mixins.json:ItemColorsMixin from mod fabric-registry-sync-v0->@Inject::create(Lorg/spongepowered/asm/mixin/injection/callback/CallbackInfo;)V won't be passed a CallbackInfo as a result
[14:44:50] [Render thread/DEBUG] (FabricLoader/Mixin) fabric-rendering-v1.mixins.json:ItemColorsMixin from mod fabric-rendering-v1->@Inject::create(Lnet/minecraft/client/color/block/BlockColors;Lorg/spongepowered/asm/mixin/injection/callback/CallbackInfoReturnable;)V does use it's CallbackInfoReturnable
[14:44:50] [Render thread/DEBUG] (FabricLoader/Mixin) sodium.mixins.json:core.model.colors.ItemColorsMixin from mod sodium->@Inject::preRegisterColor(Lnet/minecraft/client/color/item/ItemColorProvider;[Lnet/minecraft/item/ItemConvertible;Lorg/spongepowered/asm/mixin/injection/callback/CallbackInfo;)V doesn't use it's CallbackInfo
[14:44:50] [Render thread/DEBUG] (FabricLoader/Mixin) sodium.mixins.json:core.model.colors.ItemColorsMixin from mod sodium->@Inject::preRegisterColor(Lnet/minecraft/client/color/item/ItemColorProvider;[Lnet/minecraft/item/ItemConvertible;Lorg/spongepowered/asm/mixin/injection/callback/CallbackInfo;)V has 0 override(s) in child classes
[14:44:50] [Render thread/DEBUG] (FabricLoader/Mixin) sodium.mixins.json:core.model.colors.ItemColorsMixin from mod sodium->@Inject::preRegisterColor(Lnet/minecraft/client/color/item/ItemColorProvider;[Lnet/minecraft/item/ItemConvertible;Lorg/spongepowered/asm/mixin/injection/callback/CallbackInfo;)V won't be passed a CallbackInfo as a result
[14:44:50] [Render thread/DEBUG] (FabricLoader/Mixin) Mixing BakedModelManagerMixin from fabric-model-loading-api-v1.mixins.json into net.minecraft.client.render.model.BakedModelManager
[14:44:50] [Render thread/DEBUG] (FabricLoader/Mixin) Renaming synthetic method lambda$loadModelPluginData$0(Ljava/util/function/BiFunction;Lnet/minecraft/util/Pair;Ljava/util/List;)Lnet/minecraft/client/render/model/ModelLoader; to mda9fcf3$fabric-model-loading-api-v1$lambda$loadModelPluginData$0$0 in fabric-model-loading-api-v1.mixins.json:BakedModelManagerMixin from mod fabric-model-loading-api-v1
[14:44:50] [Render thread/DEBUG] (FabricLoader/Mixin) Mixing KeyedResourceReloadListenerClientMixin from fabric-resource-loader-v0.client.mixins.json into net.minecraft.client.render.model.BakedModelManager
[14:44:50] [Render thread/DEBUG] (FabricLoader/Mixin) fabric-resource-loader-v0.client.mixins.json:KeyedResourceReloadListenerClientMixin from mod fabric-resource-loader-v0: Class version 61 required is higher than the class version supported by the current version of Mixin (JAVA_16 supports class version 60)
[14:44:50] [Render thread/DEBUG] (FabricLoader/Mixin) Mixing MixinSheets from iris-batched-entity-rendering.mixins.json into net.minecraft.client.render.TexturedRenderLayers
[14:44:50] [Render thread/DEBUG] (FabricLoader/Mixin) iris-batched-entity-rendering.mixins.json:MixinSheets from mod iris: Class version 61 required is higher than the class version supported by the current version of Mixin (JAVA_8 supports class version 52)
[14:44:50] [Render thread/DEBUG] (FabricLoader/Mixin) Mixing TexturedRenderLayersMixin from fabric-object-builder-v1.client.mixins.json into net.minecraft.client.render.TexturedRenderLayers
[14:44:50] [Render thread/DEBUG] (FabricLoader/Mixin) fabric-object-builder-v1.client.mixins.json:TexturedRenderLayersMixin from mod fabric-object-builder-api-v1: Class version 61 required is higher than the class version supported by the current version of Mixin (JAVA_16 supports class version 60)
[14:44:50] [Render thread/DEBUG] (FabricLoader/Mixin) iris-batched-entity-rendering.mixins.json:MixinSheets from mod iris->@Inject::setSheet(Lorg/spongepowered/asm/mixin/injection/callback/CallbackInfo;)V doesn't use it's CallbackInfo
[14:44:50] [Render thread/DEBUG] (FabricLoader/Mixin) fabric-object-builder-v1.client.mixins.json:TexturedRenderLayersMixin from mod fabric-object-builder-api-v1->@Inject::modifyTextureId(Lnet/minecraft/block/WoodType;Lorg/spongepowered/asm/mixin/injection/callback/CallbackInfoReturnable;)V does use it's CallbackInfoReturnable
[14:44:50] [Render thread/DEBUG] (FabricLoader/Mixin) fabric-object-builder-v1.client.mixins.json:TexturedRenderLayersMixin from mod fabric-object-builder-api-v1->@Inject::modifyHangingTextureId(Lnet/minecraft/block/WoodType;Lorg/spongepowered/asm/mixin/injection/callback/CallbackInfoReturnable;)V does use it's CallbackInfoReturnable
[14:44:50] [Render thread/DEBUG] (FabricLoader/Mixin) Mixing entity_render_context.MixinBlockEntityRenderDispatcher from mixins.iris.json into net.minecraft.client.render.block.entity.BlockEntityRenderDispatcher
[14:44:50] [Render thread/DEBUG] (FabricLoader/Mixin) mixins.iris.json:entity_render_context.MixinBlockEntityRenderDispatcher from mod iris: Class version 61 required is higher than the class version supported by the current version of Mixin (JAVA_8 supports class version 52)
[14:44:50] [Render thread/DEBUG] (FabricLoader/Mixin) Renaming synthetic method lambda$iris$wrapBufferSource$0(Lnet/minecraft/client/render/RenderLayer;)Lnet/minecraft/client/render/RenderLayer; to mda9fcf3$iris$lambda$iris$wrapBufferSource$0$0 in mixins.iris.json:entity_render_context.MixinBlockEntityRenderDispatcher from mod iris
[14:44:50] [Render thread/DEBUG] (FabricLoader/Mixin) mixins.iris.json:entity_render_context.MixinBlockEntityRenderDispatcher from mod iris->@Inject::iris$afterRender(Lnet/minecraft/block/entity/BlockEntity;FLnet/minecraft/client/util/math/MatrixStack;Lnet/minecraft/client/render/VertexConsumerProvider;Lorg/spongepowered/asm/mixin/injection/callback/CallbackInfo;)V doesn't use it's CallbackInfo
[14:44:50] [Render thread/DEBUG] (FabricLoader/Mixin) mixins.iris.json:entity_render_context.MixinBlockEntityRenderDispatcher from mod iris->@Inject::iris$afterRender(Lnet/minecraft/block/entity/BlockEntity;FLnet/minecraft/client/util/math/MatrixStack;Lnet/minecraft/client/render/VertexConsumerProvider;Lorg/spongepowered/asm/mixin/injection/callback/CallbackInfo;)V has 0 override(s) in child classes
[14:44:50] [Render thread/DEBUG] (FabricLoader/Mixin) mixins.iris.json:entity_render_context.MixinBlockEntityRenderDispatcher from mod iris->@Inject::iris$afterRender(Lnet/minecraft/block/entity/BlockEntity;FLnet/minecraft/client/util/math/MatrixStack;Lnet/minecraft/client/render/VertexConsumerProvider;Lorg/spongepowered/asm/mixin/injection/callback/CallbackInfo;)V won't be passed a CallbackInfo as a result
[14:44:50] [Render thread/DEBUG] (FabricLoader/Mixin) Mixing KeyedResourceReloadListenerClientMixin from fabric-resource-loader-v0.client.mixins.json into net.minecraft.client.render.block.BlockRenderManager
[14:44:50] [Render thread/DEBUG] (FabricLoader/Mixin) fabric-resource-loader-v0.client.mixins.json:KeyedResourceReloadListenerClientMixin from mod fabric-resource-loader-v0: Class version 61 required is higher than the class version supported by the current version of Mixin (JAVA_16 supports class version 60)
[14:44:50] [Render thread/DEBUG] (FabricLoader/Mixin) Mixing MixinEntityRenderDispatcher from mixins.iris.json into net.minecraft.client.render.entity.EntityRenderDispatcher
[14:44:50] [Render thread/DEBUG] (FabricLoader/Mixin) mixins.iris.json:MixinEntityRenderDispatcher from mod iris: Class version 61 required is higher than the class version supported by the current version of Mixin (JAVA_8 supports class version 52)
[14:44:50] [Render thread/DEBUG] (FabricLoader/Mixin) Mixing entity_render_context.MixinEntityRenderDispatcher from mixins.iris.json into net.minecraft.client.render.entity.EntityRenderDispatcher
[14:44:50] [Render thread/DEBUG] (FabricLoader/Mixin) mixins.iris.json:entity_render_context.MixinEntityRenderDispatcher from mod iris: Class version 61 required is higher than the class version supported by the current version of Mixin (JAVA_8 supports class version 52)
[14:44:50] [Render thread/DEBUG] (FabricLoader/Mixin) Renaming synthetic method lambda$iris$beginEntityRender$0(Lnet/minecraft/client/render/RenderLayer;)Lnet/minecraft/client/render/RenderLayer; to mda9fcf3$iris$lambda$iris$beginEntityRender$0$0 in mixins.iris.json:entity_render_context.MixinEntityRenderDispatcher from mod iris
[14:44:50] [Render thread/DEBUG] (FabricLoader/Mixin) Mixing copyEntity.shadows.EntityRenderDispatcherMixin from mixins.iris.compat.sodium.json into net.minecraft.client.render.entity.EntityRenderDispatcher
[14:44:50] [Render thread/DEBUG] (FabricLoader/Mixin) mixins.iris.compat.sodium.json:copyEntity.shadows.EntityRenderDispatcherMixin from mod iris: Class version 61 required is higher than the class version supported by the current version of Mixin (JAVA_8 supports class version 52)
[14:44:50] [Render thread/DEBUG] (FabricLoader/Mixin) Mixing vertex_format.entity.MixinEntityRenderDispatcher from mixins.iris.compat.sodium.json into net.minecraft.client.render.entity.EntityRenderDispatcher
[14:44:50] [Render thread/DEBUG] (FabricLoader/Mixin) mixins.iris.compat.sodium.json:vertex_format.entity.MixinEntityRenderDispatcher from mod iris: Class version 61 required is higher than the class version supported by the current version of Mixin (JAVA_8 supports class version 52)
[14:44:50] [Render thread/DEBUG] (FabricLoader/Mixin) Renaming @Unique field SHADOW_COLORI to fda9fcf3$iris$SHADOW_COLOR$0 in mixins.iris.compat.sodium.json:vertex_format.entity.MixinEntityRenderDispatcher from mod iris
[14:44:50] [Render thread/DEBUG] (FabricLoader/Mixin) mixins.iris.json:MixinEntityRenderDispatcher from mod iris->@Inject::iris$maybeSuppressEntityShadow(Lnet/minecraft/client/util/math/MatrixStack;Lnet/minecraft/client/render/VertexConsumerProvider;Lnet/minecraft/entity/Entity;FFLnet/minecraft/world/WorldView;FLorg/spongepowered/asm/mixin/injection/callback/CallbackInfo;)V does use it's CallbackInfo
[14:44:50] [Render thread/DEBUG] (FabricLoader/Mixin) mixins.iris.json:MixinEntityRenderDispatcher from mod iris->@Inject::restoreShadow(Lnet/minecraft/client/util/math/MatrixStack;Lnet/minecraft/client/render/VertexConsumerProvider;Lnet/minecraft/entity/Entity;FFLnet/minecraft/world/WorldView;FLorg/spongepowered/asm/mixin/injection/callback/CallbackInfo;)V doesn't use it's CallbackInfo
[14:44:50] [Render thread/DEBUG] (FabricLoader/Mixin) mixins.iris.json:MixinEntityRenderDispatcher from mod iris->@Inject::renderBlockShadow(Lnet/minecraft/client/util/math/MatrixStack$Entry;Lnet/minecraft/client/render/VertexConsumer;Lnet/minecraft/world/chunk/Chunk;Lnet/minecraft/world/WorldView;Lnet/minecraft/util/math/BlockPos;DDDFFLorg/spongepowered/asm/mixin/injection/callback/CallbackInfo;)V does use it's CallbackInfo
[14:44:50] [Render thread/DEBUG] (FabricLoader/Mixin) mixins.iris.json:MixinEntityRenderDispatcher from mod iris->@Inject::iris$setFlameId(Lnet/minecraft/client/util/math/MatrixStack;Lnet/minecraft/client/render/VertexConsumerProvider;Lnet/minecraft/entity/Entity;Lorg/spongepowered/asm/mixin/injection/callback/CallbackInfo;)V doesn't use it's CallbackInfo
[14:44:50] [Render thread/DEBUG] (FabricLoader/Mixin) mixins.iris.json:MixinEntityRenderDispatcher from mod iris->@Inject::iris$setFlameId(Lnet/minecraft/client/util/math/MatrixStack;Lnet/minecraft/client/render/VertexConsumerProvider;Lnet/minecraft/entity/Entity;Lorg/spongepowered/asm/mixin/injection/callback/CallbackInfo;)V has 0 override(s) in child classes
[14:44:50] [Render thread/DEBUG] (FabricLoader/Mixin) mixins.iris.json:MixinEntityRenderDispatcher from mod iris->@Inject::iris$setFlameId(Lnet/minecraft/client/util/math/MatrixStack;Lnet/minecraft/client/render/VertexConsumerProvider;Lnet/minecraft/entity/Entity;Lorg/spongepowered/asm/mixin/injection/callback/CallbackInfo;)V won't be passed a CallbackInfo as a result
[14:44:50] [Render thread/DEBUG] (FabricLoader/Mixin) mixins.iris.json:MixinEntityRenderDispatcher from mod iris->@Inject::restoreFlameId(Lnet/minecraft/client/util/math/MatrixStack;Lnet/minecraft/client/render/VertexConsumerProvider;Lnet/minecraft/entity/Entity;Lorg/spongepowered/asm/mixin/injection/callback/CallbackInfo;)V doesn't use it's CallbackInfo
[14:44:50] [Render thread/DEBUG] (FabricLoader/Mixin) mixins.iris.json:MixinEntityRenderDispatcher from mod iris->@Inject::restoreFlameId(Lnet/minecraft/client/util/math/MatrixStack;Lnet/minecraft/client/render/VertexConsumerProvider;Lnet/minecraft/entity/Entity;Lorg/spongepowered/asm/mixin/injection/callback/CallbackInfo;)V has 0 override(s) in child classes
[14:44:50] [Render thread/DEBUG] (FabricLoader/Mixin) mixins.iris.json:MixinEntityRenderDispatcher from mod iris->@Inject::restoreFlameId(Lnet/minecraft/client/util/math/MatrixStack;Lnet/minecraft/client/render/VertexConsumerProvider;Lnet/minecraft/entity/Entity;Lorg/spongepowered/asm/mixin/injection/callback/CallbackInfo;)V won't be passed a CallbackInfo as a result
[14:44:50] [Render thread/DEBUG] (FabricLoader/Mixin) mixins.iris.json:entity_render_context.MixinEntityRenderDispatcher from mod iris->@Inject::iris$endEntityRender(Lnet/minecraft/entity/Entity;DDDFFLnet/minecraft/client/util/math/MatrixStack;Lnet/minecraft/client/render/VertexConsumerProvider;ILorg/spongepowered/asm/mixin/injection/callback/CallbackInfo;)V doesn't use it's CallbackInfo
[14:44:50] [Render thread/DEBUG] (FabricLoader/Mixin) mixins.iris.json:entity_render_context.MixinEntityRenderDispatcher from mod iris->@Inject::iris$endEntityRender(Lnet/minecraft/entity/Entity;DDDFFLnet/minecraft/client/util/math/MatrixStack;Lnet/minecraft/client/render/VertexConsumerProvider;ILorg/spongepowered/asm/mixin/injection/callback/CallbackInfo;)V has 0 override(s) in child classes
[14:44:50] [Render thread/DEBUG] (FabricLoader/Mixin) mixins.iris.json:entity_render_context.MixinEntityRenderDispatcher from mod iris->@Inject::iris$endEntityRender(Lnet/minecraft/entity/Entity;DDDFFLnet/minecraft/client/util/math/MatrixStack;Lnet/minecraft/client/render/VertexConsumerProvider;ILorg/spongepowered/asm/mixin/injection/callback/CallbackInfo;)V won't be passed a CallbackInfo as a result
[14:44:50] [Render thread/DEBUG] (FabricLoader/Mixin) mixins.iris.compat.sodium.json:copyEntity.shadows.EntityRenderDispatcherMixin from mod iris->@Inject::renderShadowPartFast(Lnet/minecraft/client/util/math/MatrixStack$Entry;Lnet/minecraft/client/render/VertexConsumer;Lnet/minecraft/world/chunk/Chunk;Lnet/minecraft/world/WorldView;Lnet/minecraft/util/math/BlockPos;DDDFFLorg/spongepowered/asm/mixin/injection/callback/CallbackInfo;)V does use it's CallbackInfo
[14:44:50] [Render thread/DEBUG] (FabricLoader/Mixin) Mixing BuiltinModelItemRendererMixin from fabric-rendering-v1.mixins.json into net.minecraft.client.render.item.BuiltinModelItemRenderer
[14:44:50] [Render thread/DEBUG] (FabricLoader/Mixin) fabric-rendering-v1.mixins.json:BuiltinModelItemRendererMixin from mod fabric-rendering-v1: Class version 61 required is higher than the class version supported by the current version of Mixin (JAVA_16 supports class version 60)
[14:44:50] [Render thread/DEBUG] (FabricLoader/Mixin) fabric-rendering-v1.mixins.json:BuiltinModelItemRendererMixin from mod fabric-rendering-v1->@Inject::fabric_onRender(Lnet/minecraft/item/ItemStack;Lnet/minecraft/client/render/model/json/ModelTransformationMode;Lnet/minecraft/client/util/math/MatrixStack;Lnet/minecraft/client/render/VertexConsumerProvider;IILorg/spongepowered/asm/mixin/injection/callback/CallbackInfo;)V does use it's CallbackInfo
[14:44:50] [Render thread/DEBUG] (FabricLoader/Mixin) Mixing ItemModelsMixin from fabric-registry-sync-v0.client.mixins.json into net.minecraft.client.render.item.ItemModels
[14:44:50] [Render thread/DEBUG] (FabricLoader/Mixin) fabric-registry-sync-v0.client.mixins.json:ItemModelsMixin from mod fabric-registry-sync-v0: Class version 61 required is higher than the class version supported by the current version of Mixin (JAVA_16 supports class version 60)
[14:44:50] [Render thread/DEBUG] (FabricLoader/Mixin) fabric-registry-sync-v0.client.mixins.json:ItemModelsMixin from mod fabric-registry-sync-v0->@Inject::onInit(Lnet/minecraft/client/render/model/BakedModelManager;Lorg/spongepowered/asm/mixin/injection/callback/CallbackInfo;)V doesn't use it's CallbackInfo
[14:44:50] [Render thread/DEBUG] (FabricLoader/Mixin) fabric-registry-sync-v0.client.mixins.json:ItemModelsMixin from mod fabric-registry-sync-v0->@Inject::onInit(Lnet/minecraft/client/render/model/BakedModelManager;Lorg/spongepowered/asm/mixin/injection/callback/CallbackInfo;)V has 0 override(s) in child classes
[14:44:50] [Render thread/DEBUG] (FabricLoader/Mixin) fabric-registry-sync-v0.client.mixins.json:ItemModelsMixin from mod fabric-registry-sync-v0->@Inject::onInit(Lnet/minecraft/client/render/model/BakedModelManager;Lorg/spongepowered/asm/mixin/injection/callback/CallbackInfo;)V won't be passed a CallbackInfo as a result
[14:44:50] [Render thread/DEBUG] (FabricLoader/Mixin) Mixing MixinRenderBuffers from iris-batched-entity-rendering.mixins.json into net.minecraft.client.render.BufferBuilderStorage
[14:44:50] [Render thread/DEBUG] (FabricLoader/Mixin) iris-batched-entity-rendering.mixins.json:MixinRenderBuffers from mod iris: Class version 61 required is higher than the class version supported by the current version of Mixin (JAVA_8 supports class version 52)
[14:44:50] [Render thread/DEBUG] (FabricLoader/Mixin) Renaming synthetic method lambda$freeAndDeleteBuffers$1(Lnet/minecraft/client/render/RenderLayer;Lnet/minecraft/client/render/BufferBuilder;)V to mda9fcf3$iris$lambda$freeAndDeleteBuffers$1$0 in iris-batched-entity-rendering.mixins.json:MixinRenderBuffers from mod iris
[14:44:50] [Render thread/DEBUG] (FabricLoader/Mixin) Renaming synthetic method lambda$freeAndDeleteBuffers$0(Lnet/minecraft/client/render/BufferBuilder;)V to mda9fcf3$iris$lambda$freeAndDeleteBuffers$0$1 in iris-batched-entity-rendering.mixins.json:MixinRenderBuffers from mod iris
[14:44:50] [Render thread/DEBUG] (FabricLoader/Mixin) iris-batched-entity-rendering.mixins.json:MixinRenderBuffers from mod iris->@Inject::batchedentityrendering$replaceBufferSource(Lorg/spongepowered/asm/mixin/injection/callback/CallbackInfoReturnable;)V does use it's CallbackInfoReturnable
[14:44:50] [Render thread/DEBUG] (FabricLoader/Mixin) iris-batched-entity-rendering.mixins.json:MixinRenderBuffers from mod iris->@Inject::batchedentityrendering$replaceCrumblingBufferSource(Lorg/spongepowered/asm/mixin/injection/callback/CallbackInfoReturnable;)V does use it's CallbackInfoReturnable
[14:44:50] [Render thread/DEBUG] (FabricLoader/Mixin) iris-batched-entity-rendering.mixins.json:MixinRenderBuffers from mod iris->@Inject::batchedentityrendering$replaceOutlineBufferSource(Lorg/spongepowered/asm/mixin/injection/callback/CallbackInfoReturnable;)V does use it's CallbackInfoReturnable
[14:44:50] [Render thread/DEBUG] (FabricLoader/Mixin) Mixing BufferSourceAccessor from iris-batched-entity-rendering.mixins.json into net.minecraft.client.render.VertexConsumerProvider$Immediate
[14:44:50] [Render thread/DEBUG] (FabricLoader/Mixin) iris-batched-entity-rendering.mixins.json:BufferSourceAccessor from mod iris: Class version 61 required is higher than the class version supported by the current version of Mixin (JAVA_8 supports class version 52)
[14:44:50] [Render thread/DEBUG] (FabricLoader/Mixin) Mixing MixinBufferSource from iris-batched-entity-rendering.mixins.json into net.minecraft.client.render.VertexConsumerProvider$Immediate
[14:44:50] [Render thread/DEBUG] (FabricLoader/Mixin) iris-batched-entity-rendering.mixins.json:MixinBufferSource from mod iris: Class version 61 required is higher than the class version supported by the current version of Mixin (JAVA_8 supports class version 52)
[14:44:50] [Render thread/DEBUG] (FabricLoader/Mixin) Mixing immediate.MixinBufferSource from mixins.iris.vertexformat.json into net.minecraft.client.render.VertexConsumerProvider$Immediate
[14:44:50] [Render thread/DEBUG] (FabricLoader/Mixin) mixins.iris.vertexformat.json:immediate.MixinBufferSource from mod iris: Class version 61 required is higher than the class version supported by the current version of Mixin (JAVA_8 supports class version 52)
[14:44:50] [Render thread/DEBUG] (FabricLoader/Mixin) Mixing core.render.immediate.consumer.VertexConsumerProviderImmediateMixin from sodium.mixins.json into net.minecraft.client.render.VertexConsumerProvider$Immediate
[14:44:50] [Render thread/DEBUG] (FabricLoader/Mixin) mixins.iris.vertexformat.json:immediate.MixinBufferSource from mod iris->@Inject::iris$beforeFlushBuffer(Lnet/minecraft/client/render/RenderLayer;Lorg/spongepowered/asm/mixin/injection/callback/CallbackInfo;)V doesn't use it's CallbackInfo
[14:44:50] [Render thread/DEBUG] (FabricLoader/Mixin) mixins.iris.vertexformat.json:immediate.MixinBufferSource from mod iris->@Inject::iris$beforeFlushBuffer(Lnet/minecraft/client/render/RenderLayer;Lorg/spongepowered/asm/mixin/injection/callback/CallbackInfo;)V has 0 override(s) in child classes
[14:44:50] [Render thread/DEBUG] (FabricLoader/Mixin) mixins.iris.vertexformat.json:immediate.MixinBufferSource from mod iris->@Inject::iris$beforeFlushBuffer(Lnet/minecraft/client/render/RenderLayer;Lorg/spongepowered/asm/mixin/injection/callback/CallbackInfo;)V won't be passed a CallbackInfo as a result
[14:44:50] [Render thread/DEBUG] (FabricLoader/Mixin) mixins.iris.vertexformat.json:immediate.MixinBufferSource from mod iris->@Inject::iris$afterFlushBuffer(Lnet/minecraft/client/render/RenderLayer;Lorg/spongepowered/asm/mixin/injection/callback/CallbackInfo;)V doesn't use it's CallbackInfo
[14:44:50] [Render thread/DEBUG] (FabricLoader/Mixin) mixins.iris.vertexformat.json:immediate.MixinBufferSource from mod iris->@Inject::iris$afterFlushBuffer(Lnet/minecraft/client/render/RenderLayer;Lorg/spongepowered/asm/mixin/injection/callback/CallbackInfo;)V has 0 override(s) in child classes
[14:44:50] [Render thread/DEBUG] (FabricLoader/Mixin) mixins.iris.vertexformat.json:immediate.MixinBufferSource from mod iris->@Inject::iris$afterFlushBuffer(Lnet/minecraft/client/render/RenderLayer;Lorg/spongepowered/asm/mixin/injection/callback/CallbackInfo;)V won't be passed a CallbackInfo as a result
[14:44:50] [Render thread/DEBUG] (FabricLoader/Mixin) sodium.mixins.json:core.render.immediate.consumer.VertexConsumerProviderImmediateMixin from mod sodium->@Inject::useFasterVertexConsumer(Lnet/minecraft/client/render/RenderLayer;Lorg/spongepowered/asm/mixin/injection/callback/CallbackInfoReturnable;)V does use it's CallbackInfoReturnable
[14:44:50] [Render thread/DEBUG] (FabricLoader/Mixin) Mixing OutlineBufferSourceAccessor from iris-batched-entity-rendering.mixins.json into net.minecraft.client.render.OutlineVertexConsumerProvider
[14:44:50] [Render thread/DEBUG] (FabricLoader/Mixin) iris-batched-entity-rendering.mixins.json:OutlineBufferSourceAccessor from mod iris: Class version 61 required is higher than the class version supported by the current version of Mixin (JAVA_8 supports class version 52)
[14:44:50] [Render thread/DEBUG] (FabricLoader/Mixin) Mixing ChunkBufferBuilderPackAccessor from iris-batched-entity-rendering.mixins.json into net.minecraft.client.render.chunk.BlockBufferBuilderStorage
[14:44:50] [Render thread/DEBUG] (FabricLoader/Mixin) iris-batched-entity-rendering.mixins.json:ChunkBufferBuilderPackAccessor from mod iris: Class version 61 required is higher than the class version supported by the current version of Mixin (JAVA_8 supports class version 52)
[14:44:50] [Render thread/DEBUG] (FabricLoader/Mixin) Mixing ModelLoaderMixin from fabric-model-loading-api-v1.mixins.json into net.minecraft.client.render.model.ModelLoader
[14:44:50] [Render thread/DEBUG] (FabricLoader/Mixin) fabric-model-loading-api-v1.mixins.json:ModelLoaderMixin from mod fabric-model-loading-api-v1->@Inject::afterMissingModelInit(Lnet/minecraft/client/color/block/BlockColors;Lnet/minecraft/util/profiler/Profiler;Ljava/util/Map;Ljava/util/Map;Lorg/spongepowered/asm/mixin/injection/callback/CallbackInfo;)V doesn't use it's CallbackInfo
[14:44:50] [Render thread/DEBUG] (FabricLoader/Mixin) fabric-model-loading-api-v1.mixins.json:ModelLoaderMixin from mod fabric-model-loading-api-v1->@Inject::afterMissingModelInit(Lnet/minecraft/client/color/block/BlockColors;Lnet/minecraft/util/profiler/Profiler;Ljava/util/Map;Ljava/util/Map;Lorg/spongepowered/asm/mixin/injection/callback/CallbackInfo;)V has 0 override(s) in child classes
[14:44:50] [Render thread/DEBUG] (FabricLoader/Mixin) fabric-model-loading-api-v1.mixins.json:ModelLoaderMixin from mod fabric-model-loading-api-v1->@Inject::afterMissingModelInit(Lnet/minecraft/client/color/block/BlockColors;Lnet/minecraft/util/profiler/Profiler;Ljava/util/Map;Ljava/util/Map;Lorg/spongepowered/asm/mixin/injection/callback/CallbackInfo;)V won't be passed a CallbackInfo as a result
[14:44:50] [Render thread/DEBUG] (FabricLoader/Mixin) fabric-model-loading-api-v1.mixins.json:ModelLoaderMixin from mod fabric-model-loading-api-v1->@Inject::fabric_preventNestedGetOrLoadModel(Lnet/minecraft/util/Identifier;Lorg/spongepowered/asm/mixin/injection/callback/CallbackInfoReturnable;)V doesn't use it's CallbackInfoReturnable
[14:44:50] [Render thread/DEBUG] (FabricLoader/Mixin) fabric-model-loading-api-v1.mixins.json:ModelLoaderMixin from mod fabric-model-loading-api-v1->@Inject::fabric_preventNestedGetOrLoadModel(Lnet/minecraft/util/Identifier;Lorg/spongepowered/asm/mixin/injection/callback/CallbackInfoReturnable;)V has 0 override(s) in child classes
[14:44:50] [Render thread/DEBUG] (FabricLoader/Mixin) fabric-model-loading-api-v1.mixins.json:ModelLoaderMixin from mod fabric-model-loading-api-v1->@Inject::fabric_preventNestedGetOrLoadModel(Lnet/minecraft/util/Identifier;Lorg/spongepowered/asm/mixin/injection/callback/CallbackInfoReturnable;)V won't be passed a CallbackInfoReturnable as a result
[14:44:50] [Render thread/DEBUG] (FabricLoader/Mixin) fabric-model-loading-api-v1.mixins.json:ModelLoaderMixin from mod fabric-model-loading-api-v1->@Inject::onLoadModel(Lnet/minecraft/util/Identifier;Lorg/spongepowered/asm/mixin/injection/callback/CallbackInfo;)V does use it's CallbackInfo
[14:44:50] [Render thread/DEBUG] (FabricLoader/Mixin) Mixing texture.AnimationMetadataSectionAccessor from mixins.iris.json into net.minecraft.client.resource.metadata.AnimationResourceMetadata
[14:44:50] [Render thread/DEBUG] (FabricLoader/Mixin) mixins.iris.json:texture.AnimationMetadataSectionAccessor from mod iris: Class version 61 required is higher than the class version supported by the current version of Mixin (JAVA_8 supports class version 52)
[14:44:50] [Render thread/DEBUG] (FabricLoader/Mixin) Mixing client.BakedModelMixin from fabric-renderer-api-v1.mixins.json into net.minecraft.client.render.model.BakedModel
[14:44:50] [Render thread/DEBUG] (FabricLoader/Mixin) fabric-renderer-api-v1.mixins.json:client.BakedModelMixin from mod fabric-renderer-api-v1: Class version 61 required is higher than the class version supported by the current version of Mixin (JAVA_16 supports class version 60)
[14:44:50] [Render thread/DEBUG] (FabricLoader/Mixin) Mixing features.render.model.block.BlockModelRendererMixin from sodium.mixins.json into net.minecraft.client.render.block.BlockModelRenderer
[14:44:50] [Render thread/DEBUG] (FabricLoader/Mixin) Mixing features.textures.animations.tracking.BlockModelRendererMixin from sodium.mixins.json into net.minecraft.client.render.block.BlockModelRenderer
[14:44:50] [Render thread/DEBUG] (FabricLoader/Mixin) sodium.mixins.json:features.render.model.block.BlockModelRendererMixin from mod sodium->@Inject::renderFast(Lnet/minecraft/client/util/math/MatrixStack$Entry;Lnet/minecraft/client/render/VertexConsumer;Lnet/minecraft/block/BlockState;Lnet/minecraft/client/render/model/BakedModel;FFFIILorg/spongepowered/asm/mixin/injection/callback/CallbackInfo;)V does use it's CallbackInfo
[14:44:50] [Render thread/DEBUG] (FabricLoader/Mixin) sodium.mixins.json:features.textures.animations.tracking.BlockModelRendererMixin from mod sodium->@Inject::preRenderQuad(Lnet/minecraft/world/BlockRenderView;Lnet/minecraft/block/BlockState;Lnet/minecraft/util/math/BlockPos;Lnet/minecraft/client/render/VertexConsumer;Lnet/minecraft/client/util/math/MatrixStack$Entry;Lnet/minecraft/client/render/model/BakedQuad;FFFFIIIIILorg/spongepowered/asm/mixin/injection/callback/CallbackInfo;)V doesn't use it's CallbackInfo
[14:44:50] [Render thread/DEBUG] (FabricLoader/Mixin) sodium.mixins.json:features.textures.animations.tracking.BlockModelRendererMixin from mod sodium->@Inject::preRenderQuad(Lnet/minecraft/world/BlockRenderView;Lnet/minecraft/block/BlockState;Lnet/minecraft/util/math/BlockPos;Lnet/minecraft/client/render/VertexConsumer;Lnet/minecraft/client/util/math/MatrixStack$Entry;Lnet/minecraft/client/render/model/BakedQuad;FFFFIIIIILorg/spongepowered/asm/mixin/injection/callback/CallbackInfo;)V has 0 override(s) in child classes
[14:44:50] [Render thread/DEBUG] (FabricLoader/Mixin) sodium.mixins.json:features.textures.animations.tracking.BlockModelRendererMixin from mod sodium->@Inject::preRenderQuad(Lnet/minecraft/world/BlockRenderView;Lnet/minecraft/block/BlockState;Lnet/minecraft/util/math/BlockPos;Lnet/minecraft/client/render/VertexConsumer;Lnet/minecraft/client/util/math/MatrixStack$Entry;Lnet/minecraft/client/render/model/BakedQuad;FFFFIIIIILorg/spongepowered/asm/mixin/injection/callback/CallbackInfo;)V won't be passed a CallbackInfo as a result
[14:44:50] [Render thread/DEBUG] (FabricLoader/Mixin) Mixing FluidRendererMixin from fabric-rendering-fluids-v1.mixins.json into net.minecraft.client.render.block.FluidRenderer
[14:44:50] [Render thread/DEBUG] (FabricLoader/Mixin) fabric-rendering-fluids-v1.mixins.json:FluidRendererMixin from mod fabric-rendering-fluids-v1: Class version 61 required is higher than the class version supported by the current version of Mixin (JAVA_16 supports class version 60)
[14:44:50] [Render thread/DEBUG] (FabricLoader/Mixin) Renaming synthetic method lambda$new$0()Ljava/lang/Boolean; to mda9fcf3$fabric-rendering-fluids-v1$lambda$new$0$0 in fabric-rendering-fluids-v1.mixins.json:FluidRendererMixin from mod fabric-rendering-fluids-v1
[14:44:50] [Render thread/DEBUG] (FabricLoader/Mixin) fabric-rendering-fluids-v1.mixins.json:FluidRendererMixin from mod fabric-rendering-fluids-v1->@Inject::onResourceReloadReturn(Lorg/spongepowered/asm/mixin/injection/callback/CallbackInfo;)V doesn't use it's CallbackInfo
[14:44:50] [Render thread/DEBUG] (FabricLoader/Mixin) fabric-rendering-fluids-v1.mixins.json:FluidRendererMixin from mod fabric-rendering-fluids-v1->@Inject::onResourceReloadReturn(Lorg/spongepowered/asm/mixin/injection/callback/CallbackInfo;)V has 0 override(s) in child classes
[14:44:50] [Render thread/DEBUG] (FabricLoader/Mixin) fabric-rendering-fluids-v1.mixins.json:FluidRendererMixin from mod fabric-rendering-fluids-v1->@Inject::onResourceReloadReturn(Lorg/spongepowered/asm/mixin/injection/callback/CallbackInfo;)V won't be passed a CallbackInfo as a result
[14:44:50] [Render thread/DEBUG] (FabricLoader/Mixin) fabric-rendering-fluids-v1.mixins.json:FluidRendererMixin from mod fabric-rendering-fluids-v1->@Inject::tesselate(Lnet/minecraft/world/BlockRenderView;Lnet/minecraft/util/math/BlockPos;Lnet/minecraft/client/render/VertexConsumer;Lnet/minecraft/block/BlockState;Lnet/minecraft/fluid/FluidState;Lorg/spongepowered/asm/mixin/injection/callback/CallbackInfo;)V does use it's CallbackInfo
[14:44:50] [Render thread/DEBUG] (FabricLoader/Mixin) fabric-rendering-fluids-v1.mixins.json:FluidRendererMixin from mod fabric-rendering-fluids-v1->@Inject::tesselateReturn(Lnet/minecraft/world/BlockRenderView;Lnet/minecraft/util/math/BlockPos;Lnet/minecraft/client/render/VertexConsumer;Lnet/minecraft/block/BlockState;Lnet/minecraft/fluid/FluidState;Lorg/spongepowered/asm/mixin/injection/callback/CallbackInfo;)V doesn't use it's CallbackInfo
[14:44:50] [Render thread/DEBUG] (FabricLoader/Mixin) fabric-rendering-fluids-v1.mixins.json:FluidRendererMixin from mod fabric-rendering-fluids-v1->@Inject::tesselateReturn(Lnet/minecraft/world/BlockRenderView;Lnet/minecraft/util/math/BlockPos;Lnet/minecraft/client/render/VertexConsumer;Lnet/minecraft/block/BlockState;Lnet/minecraft/fluid/FluidState;Lorg/spongepowered/asm/mixin/injection/callback/CallbackInfo;)V has 0 override(s) in child classes
[14:44:50] [Render thread/DEBUG] (FabricLoader/Mixin) fabric-rendering-fluids-v1.mixins.json:FluidRendererMixin from mod fabric-rendering-fluids-v1->@Inject::tesselateReturn(Lnet/minecraft/world/BlockRenderView;Lnet/minecraft/util/math/BlockPos;Lnet/minecraft/client/render/VertexConsumer;Lnet/minecraft/block/BlockState;Lnet/minecraft/fluid/FluidState;Lorg/spongepowered/asm/mixin/injection/callback/CallbackInfo;)V won't be passed a CallbackInfo as a result
[14:44:50] [Render thread/DEBUG] (FabricLoader/Mixin) fabric-rendering-fluids-v1.mixins.json:FluidRendererMixin from mod fabric-rendering-fluids-v1->@Inject::tesselateReturn(Lnet/minecraft/world/BlockRenderView;Lnet/minecraft/util/math/BlockPos;Lnet/minecraft/client/render/VertexConsumer;Lnet/minecraft/block/BlockState;Lnet/minecraft/fluid/FluidState;Lorg/spongepowered/asm/mixin/injection/callback/CallbackInfo;)V doesn't use it's CallbackInfo
[14:44:50] [Render thread/DEBUG] (FabricLoader/Mixin) fabric-rendering-fluids-v1.mixins.json:FluidRendererMixin from mod fabric-rendering-fluids-v1->@Inject::tesselateReturn(Lnet/minecraft/world/BlockRenderView;Lnet/minecraft/util/math/BlockPos;Lnet/minecraft/client/render/VertexConsumer;Lnet/minecraft/block/BlockState;Lnet/minecraft/fluid/FluidState;Lorg/spongepowered/asm/mixin/injection/callback/CallbackInfo;)V has 0 override(s) in child classes
[14:44:50] [Render thread/DEBUG] (FabricLoader/Mixin) fabric-rendering-fluids-v1.mixins.json:FluidRendererMixin from mod fabric-rendering-fluids-v1->@Inject::tesselateReturn(Lnet/minecraft/world/BlockRenderView;Lnet/minecraft/util/math/BlockPos;Lnet/minecraft/client/render/VertexConsumer;Lnet/minecraft/block/BlockState;Lnet/minecraft/fluid/FluidState;Lorg/spongepowered/asm/mixin/injection/callback/CallbackInfo;)V won't be passed a CallbackInfo as a result
[14:44:50] [Render thread/DEBUG] (FabricLoader/Mixin) Mixing MixinItemInHandRenderer from mixins.iris.json into net.minecraft.client.render.item.HeldItemRenderer
[14:44:50] [Render thread/DEBUG] (FabricLoader/Mixin) mixins.iris.json:MixinItemInHandRenderer from mod iris: Class version 61 required is higher than the class version supported by the current version of Mixin (JAVA_8 supports class version 52)
[14:44:50] [Render thread/DEBUG] (FabricLoader/Mixin) Mixing HeldItemRendererMixin from fabric-item-api-v1.client.mixins.json into net.minecraft.client.render.item.HeldItemRenderer
[14:44:50] [Render thread/DEBUG] (FabricLoader/Mixin) fabric-item-api-v1.client.mixins.json:HeldItemRendererMixin from mod fabric-item-api-v1: Class version 61 required is higher than the class version supported by the current version of Mixin (JAVA_16 supports class version 60)
[14:44:50] [Render thread/DEBUG] (FabricLoader/Mixin) mixins.iris.json:MixinItemInHandRenderer from mod iris->@Inject::iris$skipTranslucentHands(Lnet/minecraft/client/network/AbstractClientPlayerEntity;FFLnet/minecraft/util/Hand;FLnet/minecraft/item/ItemStack;FLnet/minecraft/client/util/math/MatrixStack;Lnet/minecraft/client/render/VertexConsumerProvider;ILorg/spongepowered/asm/mixin/injection/callback/CallbackInfo;)V does use it's CallbackInfo
[14:44:50] [Render thread/DEBUG] (FabricLoader/Mixin) fabric-item-api-v1.client.mixins.json:HeldItemRendererMixin from mod fabric-item-api-v1->@Inject::modifyProgressAnimation(Lorg/spongepowered/asm/mixin/injection/callback/CallbackInfo;)V doesn't use it's CallbackInfo
[14:44:50] [Render thread/DEBUG] (FabricLoader/Mixin) fabric-item-api-v1.client.mixins.json:HeldItemRendererMixin from mod fabric-item-api-v1->@Inject::modifyProgressAnimation(Lorg/spongepowered/asm/mixin/injection/callback/CallbackInfo;)V has 0 override(s) in child classes
[14:44:50] [Render thread/DEBUG] (FabricLoader/Mixin) fabric-item-api-v1.client.mixins.json:HeldItemRendererMixin from mod fabric-item-api-v1->@Inject::modifyProgressAnimation(Lorg/spongepowered/asm/mixin/injection/callback/CallbackInfo;)V won't be passed a CallbackInfo as a result
[14:44:50] [Render thread/DEBUG] (FabricLoader/Mixin) Mixing LightTextureAccessor from mixins.iris.json into net.minecraft.client.render.LightmapTextureManager
[14:44:50] [Render thread/DEBUG] (FabricLoader/Mixin) mixins.iris.json:LightTextureAccessor from mod iris: Class version 61 required is higher than the class version supported by the current version of Mixin (JAVA_8 supports class version 52)
[14:44:50] [Render thread/DEBUG] (FabricLoader/Mixin) Mixing MixinLightTexture from mixins.iris.json into net.minecraft.client.render.LightmapTextureManager
[14:44:50] [Render thread/DEBUG] (FabricLoader/Mixin) mixins.iris.json:MixinLightTexture from mod iris: Class version 61 required is higher than the class version supported by the current version of Mixin (JAVA_8 supports class version 52)
[14:44:50] [Render thread/DEBUG] (FabricLoader/Mixin) mixins.iris.json:MixinLightTexture from mod iris->@Inject::resetDarknessValue(FLorg/spongepowered/asm/mixin/injection/callback/CallbackInfo;)V doesn't use it's CallbackInfo
[14:44:50] [Render thread/DEBUG] (FabricLoader/Mixin) mixins.iris.json:MixinLightTexture from mod iris->@Inject::resetDarknessValue(FLorg/spongepowered/asm/mixin/injection/callback/CallbackInfo;)V has 0 override(s) in child classes
[14:44:50] [Render thread/DEBUG] (FabricLoader/Mixin) mixins.iris.json:MixinLightTexture from mod iris->@Inject::resetDarknessValue(FLorg/spongepowered/asm/mixin/injection/callback/CallbackInfo;)V won't be passed a CallbackInfo as a result
[14:44:50] [Render thread/DEBUG] (FabricLoader/Mixin) mixins.iris.json:MixinLightTexture from mod iris->@Inject::storeDarknessValue(Lnet/minecraft/entity/LivingEntity;FFLorg/spongepowered/asm/mixin/injection/callback/CallbackInfoReturnable;)V does use it's CallbackInfoReturnable
[14:44:50] [Render thread/INFO] (Iris) Hardware information:
[14:44:50] [Render thread/INFO] (Iris) CPU: 28x Intel(R) Core(TM) i7-14700K
[14:44:50] [Render thread/INFO] (Iris) GPU: NVIDIA GeForce RTX 5070/PCIe/SSE2 (Supports OpenGL 3.2.0 NVIDIA 617.14)
[14:44:50] [Render thread/INFO] (Iris) OS: Windows 11 (10.0)
[14:44:50] [Render thread/DEBUG] (FabricLoader/Mixin) Mixing MixinLevelRenderer from iris-batched-entity-rendering.mixins.json into net.minecraft.client.render.WorldRenderer
[14:44:50] [Render thread/DEBUG] (FabricLoader/Mixin) iris-batched-entity-rendering.mixins.json:MixinLevelRenderer from mod iris: Class version 61 required is higher than the class version supported by the current version of Mixin (JAVA_8 supports class version 52)
[14:44:50] [Render thread/DEBUG] (FabricLoader/Mixin) Mixing MixinLevelRenderer_EntityListSorting from iris-batched-entity-rendering.mixins.json into net.minecraft.client.render.WorldRenderer
[14:44:50] [Render thread/DEBUG] (FabricLoader/Mixin) iris-batched-entity-rendering.mixins.json:MixinLevelRenderer_EntityListSorting from mod iris: Class version 61 required is higher than the class version supported by the current version of Mixin (JAVA_8 supports class version 52)
[14:44:50] [Render thread/DEBUG] (FabricLoader/Mixin) Renaming synthetic method lambda$batchedentityrendering$sortEntityList$1(Ljava/util/Map;Lnet/minecraft/entity/Entity;)V to mda9fcf3$iris$lambda$batchedentityrendering$sortEntityList$1$0 in iris-batched-entity-rendering.mixins.json:MixinLevelRenderer_EntityListSorting from mod iris
[14:44:50] [Render thread/DEBUG] (FabricLoader/Mixin) Renaming synthetic method lambda$batchedentityrendering$sortEntityList$0(Lnet/minecraft/entity/EntityType;)Ljava/util/List; to mda9fcf3$iris$lambda$batchedentityrendering$sortEntityList$0$1 in iris-batched-entity-rendering.mixins.json:MixinLevelRenderer_EntityListSorting from mod iris
[14:44:50] [Render thread/DEBUG] (FabricLoader/Mixin) Mixing immediate.MixinLevelRenderer from mixins.iris.vertexformat.json into net.minecraft.client.render.WorldRenderer
[14:44:50] [Render thread/DEBUG] (FabricLoader/Mixin) mixins.iris.vertexformat.json:immediate.MixinLevelRenderer from mod iris: Class version 61 required is higher than the class version supported by the current version of Mixin (JAVA_8 supports class version 52)
[14:44:50] [Render thread/DEBUG] (FabricLoader/Mixin) Mixing LevelRendererAccessor from mixins.iris.json into net.minecraft.client.render.WorldRenderer
[14:44:50] [Render thread/DEBUG] (FabricLoader/Mixin) mixins.iris.json:LevelRendererAccessor from mod iris: Class version 61 required is higher than the class version supported by the current version of Mixin (JAVA_8 supports class version 52)
[14:44:50] [Render thread/DEBUG] (FabricLoader/Mixin) Mixing MixinLevelRenderer from mixins.iris.json into net.minecraft.client.render.WorldRenderer
[14:44:50] [Render thread/DEBUG] (FabricLoader/Mixin) mixins.iris.json:MixinLevelRenderer from mod iris: Class version 61 required is higher than the class version supported by the current version of Mixin (JAVA_8 supports class version 52)
[14:44:50] [Render thread/DEBUG] (FabricLoader/Mixin) Renaming synthetic method lambda$iris$endLevelRender$0(Lnet/irisshaders/iris/UpdateChecker$BetaInfo;)V to mda9fcf3$iris$lambda$iris$endLevelRender$0$2 in mixins.iris.json:MixinLevelRenderer from mod iris
[14:44:50] [Render thread/DEBUG] (FabricLoader/Mixin) Mixing MixinLevelRenderer_SkipRendering from mixins.iris.json into net.minecraft.client.render.WorldRenderer
[14:44:50] [Render thread/DEBUG] (FabricLoader/Mixin) mixins.iris.json:MixinLevelRenderer_SkipRendering from mod iris: Class version 61 required is higher than the class version supported by the current version of Mixin (JAVA_8 supports class version 52)
[14:44:50] [Render thread/DEBUG] (FabricLoader/Mixin) Mixing fabulous.MixinDisableFabulousGraphics from mixins.iris.json into net.minecraft.client.render.WorldRenderer
[14:44:50] [Render thread/DEBUG] (FabricLoader/Mixin) mixins.iris.json:fabulous.MixinDisableFabulousGraphics from mod iris: Class version 61 required is higher than the class version supported by the current version of Mixin (JAVA_8 supports class version 52)
[14:44:50] [Render thread/DEBUG] (FabricLoader/Mixin) Mixing shadows.MixinLevelRenderer from mixins.iris.json into net.minecraft.client.render.WorldRenderer
[14:44:50] [Render thread/DEBUG] (FabricLoader/Mixin) mixins.iris.json:shadows.MixinLevelRenderer from mod iris: Class version 61 required is higher than the class version supported by the current version of Mixin (JAVA_8 supports class version 52)
[14:44:50] [Render thread/DEBUG] (FabricLoader/Mixin) Mixing sky.MixinLevelRenderer_SunMoonToggle from mixins.iris.json into net.minecraft.client.render.WorldRenderer
[14:44:50] [Render thread/DEBUG] (FabricLoader/Mixin) mixins.iris.json:sky.MixinLevelRenderer_SunMoonToggle from mod iris: Class version 61 required is higher than the class version supported by the current version of Mixin (JAVA_8 supports class version 52)
[14:44:50] [Render thread/DEBUG] (FabricLoader/Mixin) Mixing MixinLevelRenderer from mixins.iris.fantastic.json into net.minecraft.client.render.WorldRenderer
[14:44:50] [Render thread/DEBUG] (FabricLoader/Mixin) mixins.iris.fantastic.json:MixinLevelRenderer from mod iris: Class version 61 required is higher than the class version supported by the current version of Mixin (JAVA_8 supports class version 52)
[14:44:50] [Render thread/DEBUG] (FabricLoader/Mixin) Mixing sky.MixinLevelRenderer from mixins.iris.compat.sodium.json into net.minecraft.client.render.WorldRenderer
[14:44:50] [Render thread/DEBUG] (FabricLoader/Mixin) mixins.iris.compat.sodium.json:sky.MixinLevelRenderer from mod iris: Class version 61 required is higher than the class version supported by the current version of Mixin (JAVA_8 supports class version 52)
[14:44:50] [Render thread/DEBUG] (FabricLoader/Mixin) Mixing WorldRendererMixin from fabric-rendering-v1.mixins.json into net.minecraft.client.render.WorldRenderer
[14:44:50] [Render thread/DEBUG] (FabricLoader/Mixin) fabric-rendering-v1.mixins.json:WorldRendererMixin from mod fabric-rendering-v1: Class version 61 required is higher than the class version supported by the current version of Mixin (JAVA_16 supports class version 60)
[14:44:50] [Render thread/DEBUG] (FabricLoader/Mixin) Mixing KeyedResourceReloadListenerClientMixin from fabric-resource-loader-v0.client.mixins.json into net.minecraft.client.render.WorldRenderer
[14:44:50] [Render thread/DEBUG] (FabricLoader/Mixin) fabric-resource-loader-v0.client.mixins.json:KeyedResourceReloadListenerClientMixin from mod fabric-resource-loader-v0: Class version 61 required is higher than the class version supported by the current version of Mixin (JAVA_16 supports class version 60)
[14:44:50] [Render thread/DEBUG] (FabricLoader/Mixin) Mixing core.render.world.WorldRendererMixin from sodium.mixins.json into net.minecraft.client.render.WorldRenderer
[14:44:50] [Render thread/DEBUG] (FabricLoader/Mixin) Mixing features.options.weather.WorldRendererMixin from sodium.mixins.json into net.minecraft.client.render.WorldRenderer
[14:44:50] [Render thread/DEBUG] (FabricLoader/Mixin) Mixing features.render.gui.outlines.WorldRendererMixin from sodium.mixins.json into net.minecraft.client.render.WorldRenderer
[14:44:50] [Render thread/DEBUG] (FabricLoader/Mixin) Mixing features.render.world.clouds.WorldRendererMixin from sodium.mixins.json into net.minecraft.client.render.WorldRenderer
[14:44:50] [Render thread/DEBUG] (FabricLoader/Mixin) Mixing shadows.MixinPreventRebuildNearInShadowPass from mixins.iris.json into net.minecraft.client.render.WorldRenderer
[14:44:50] [Render thread/DEBUG] (FabricLoader/Mixin) mixins.iris.json:shadows.MixinPreventRebuildNearInShadowPass from mod iris: Class version 61 required is higher than the class version supported by the current version of Mixin (JAVA_8 supports class version 52)
[14:44:50] [Render thread/DEBUG] (FabricLoader/Mixin) iris-batched-entity-rendering.mixins.json:MixinLevelRenderer from mod iris->@Inject::batchedentityrendering$beginLevelRender(Lnet/minecraft/client/util/math/MatrixStack;FJZLnet/minecraft/client/render/Camera;Lnet/minecraft/client/render/GameRenderer;Lnet/minecraft/client/render/LightmapTextureManager;Lorg/joml/Matrix4f;Lorg/spongepowered/asm/mixin/injection/callback/CallbackInfo;)V doesn't use it's CallbackInfo
[14:44:50] [Render thread/DEBUG] (FabricLoader/Mixin) iris-batched-entity-rendering.mixins.json:MixinLevelRenderer from mod iris->@Inject::batchedentityrendering$beginLevelRender(Lnet/minecraft/client/util/math/MatrixStack;FJZLnet/minecraft/client/render/Camera;Lnet/minecraft/client/render/GameRenderer;Lnet/minecraft/client/render/LightmapTextureManager;Lorg/joml/Matrix4f;Lorg/spongepowered/asm/mixin/injection/callback/CallbackInfo;)V has 0 override(s) in child classes
[14:44:50] [Render thread/DEBUG] (FabricLoader/Mixin) iris-batched-entity-rendering.mixins.json:MixinLevelRenderer from mod iris->@Inject::batchedentityrendering$beginLevelRender(Lnet/minecraft/client/util/math/MatrixStack;FJZLnet/minecraft/client/render/Camera;Lnet/minecraft/client/render/GameRenderer;Lnet/minecraft/client/render/LightmapTextureManager;Lorg/joml/Matrix4f;Lorg/spongepowered/asm/mixin/injection/callback/CallbackInfo;)V won't be passed a CallbackInfo as a result
[14:44:50] [Render thread/DEBUG] (FabricLoader/Mixin) iris-batched-entity-rendering.mixins.json:MixinLevelRenderer from mod iris->@Inject::batchedentityrendering$preRenderEntity(Lnet/minecraft/client/util/math/MatrixStack;FJZLnet/minecraft/client/render/Camera;Lnet/minecraft/client/render/GameRenderer;Lnet/minecraft/client/render/LightmapTextureManager;Lorg/joml/Matrix4f;Lorg/spongepowered/asm/mixin/injection/callback/CallbackInfo;)V doesn't use it's CallbackInfo
[14:44:50] [Render thread/DEBUG] (FabricLoader/Mixin) iris-batched-entity-rendering.mixins.json:MixinLevelRenderer from mod iris->@Inject::batchedentityrendering$preRenderEntity(Lnet/minecraft/client/util/math/MatrixStack;FJZLnet/minecraft/client/render/Camera;Lnet/minecraft/client/render/GameRenderer;Lnet/minecraft/client/render/LightmapTextureManager;Lorg/joml/Matrix4f;Lorg/spongepowered/asm/mixin/injection/callback/CallbackInfo;)V has 0 override(s) in child classes
[14:44:50] [Render thread/DEBUG] (FabricLoader/Mixin) iris-batched-entity-rendering.mixins.json:MixinLevelRenderer from mod iris->@Inject::batchedentityrendering$preRenderEntity(Lnet/minecraft/client/util/math/MatrixStack;FJZLnet/minecraft/client/render/Camera;Lnet/minecraft/client/render/GameRenderer;Lnet/minecraft/client/render/LightmapTextureManager;Lorg/joml/Matrix4f;Lorg/spongepowered/asm/mixin/injection/callback/CallbackInfo;)V won't be passed a CallbackInfo as a result
[14:44:50] [Render thread/DEBUG] (FabricLoader/Mixin) iris-batched-entity-rendering.mixins.json:MixinLevelRenderer from mod iris->@Inject::batchedentityrendering$postRenderEntity(Lnet/minecraft/client/util/math/MatrixStack;FJZLnet/minecraft/client/render/Camera;Lnet/minecraft/client/render/GameRenderer;Lnet/minecraft/client/render/LightmapTextureManager;Lorg/joml/Matrix4f;Lorg/spongepowered/asm/mixin/injection/callback/CallbackInfo;)V doesn't use it's CallbackInfo
[14:44:50] [Render thread/DEBUG] (FabricLoader/Mixin) iris-batched-entity-rendering.mixins.json:MixinLevelRenderer from mod iris->@Inject::batchedentityrendering$postRenderEntity(Lnet/minecraft/client/util/math/MatrixStack;FJZLnet/minecraft/client/render/Camera;Lnet/minecraft/client/render/GameRenderer;Lnet/minecraft/client/render/LightmapTextureManager;Lorg/joml/Matrix4f;Lorg/spongepowered/asm/mixin/injection/callback/CallbackInfo;)V has 0 override(s) in child classes
[14:44:50] [Render thread/DEBUG] (FabricLoader/Mixin) iris-batched-entity-rendering.mixins.json:MixinLevelRenderer from mod iris->@Inject::batchedentityrendering$postRenderEntity(Lnet/minecraft/client/util/math/MatrixStack;FJZLnet/minecraft/client/render/Camera;Lnet/minecraft/client/render/GameRenderer;Lnet/minecraft/client/render/LightmapTextureManager;Lorg/joml/Matrix4f;Lorg/spongepowered/asm/mixin/injection/callback/CallbackInfo;)V won't be passed a CallbackInfo as a result
[14:44:50] [Render thread/DEBUG] (FabricLoader/Mixin) iris-batched-entity-rendering.mixins.json:MixinLevelRenderer from mod iris->@Inject::batchedentityrendering$beginTranslucents(Lnet/minecraft/client/util/math/MatrixStack;FJZLnet/minecraft/client/render/Camera;Lnet/minecraft/client/render/GameRenderer;Lnet/minecraft/client/render/LightmapTextureManager;Lorg/joml/Matrix4f;Lorg/spongepowered/asm/mixin/injection/callback/CallbackInfo;)V doesn't use it's CallbackInfo
[14:44:50] [Render thread/DEBUG] (FabricLoader/Mixin) iris-batched-entity-rendering.mixins.json:MixinLevelRenderer from mod iris->@Inject::batchedentityrendering$beginTranslucents(Lnet/minecraft/client/util/math/MatrixStack;FJZLnet/minecraft/client/render/Camera;Lnet/minecraft/client/render/GameRenderer;Lnet/minecraft/client/render/LightmapTextureManager;Lorg/joml/Matrix4f;Lorg/spongepowered/asm/mixin/injection/callback/CallbackInfo;)V has 0 override(s) in child classes
[14:44:50] [Render thread/DEBUG] (FabricLoader/Mixin) iris-batched-entity-rendering.mixins.json:MixinLevelRenderer from mod iris->@Inject::batchedentityrendering$beginTranslucents(Lnet/minecraft/client/util/math/MatrixStack;FJZLnet/minecraft/client/render/Camera;Lnet/minecraft/client/render/GameRenderer;Lnet/minecraft/client/render/LightmapTextureManager;Lorg/joml/Matrix4f;Lorg/spongepowered/asm/mixin/injection/callback/CallbackInfo;)V won't be passed a CallbackInfo as a result
[14:44:50] [Render thread/DEBUG] (FabricLoader/Mixin) iris-batched-entity-rendering.mixins.json:MixinLevelRenderer from mod iris->@Inject::batchedentityrendering$beginTranslucents(Lnet/minecraft/client/util/math/MatrixStack;FJZLnet/minecraft/client/render/Camera;Lnet/minecraft/client/render/GameRenderer;Lnet/minecraft/client/render/LightmapTextureManager;Lorg/joml/Matrix4f;Lorg/spongepowered/asm/mixin/injection/callback/CallbackInfo;)V doesn't use it's CallbackInfo
[14:44:50] [Render thread/DEBUG] (FabricLoader/Mixin) iris-batched-entity-rendering.mixins.json:MixinLevelRenderer from mod iris->@Inject::batchedentityrendering$beginTranslucents(Lnet/minecraft/client/util/math/MatrixStack;FJZLnet/minecraft/client/render/Camera;Lnet/minecraft/client/render/GameRenderer;Lnet/minecraft/client/render/LightmapTextureManager;Lorg/joml/Matrix4f;Lorg/spongepowered/asm/mixin/injection/callback/CallbackInfo;)V has 0 override(s) in child classes
[14:44:50] [Render thread/DEBUG] (FabricLoader/Mixin) iris-batched-entity-rendering.mixins.json:MixinLevelRenderer from mod iris->@Inject::batchedentityrendering$beginTranslucents(Lnet/minecraft/client/util/math/MatrixStack;FJZLnet/minecraft/client/render/Camera;Lnet/minecraft/client/render/GameRenderer;Lnet/minecraft/client/render/LightmapTextureManager;Lorg/joml/Matrix4f;Lorg/spongepowered/asm/mixin/injection/callback/CallbackInfo;)V won't be passed a CallbackInfo as a result
[14:44:50] [Render thread/DEBUG] (FabricLoader/Mixin) iris-batched-entity-rendering.mixins.json:MixinLevelRenderer from mod iris->@Inject::batchedentityrendering$endTranslucents(Lnet/minecraft/client/util/math/MatrixStack;FJZLnet/minecraft/client/render/Camera;Lnet/minecraft/client/render/GameRenderer;Lnet/minecraft/client/render/LightmapTextureManager;Lorg/joml/Matrix4f;Lorg/spongepowered/asm/mixin/injection/callback/CallbackInfo;)V doesn't use it's CallbackInfo
[14:44:50] [Render thread/DEBUG] (FabricLoader/Mixin) iris-batched-entity-rendering.mixins.json:MixinLevelRenderer from mod iris->@Inject::batchedentityrendering$endTranslucents(Lnet/minecraft/client/util/math/MatrixStack;FJZLnet/minecraft/client/render/Camera;Lnet/minecraft/client/render/GameRenderer;Lnet/minecraft/client/render/LightmapTextureManager;Lorg/joml/Matrix4f;Lorg/spongepowered/asm/mixin/injection/callback/CallbackInfo;)V has 0 override(s) in child classes
[14:44:50] [Render thread/DEBUG] (FabricLoader/Mixin) iris-batched-entity-rendering.mixins.json:MixinLevelRenderer from mod iris->@Inject::batchedentityrendering$endTranslucents(Lnet/minecraft/client/util/math/MatrixStack;FJZLnet/minecraft/client/render/Camera;Lnet/minecraft/client/render/GameRenderer;Lnet/minecraft/client/render/LightmapTextureManager;Lorg/joml/Matrix4f;Lorg/spongepowered/asm/mixin/injection/callback/CallbackInfo;)V won't be passed a CallbackInfo as a result
[14:44:50] [Render thread/DEBUG] (FabricLoader/Mixin) iris-batched-entity-rendering.mixins.json:MixinLevelRenderer from mod iris->@Inject::batchedentityrendering$endTranslucents(Lnet/minecraft/client/util/math/MatrixStack;FJZLnet/minecraft/client/render/Camera;Lnet/minecraft/client/render/GameRenderer;Lnet/minecraft/client/render/LightmapTextureManager;Lorg/joml/Matrix4f;Lorg/spongepowered/asm/mixin/injection/callback/CallbackInfo;)V doesn't use it's CallbackInfo
[14:44:50] [Render thread/DEBUG] (FabricLoader/Mixin) iris-batched-entity-rendering.mixins.json:MixinLevelRenderer from mod iris->@Inject::batchedentityrendering$endTranslucents(Lnet/minecraft/client/util/math/MatrixStack;FJZLnet/minecraft/client/render/Camera;Lnet/minecraft/client/render/GameRenderer;Lnet/minecraft/client/render/LightmapTextureManager;Lorg/joml/Matrix4f;Lorg/spongepowered/asm/mixin/injection/callback/CallbackInfo;)V has 0 override(s) in child classes
[14:44:50] [Render thread/DEBUG] (FabricLoader/Mixin) iris-batched-entity-rendering.mixins.json:MixinLevelRenderer from mod iris->@Inject::batchedentityrendering$endTranslucents(Lnet/minecraft/client/util/math/MatrixStack;FJZLnet/minecraft/client/render/Camera;Lnet/minecraft/client/render/GameRenderer;Lnet/minecraft/client/render/LightmapTextureManager;Lorg/joml/Matrix4f;Lorg/spongepowered/asm/mixin/injection/callback/CallbackInfo;)V won't be passed a CallbackInfo as a result
[14:44:50] [Render thread/DEBUG] (FabricLoader/Mixin) iris-batched-entity-rendering.mixins.json:MixinLevelRenderer from mod iris->@Inject::batchedentityrendering$endLevelRender(Lnet/minecraft/client/util/math/MatrixStack;FJZLnet/minecraft/client/render/Camera;Lnet/minecraft/client/render/GameRenderer;Lnet/minecraft/client/render/LightmapTextureManager;Lorg/joml/Matrix4f;Lorg/spongepowered/asm/mixin/injection/callback/CallbackInfo;)V doesn't use it's CallbackInfo
[14:44:50] [Render thread/DEBUG] (FabricLoader/Mixin) iris-batched-entity-rendering.mixins.json:MixinLevelRenderer from mod iris->@Inject::batchedentityrendering$endLevelRender(Lnet/minecraft/client/util/math/MatrixStack;FJZLnet/minecraft/client/render/Camera;Lnet/minecraft/client/render/GameRenderer;Lnet/minecraft/client/render/LightmapTextureManager;Lorg/joml/Matrix4f;Lorg/spongepowered/asm/mixin/injection/callback/CallbackInfo;)V has 0 override(s) in child classes
[14:44:50] [Render thread/DEBUG] (FabricLoader/Mixin) iris-batched-entity-rendering.mixins.json:MixinLevelRenderer from mod iris->@Inject::batchedentityrendering$endLevelRender(Lnet/minecraft/client/util/math/MatrixStack;FJZLnet/minecraft/client/render/Camera;Lnet/minecraft/client/render/GameRenderer;Lnet/minecraft/client/render/LightmapTextureManager;Lorg/joml/Matrix4f;Lorg/spongepowered/asm/mixin/injection/callback/CallbackInfo;)V won't be passed a CallbackInfo as a result
[14:44:50] [Render thread/DEBUG] (FabricLoader/Mixin) mixins.iris.vertexformat.json:immediate.MixinLevelRenderer from mod iris->@Inject::iris$immediateStateBeginLevelRender(Lnet/minecraft/client/util/math/MatrixStack;FJZLnet/minecraft/client/render/Camera;Lnet/minecraft/client/render/GameRenderer;Lnet/minecraft/client/render/LightmapTextureManager;Lorg/joml/Matrix4f;Lorg/spongepowered/asm/mixin/injection/callback/CallbackInfo;)V doesn't use it's CallbackInfo
[14:44:50] [Render thread/DEBUG] (FabricLoader/Mixin) mixins.iris.vertexformat.json:immediate.MixinLevelRenderer from mod iris->@Inject::iris$immediateStateBeginLevelRender(Lnet/minecraft/client/util/math/MatrixStack;FJZLnet/minecraft/client/render/Camera;Lnet/minecraft/client/render/GameRenderer;Lnet/minecraft/client/render/LightmapTextureManager;Lorg/joml/Matrix4f;Lorg/spongepowered/asm/mixin/injection/callback/CallbackInfo;)V has 0 override(s) in child classes
[14:44:50] [Render thread/DEBUG] (FabricLoader/Mixin) mixins.iris.vertexformat.json:immediate.MixinLevelRenderer from mod iris->@Inject::iris$immediateStateBeginLevelRender(Lnet/minecraft/client/util/math/MatrixStack;FJZLnet/minecraft/client/render/Camera;Lnet/minecraft/client/render/GameRenderer;Lnet/minecraft/client/render/LightmapTextureManager;Lorg/joml/Matrix4f;Lorg/spongepowered/asm/mixin/injection/callback/CallbackInfo;)V won't be passed a CallbackInfo as a result
[14:44:50] [Render thread/DEBUG] (FabricLoader/Mixin) mixins.iris.vertexformat.json:immediate.MixinLevelRenderer from mod iris->@Inject::iris$immediateStateEndLevelRender(Lnet/minecraft/client/util/math/MatrixStack;FJZLnet/minecraft/client/render/Camera;Lnet/minecraft/client/render/GameRenderer;Lnet/minecraft/client/render/LightmapTextureManager;Lorg/joml/Matrix4f;Lorg/spongepowered/asm/mixin/injection/callback/CallbackInfo;)V doesn't use it's CallbackInfo
[14:44:50] [Render thread/DEBUG] (FabricLoader/Mixin) mixins.iris.vertexformat.json:immediate.MixinLevelRenderer from mod iris->@Inject::iris$immediateStateEndLevelRender(Lnet/minecraft/client/util/math/MatrixStack;FJZLnet/minecraft/client/render/Camera;Lnet/minecraft/client/render/GameRenderer;Lnet/minecraft/client/render/LightmapTextureManager;Lorg/joml/Matrix4f;Lorg/spongepowered/asm/mixin/injection/callback/CallbackInfo;)V has 0 override(s) in child classes
[14:44:50] [Render thread/DEBUG] (FabricLoader/Mixin) mixins.iris.vertexformat.json:immediate.MixinLevelRenderer from mod iris->@Inject::iris$immediateStateEndLevelRender(Lnet/minecraft/client/util/math/MatrixStack;FJZLnet/minecraft/client/render/Camera;Lnet/minecraft/client/render/GameRenderer;Lnet/minecraft/client/render/LightmapTextureManager;Lorg/joml/Matrix4f;Lorg/spongepowered/asm/mixin/injection/callback/CallbackInfo;)V won't be passed a CallbackInfo as a result
[14:44:50] [Render thread/DEBUG] (FabricLoader/Mixin) mixins.iris.json:MixinLevelRenderer from mod iris->@Inject::iris$setupPipeline(Lnet/minecraft/client/util/math/MatrixStack;FJZLnet/minecraft/client/render/Camera;Lnet/minecraft/client/render/GameRenderer;Lnet/minecraft/client/render/LightmapTextureManager;Lorg/joml/Matrix4f;Lorg/spongepowered/asm/mixin/injection/callback/CallbackInfo;)V doesn't use it's CallbackInfo
[14:44:50] [Render thread/DEBUG] (FabricLoader/Mixin) mixins.iris.json:MixinLevelRenderer from mod iris->@Inject::iris$setupPipeline(Lnet/minecraft/client/util/math/MatrixStack;FJZLnet/minecraft/client/render/Camera;Lnet/minecraft/client/render/GameRenderer;Lnet/minecraft/client/render/LightmapTextureManager;Lorg/joml/Matrix4f;Lorg/spongepowered/asm/mixin/injection/callback/CallbackInfo;)V has 0 override(s) in child classes
[14:44:50] [Render thread/DEBUG] (FabricLoader/Mixin) mixins.iris.json:MixinLevelRenderer from mod iris->@Inject::iris$setupPipeline(Lnet/minecraft/client/util/math/MatrixStack;FJZLnet/minecraft/client/render/Camera;Lnet/minecraft/client/render/GameRenderer;Lnet/minecraft/client/render/LightmapTextureManager;Lorg/joml/Matrix4f;Lorg/spongepowered/asm/mixin/injection/callback/CallbackInfo;)V won't be passed a CallbackInfo as a result
[14:44:50] [Render thread/DEBUG] (FabricLoader/Mixin) mixins.iris.json:MixinLevelRenderer from mod iris->@Inject::iris$beginLevelRender(Lnet/minecraft/client/util/math/MatrixStack;FJZLnet/minecraft/client/render/Camera;Lnet/minecraft/client/render/GameRenderer;Lnet/minecraft/client/render/LightmapTextureManager;Lorg/joml/Matrix4f;Lorg/spongepowered/asm/mixin/injection/callback/CallbackInfo;)V doesn't use it's CallbackInfo
[14:44:50] [Render thread/DEBUG] (FabricLoader/Mixin) mixins.iris.json:MixinLevelRenderer from mod iris->@Inject::iris$beginLevelRender(Lnet/minecraft/client/util/math/MatrixStack;FJZLnet/minecraft/client/render/Camera;Lnet/minecraft/client/render/GameRenderer;Lnet/minecraft/client/render/LightmapTextureManager;Lorg/joml/Matrix4f;Lorg/spongepowered/asm/mixin/injection/callback/CallbackInfo;)V has 0 override(s) in child classes
[14:44:50] [Render thread/DEBUG] (FabricLoader/Mixin) mixins.iris.json:MixinLevelRenderer from mod iris->@Inject::iris$beginLevelRender(Lnet/minecraft/client/util/math/MatrixStack;FJZLnet/minecraft/client/render/Camera;Lnet/minecraft/client/render/GameRenderer;Lnet/minecraft/client/render/LightmapTextureManager;Lorg/joml/Matrix4f;Lorg/spongepowered/asm/mixin/injection/callback/CallbackInfo;)V won't be passed a CallbackInfo as a result
[14:44:50] [Render thread/DEBUG] (FabricLoader/Mixin) mixins.iris.json:MixinLevelRenderer from mod iris->@Inject::iris$endLevelRender(Lnet/minecraft/client/util/math/MatrixStack;FJZLnet/minecraft/client/render/Camera;Lnet/minecraft/client/render/GameRenderer;Lnet/minecraft/client/render/LightmapTextureManager;Lorg/joml/Matrix4f;Lorg/spongepowered/asm/mixin/injection/callback/CallbackInfo;)V doesn't use it's CallbackInfo
[14:44:50] [Render thread/DEBUG] (FabricLoader/Mixin) mixins.iris.json:MixinLevelRenderer from mod iris->@Inject::iris$endLevelRender(Lnet/minecraft/client/util/math/MatrixStack;FJZLnet/minecraft/client/render/Camera;Lnet/minecraft/client/render/GameRenderer;Lnet/minecraft/client/render/LightmapTextureManager;Lorg/joml/Matrix4f;Lorg/spongepowered/asm/mixin/injection/callback/CallbackInfo;)V has 0 override(s) in child classes
[14:44:50] [Render thread/DEBUG] (FabricLoader/Mixin) mixins.iris.json:MixinLevelRenderer from mod iris->@Inject::iris$endLevelRender(Lnet/minecraft/client/util/math/MatrixStack;FJZLnet/minecraft/client/render/Camera;Lnet/minecraft/client/render/GameRenderer;Lnet/minecraft/client/render/LightmapTextureManager;Lorg/joml/Matrix4f;Lorg/spongepowered/asm/mixin/injection/callback/CallbackInfo;)V won't be passed a CallbackInfo as a result
[14:44:50] [Render thread/DEBUG] (FabricLoader/Mixin) mixins.iris.json:MixinLevelRenderer from mod iris->@Inject::iris$renderTerrainShadows(Lnet/minecraft/client/util/math/MatrixStack;FJZLnet/minecraft/client/render/Camera;Lnet/minecraft/client/render/GameRenderer;Lnet/minecraft/client/render/LightmapTextureManager;Lorg/joml/Matrix4f;Lorg/spongepowered/asm/mixin/injection/callback/CallbackInfo;)V doesn't use it's CallbackInfo
[14:44:50] [Render thread/DEBUG] (FabricLoader/Mixin) mixins.iris.json:MixinLevelRenderer from mod iris->@Inject::iris$renderTerrainShadows(Lnet/minecraft/client/util/math/MatrixStack;FJZLnet/minecraft/client/render/Camera;Lnet/minecraft/client/render/GameRenderer;Lnet/minecraft/client/render/LightmapTextureManager;Lorg/joml/Matrix4f;Lorg/spongepowered/asm/mixin/injection/callback/CallbackInfo;)V has 0 override(s) in child classes
[14:44:50] [Render thread/DEBUG] (FabricLoader/Mixin) mixins.iris.json:MixinLevelRenderer from mod iris->@Inject::iris$renderTerrainShadows(Lnet/minecraft/client/util/math/MatrixStack;FJZLnet/minecraft/client/render/Camera;Lnet/minecraft/client/render/GameRenderer;Lnet/minecraft/client/render/LightmapTextureManager;Lorg/joml/Matrix4f;Lorg/spongepowered/asm/mixin/injection/callback/CallbackInfo;)V won't be passed a CallbackInfo as a result
[14:44:50] [Render thread/DEBUG] (FabricLoader/Mixin) mixins.iris.json:MixinLevelRenderer from mod iris->@Inject::iris$beginSky(Lnet/minecraft/client/util/math/MatrixStack;FJZLnet/minecraft/client/render/Camera;Lnet/minecraft/client/render/GameRenderer;Lnet/minecraft/client/render/LightmapTextureManager;Lorg/joml/Matrix4f;Lorg/spongepowered/asm/mixin/injection/callback/CallbackInfo;)V doesn't use it's CallbackInfo
[14:44:50] [Render thread/DEBUG] (FabricLoader/Mixin) mixins.iris.json:MixinLevelRenderer from mod iris->@Inject::iris$beginSky(Lnet/minecraft/client/util/math/MatrixStack;FJZLnet/minecraft/client/render/Camera;Lnet/minecraft/client/render/GameRenderer;Lnet/minecraft/client/render/LightmapTextureManager;Lorg/joml/Matrix4f;Lorg/spongepowered/asm/mixin/injection/callback/CallbackInfo;)V has 0 override(s) in child classes
[14:44:50] [Render thread/DEBUG] (FabricLoader/Mixin) mixins.iris.json:MixinLevelRenderer from mod iris->@Inject::iris$beginSky(Lnet/minecraft/client/util/math/MatrixStack;FJZLnet/minecraft/client/render/Camera;Lnet/minecraft/client/render/GameRenderer;Lnet/minecraft/client/render/LightmapTextureManager;Lorg/joml/Matrix4f;Lorg/spongepowered/asm/mixin/injection/callback/CallbackInfo;)V won't be passed a CallbackInfo as a result
[14:44:50] [Render thread/DEBUG] (FabricLoader/Mixin) mixins.iris.json:MixinLevelRenderer from mod iris->@Inject::iris$renderSky$beginNormalSky(Lnet/minecraft/client/util/math/MatrixStack;Lorg/joml/Matrix4f;FLnet/minecraft/client/render/Camera;ZLjava/lang/Runnable;Lorg/spongepowered/asm/mixin/injection/callback/CallbackInfo;)V doesn't use it's CallbackInfo
[14:44:50] [Render thread/DEBUG] (FabricLoader/Mixin) mixins.iris.json:MixinLevelRenderer from mod iris->@Inject::iris$renderSky$beginNormalSky(Lnet/minecraft/client/util/math/MatrixStack;Lorg/joml/Matrix4f;FLnet/minecraft/client/render/Camera;ZLjava/lang/Runnable;Lorg/spongepowered/asm/mixin/injection/callback/CallbackInfo;)V has 0 override(s) in child classes
[14:44:50] [Render thread/DEBUG] (FabricLoader/Mixin) mixins.iris.json:MixinLevelRenderer from mod iris->@Inject::iris$renderSky$beginNormalSky(Lnet/minecraft/client/util/math/MatrixStack;Lorg/joml/Matrix4f;FLnet/minecraft/client/render/Camera;ZLjava/lang/Runnable;Lorg/spongepowered/asm/mixin/injection/callback/CallbackInfo;)V won't be passed a CallbackInfo as a result
[14:44:50] [Render thread/DEBUG] (FabricLoader/Mixin) mixins.iris.json:MixinLevelRenderer from mod iris->@Inject::iris$setSunRenderStage(Lnet/minecraft/client/util/math/MatrixStack;Lorg/joml/Matrix4f;FLnet/minecraft/client/render/Camera;ZLjava/lang/Runnable;Lorg/spongepowered/asm/mixin/injection/callback/CallbackInfo;)V doesn't use it's CallbackInfo
[14:44:50] [Render thread/DEBUG] (FabricLoader/Mixin) mixins.iris.json:MixinLevelRenderer from mod iris->@Inject::iris$setSunRenderStage(Lnet/minecraft/client/util/math/MatrixStack;Lorg/joml/Matrix4f;FLnet/minecraft/client/render/Camera;ZLjava/lang/Runnable;Lorg/spongepowered/asm/mixin/injection/callback/CallbackInfo;)V has 0 override(s) in child classes
[14:44:50] [Render thread/DEBUG] (FabricLoader/Mixin) mixins.iris.json:MixinLevelRenderer from mod iris->@Inject::iris$setSunRenderStage(Lnet/minecraft/client/util/math/MatrixStack;Lorg/joml/Matrix4f;FLnet/minecraft/client/render/Camera;ZLjava/lang/Runnable;Lorg/spongepowered/asm/mixin/injection/callback/CallbackInfo;)V won't be passed a CallbackInfo as a result
[14:44:50] [Render thread/DEBUG] (FabricLoader/Mixin) mixins.iris.json:MixinLevelRenderer from mod iris->@Inject::iris$setSunsetRenderStage(Lnet/minecraft/client/util/math/MatrixStack;Lorg/joml/Matrix4f;FLnet/minecraft/client/render/Camera;ZLjava/lang/Runnable;Lorg/spongepowered/asm/mixin/injection/callback/CallbackInfo;)V doesn't use it's CallbackInfo
[14:44:50] [Render thread/DEBUG] (FabricLoader/Mixin) mixins.iris.json:MixinLevelRenderer from mod iris->@Inject::iris$setSunsetRenderStage(Lnet/minecraft/client/util/math/MatrixStack;Lorg/joml/Matrix4f;FLnet/minecraft/client/render/Camera;ZLjava/lang/Runnable;Lorg/spongepowered/asm/mixin/injection/callback/CallbackInfo;)V has 0 override(s) in child classes
[14:44:50] [Render thread/DEBUG] (FabricLoader/Mixin) mixins.iris.json:MixinLevelRenderer from mod iris->@Inject::iris$setSunsetRenderStage(Lnet/minecraft/client/util/math/MatrixStack;Lorg/joml/Matrix4f;FLnet/minecraft/client/render/Camera;ZLjava/lang/Runnable;Lorg/spongepowered/asm/mixin/injection/callback/CallbackInfo;)V won't be passed a CallbackInfo as a result
[14:44:50] [Render thread/DEBUG] (FabricLoader/Mixin) mixins.iris.json:MixinLevelRenderer from mod iris->@Inject::iris$setMoonRenderStage(Lnet/minecraft/client/util/math/MatrixStack;Lorg/joml/Matrix4f;FLnet/minecraft/client/render/Camera;ZLjava/lang/Runnable;Lorg/spongepowered/asm/mixin/injection/callback/CallbackInfo;)V doesn't use it's CallbackInfo
[14:44:50] [Render thread/DEBUG] (FabricLoader/Mixin) mixins.iris.json:MixinLevelRenderer from mod iris->@Inject::iris$setMoonRenderStage(Lnet/minecraft/client/util/math/MatrixStack;Lorg/joml/Matrix4f;FLnet/minecraft/client/render/Camera;ZLjava/lang/Runnable;Lorg/spongepowered/asm/mixin/injection/callback/CallbackInfo;)V has 0 override(s) in child classes
[14:44:50] [Render thread/DEBUG] (FabricLoader/Mixin) mixins.iris.json:MixinLevelRenderer from mod iris->@Inject::iris$setMoonRenderStage(Lnet/minecraft/client/util/math/MatrixStack;Lorg/joml/Matrix4f;FLnet/minecraft/client/render/Camera;ZLjava/lang/Runnable;Lorg/spongepowered/asm/mixin/injection/callback/CallbackInfo;)V won't be passed a CallbackInfo as a result
[14:44:50] [Render thread/DEBUG] (FabricLoader/Mixin) mixins.iris.json:MixinLevelRenderer from mod iris->@Inject::iris$setStarRenderStage(Lnet/minecraft/client/util/math/MatrixStack;Lorg/joml/Matrix4f;FLnet/minecraft/client/render/Camera;ZLjava/lang/Runnable;Lorg/spongepowered/asm/mixin/injection/callback/CallbackInfo;)V doesn't use it's CallbackInfo
[14:44:50] [Render thread/DEBUG] (FabricLoader/Mixin) mixins.iris.json:MixinLevelRenderer from mod iris->@Inject::iris$setStarRenderStage(Lnet/minecraft/client/util/math/MatrixStack;Lorg/joml/Matrix4f;FLnet/minecraft/client/render/Camera;ZLjava/lang/Runnable;Lorg/spongepowered/asm/mixin/injection/callback/CallbackInfo;)V has 0 override(s) in child classes
[14:44:50] [Render thread/DEBUG] (FabricLoader/Mixin) mixins.iris.json:MixinLevelRenderer from mod iris->@Inject::iris$setStarRenderStage(Lnet/minecraft/client/util/math/MatrixStack;Lorg/joml/Matrix4f;FLnet/minecraft/client/render/Camera;ZLjava/lang/Runnable;Lorg/spongepowered/asm/mixin/injection/callback/CallbackInfo;)V won't be passed a CallbackInfo as a result
[14:44:50] [Render thread/DEBUG] (FabricLoader/Mixin) mixins.iris.json:MixinLevelRenderer from mod iris->@Inject::iris$setVoidRenderStage(Lnet/minecraft/client/util/math/MatrixStack;Lorg/joml/Matrix4f;FLnet/minecraft/client/render/Camera;ZLjava/lang/Runnable;Lorg/spongepowered/asm/mixin/injection/callback/CallbackInfo;)V doesn't use it's CallbackInfo
[14:44:50] [Render thread/DEBUG] (FabricLoader/Mixin) mixins.iris.json:MixinLevelRenderer from mod iris->@Inject::iris$setVoidRenderStage(Lnet/minecraft/client/util/math/MatrixStack;Lorg/joml/Matrix4f;FLnet/minecraft/client/render/Camera;ZLjava/lang/Runnable;Lorg/spongepowered/asm/mixin/injection/callback/CallbackInfo;)V has 0 override(s) in child classes
[14:44:50] [Render thread/DEBUG] (FabricLoader/Mixin) mixins.iris.json:MixinLevelRenderer from mod iris->@Inject::iris$setVoidRenderStage(Lnet/minecraft/client/util/math/MatrixStack;Lorg/joml/Matrix4f;FLnet/minecraft/client/render/Camera;ZLjava/lang/Runnable;Lorg/spongepowered/asm/mixin/injection/callback/CallbackInfo;)V won't be passed a CallbackInfo as a result
[14:44:50] [Render thread/DEBUG] (FabricLoader/Mixin) mixins.iris.json:MixinLevelRenderer from mod iris->@Inject::iris$renderSky$tiltSun(Lnet/minecraft/client/util/math/MatrixStack;Lorg/joml/Matrix4f;FLnet/minecraft/client/render/Camera;ZLjava/lang/Runnable;Lorg/spongepowered/asm/mixin/injection/callback/CallbackInfo;)V doesn't use it's CallbackInfo
[14:44:50] [Render thread/DEBUG] (FabricLoader/Mixin) mixins.iris.json:MixinLevelRenderer from mod iris->@Inject::iris$renderSky$tiltSun(Lnet/minecraft/client/util/math/MatrixStack;Lorg/joml/Matrix4f;FLnet/minecraft/client/render/Camera;ZLjava/lang/Runnable;Lorg/spongepowered/asm/mixin/injection/callback/CallbackInfo;)V has 0 override(s) in child classes
[14:44:50] [Render thread/DEBUG] (FabricLoader/Mixin) mixins.iris.json:MixinLevelRenderer from mod iris->@Inject::iris$renderSky$tiltSun(Lnet/minecraft/client/util/math/MatrixStack;Lorg/joml/Matrix4f;FLnet/minecraft/client/render/Camera;ZLjava/lang/Runnable;Lorg/spongepowered/asm/mixin/injection/callback/CallbackInfo;)V won't be passed a CallbackInfo as a result
[14:44:50] [Render thread/DEBUG] (FabricLoader/Mixin) mixins.iris.json:MixinLevelRenderer from mod iris->@Inject::iris$endSky(Lnet/minecraft/client/util/math/MatrixStack;FJZLnet/minecraft/client/render/Camera;Lnet/minecraft/client/render/GameRenderer;Lnet/minecraft/client/render/LightmapTextureManager;Lorg/joml/Matrix4f;Lorg/spongepowered/asm/mixin/injection/callback/CallbackInfo;)V doesn't use it's CallbackInfo
[14:44:50] [Render thread/DEBUG] (FabricLoader/Mixin) mixins.iris.json:MixinLevelRenderer from mod iris->@Inject::iris$endSky(Lnet/minecraft/client/util/math/MatrixStack;FJZLnet/minecraft/client/render/Camera;Lnet/minecraft/client/render/GameRenderer;Lnet/minecraft/client/render/LightmapTextureManager;Lorg/joml/Matrix4f;Lorg/spongepowered/asm/mixin/injection/callback/CallbackInfo;)V has 0 override(s) in child classes
[14:44:50] [Render thread/DEBUG] (FabricLoader/Mixin) mixins.iris.json:MixinLevelRenderer from mod iris->@Inject::iris$endSky(Lnet/minecraft/client/util/math/MatrixStack;FJZLnet/minecraft/client/render/Camera;Lnet/minecraft/client/render/GameRenderer;Lnet/minecraft/client/render/LightmapTextureManager;Lorg/joml/Matrix4f;Lorg/spongepowered/asm/mixin/injection/callback/CallbackInfo;)V won't be passed a CallbackInfo as a result
[14:44:50] [Render thread/DEBUG] (FabricLoader/Mixin) mixins.iris.json:MixinLevelRenderer from mod iris->@Inject::iris$beginClouds(Lnet/minecraft/client/util/math/MatrixStack;FJZLnet/minecraft/client/render/Camera;Lnet/minecraft/client/render/GameRenderer;Lnet/minecraft/client/render/LightmapTextureManager;Lorg/joml/Matrix4f;Lorg/spongepowered/asm/mixin/injection/callback/CallbackInfo;)V doesn't use it's CallbackInfo
[14:44:50] [Render thread/DEBUG] (FabricLoader/Mixin) mixins.iris.json:MixinLevelRenderer from mod iris->@Inject::iris$beginClouds(Lnet/minecraft/client/util/math/MatrixStack;FJZLnet/minecraft/client/render/Camera;Lnet/minecraft/client/render/GameRenderer;Lnet/minecraft/client/render/LightmapTextureManager;Lorg/joml/Matrix4f;Lorg/spongepowered/asm/mixin/injection/callback/CallbackInfo;)V has 0 override(s) in child classes
[14:44:50] [Render thread/DEBUG] (FabricLoader/Mixin) mixins.iris.json:MixinLevelRenderer from mod iris->@Inject::iris$beginClouds(Lnet/minecraft/client/util/math/MatrixStack;FJZLnet/minecraft/client/render/Camera;Lnet/minecraft/client/render/GameRenderer;Lnet/minecraft/client/render/LightmapTextureManager;Lorg/joml/Matrix4f;Lorg/spongepowered/asm/mixin/injection/callback/CallbackInfo;)V won't be passed a CallbackInfo as a result
[14:44:50] [Render thread/DEBUG] (FabricLoader/Mixin) mixins.iris.json:MixinLevelRenderer from mod iris->@Inject::iris$beginClouds(Lnet/minecraft/client/util/math/MatrixStack;FJZLnet/minecraft/client/render/Camera;Lnet/minecraft/client/render/GameRenderer;Lnet/minecraft/client/render/LightmapTextureManager;Lorg/joml/Matrix4f;Lorg/spongepowered/asm/mixin/injection/callback/CallbackInfo;)V doesn't use it's CallbackInfo
[14:44:50] [Render thread/DEBUG] (FabricLoader/Mixin) mixins.iris.json:MixinLevelRenderer from mod iris->@Inject::iris$beginClouds(Lnet/minecraft/client/util/math/MatrixStack;FJZLnet/minecraft/client/render/Camera;Lnet/minecraft/client/render/GameRenderer;Lnet/minecraft/client/render/LightmapTextureManager;Lorg/joml/Matrix4f;Lorg/spongepowered/asm/mixin/injection/callback/CallbackInfo;)V has 0 override(s) in child classes
[14:44:50] [Render thread/DEBUG] (FabricLoader/Mixin) mixins.iris.json:MixinLevelRenderer from mod iris->@Inject::iris$beginClouds(Lnet/minecraft/client/util/math/MatrixStack;FJZLnet/minecraft/client/render/Camera;Lnet/minecraft/client/render/GameRenderer;Lnet/minecraft/client/render/LightmapTextureManager;Lorg/joml/Matrix4f;Lorg/spongepowered/asm/mixin/injection/callback/CallbackInfo;)V won't be passed a CallbackInfo as a result
[14:44:50] [Render thread/DEBUG] (FabricLoader/Mixin) mixins.iris.json:MixinLevelRenderer from mod iris->@Inject::iris$endClouds(Lnet/minecraft/client/util/math/MatrixStack;FJZLnet/minecraft/client/render/Camera;Lnet/minecraft/client/render/GameRenderer;Lnet/minecraft/client/render/LightmapTextureManager;Lorg/joml/Matrix4f;Lorg/spongepowered/asm/mixin/injection/callback/CallbackInfo;)V doesn't use it's CallbackInfo
[14:44:50] [Render thread/DEBUG] (FabricLoader/Mixin) mixins.iris.json:MixinLevelRenderer from mod iris->@Inject::iris$endClouds(Lnet/minecraft/client/util/math/MatrixStack;FJZLnet/minecraft/client/render/Camera;Lnet/minecraft/client/render/GameRenderer;Lnet/minecraft/client/render/LightmapTextureManager;Lorg/joml/Matrix4f;Lorg/spongepowered/asm/mixin/injection/callback/CallbackInfo;)V has 0 override(s) in child classes
[14:44:50] [Render thread/DEBUG] (FabricLoader/Mixin) mixins.iris.json:MixinLevelRenderer from mod iris->@Inject::iris$endClouds(Lnet/minecraft/client/util/math/MatrixStack;FJZLnet/minecraft/client/render/Camera;Lnet/minecraft/client/render/GameRenderer;Lnet/minecraft/client/render/LightmapTextureManager;Lorg/joml/Matrix4f;Lorg/spongepowered/asm/mixin/injection/callback/CallbackInfo;)V won't be passed a CallbackInfo as a result
[14:44:50] [Render thread/DEBUG] (FabricLoader/Mixin) mixins.iris.json:MixinLevelRenderer from mod iris->@Inject::iris$endClouds(Lnet/minecraft/client/util/math/MatrixStack;FJZLnet/minecraft/client/render/Camera;Lnet/minecraft/client/render/GameRenderer;Lnet/minecraft/client/render/LightmapTextureManager;Lorg/joml/Matrix4f;Lorg/spongepowered/asm/mixin/injection/callback/CallbackInfo;)V doesn't use it's CallbackInfo
[14:44:50] [Render thread/DEBUG] (FabricLoader/Mixin) mixins.iris.json:MixinLevelRenderer from mod iris->@Inject::iris$endClouds(Lnet/minecraft/client/util/math/MatrixStack;FJZLnet/minecraft/client/render/Camera;Lnet/minecraft/client/render/GameRenderer;Lnet/minecraft/client/render/LightmapTextureManager;Lorg/joml/Matrix4f;Lorg/spongepowered/asm/mixin/injection/callback/CallbackInfo;)V has 0 override(s) in child classes
[14:44:50] [Render thread/DEBUG] (FabricLoader/Mixin) mixins.iris.json:MixinLevelRenderer from mod iris->@Inject::iris$endClouds(Lnet/minecraft/client/util/math/MatrixStack;FJZLnet/minecraft/client/render/Camera;Lnet/minecraft/client/render/GameRenderer;Lnet/minecraft/client/render/LightmapTextureManager;Lorg/joml/Matrix4f;Lorg/spongepowered/asm/mixin/injection/callback/CallbackInfo;)V won't be passed a CallbackInfo as a result
[14:44:50] [Render thread/DEBUG] (FabricLoader/Mixin) mixins.iris.json:MixinLevelRenderer from mod iris->@Inject::iris$beginTerrainLayer(Lnet/minecraft/client/render/RenderLayer;Lnet/minecraft/client/util/math/MatrixStack;DDDLorg/joml/Matrix4f;Lorg/spongepowered/asm/mixin/injection/callback/CallbackInfo;)V doesn't use it's CallbackInfo
[14:44:50] [Render thread/DEBUG] (FabricLoader/Mixin) mixins.iris.json:MixinLevelRenderer from mod iris->@Inject::iris$beginTerrainLayer(Lnet/minecraft/client/render/RenderLayer;Lnet/minecraft/client/util/math/MatrixStack;DDDLorg/joml/Matrix4f;Lorg/spongepowered/asm/mixin/injection/callback/CallbackInfo;)V has 0 override(s) in child classes
[14:44:50] [Render thread/DEBUG] (FabricLoader/Mixin) mixins.iris.json:MixinLevelRenderer from mod iris->@Inject::iris$beginTerrainLayer(Lnet/minecraft/client/render/RenderLayer;Lnet/minecraft/client/util/math/MatrixStack;DDDLorg/joml/Matrix4f;Lorg/spongepowered/asm/mixin/injection/callback/CallbackInfo;)V won't be passed a CallbackInfo as a result
[14:44:50] [Render thread/DEBUG] (FabricLoader/Mixin) mixins.iris.json:MixinLevelRenderer from mod iris->@Inject::iris$endTerrainLayer(Lnet/minecraft/client/render/RenderLayer;Lnet/minecraft/client/util/math/MatrixStack;DDDLorg/joml/Matrix4f;Lorg/spongepowered/asm/mixin/injection/callback/CallbackInfo;)V doesn't use it's CallbackInfo
[14:44:50] [Render thread/DEBUG] (FabricLoader/Mixin) mixins.iris.json:MixinLevelRenderer from mod iris->@Inject::iris$endTerrainLayer(Lnet/minecraft/client/render/RenderLayer;Lnet/minecraft/client/util/math/MatrixStack;DDDLorg/joml/Matrix4f;Lorg/spongepowered/asm/mixin/injection/callback/CallbackInfo;)V has 0 override(s) in child classes
[14:44:50] [Render thread/DEBUG] (FabricLoader/Mixin) mixins.iris.json:MixinLevelRenderer from mod iris->@Inject::iris$endTerrainLayer(Lnet/minecraft/client/render/RenderLayer;Lnet/minecraft/client/util/math/MatrixStack;DDDLorg/joml/Matrix4f;Lorg/spongepowered/asm/mixin/injection/callback/CallbackInfo;)V won't be passed a CallbackInfo as a result
[14:44:50] [Render thread/DEBUG] (FabricLoader/Mixin) mixins.iris.json:MixinLevelRenderer from mod iris->@Inject::iris$beginWeather(Lnet/minecraft/client/util/math/MatrixStack;FJZLnet/minecraft/client/render/Camera;Lnet/minecraft/client/render/GameRenderer;Lnet/minecraft/client/render/LightmapTextureManager;Lorg/joml/Matrix4f;Lorg/spongepowered/asm/mixin/injection/callback/CallbackInfo;)V doesn't use it's CallbackInfo
[14:44:50] [Render thread/DEBUG] (FabricLoader/Mixin) mixins.iris.json:MixinLevelRenderer from mod iris->@Inject::iris$beginWeather(Lnet/minecraft/client/util/math/MatrixStack;FJZLnet/minecraft/client/render/Camera;Lnet/minecraft/client/render/GameRenderer;Lnet/minecraft/client/render/LightmapTextureManager;Lorg/joml/Matrix4f;Lorg/spongepowered/asm/mixin/injection/callback/CallbackInfo;)V has 0 override(s) in child classes
[14:44:50] [Render thread/DEBUG] (FabricLoader/Mixin) mixins.iris.json:MixinLevelRenderer from mod iris->@Inject::iris$beginWeather(Lnet/minecraft/client/util/math/MatrixStack;FJZLnet/minecraft/client/render/Camera;Lnet/minecraft/client/render/GameRenderer;Lnet/minecraft/client/render/LightmapTextureManager;Lorg/joml/Matrix4f;Lorg/spongepowered/asm/mixin/injection/callback/CallbackInfo;)V won't be passed a CallbackInfo as a result
[14:44:50] [Render thread/DEBUG] (FabricLoader/Mixin) mixins.iris.json:MixinLevelRenderer from mod iris->@Inject::iris$beginWeather(Lnet/minecraft/client/util/math/MatrixStack;FJZLnet/minecraft/client/render/Camera;Lnet/minecraft/client/render/GameRenderer;Lnet/minecraft/client/render/LightmapTextureManager;Lorg/joml/Matrix4f;Lorg/spongepowered/asm/mixin/injection/callback/CallbackInfo;)V doesn't use it's CallbackInfo
[14:44:50] [Render thread/DEBUG] (FabricLoader/Mixin) mixins.iris.json:MixinLevelRenderer from mod iris->@Inject::iris$beginWeather(Lnet/minecraft/client/util/math/MatrixStack;FJZLnet/minecraft/client/render/Camera;Lnet/minecraft/client/render/GameRenderer;Lnet/minecraft/client/render/LightmapTextureManager;Lorg/joml/Matrix4f;Lorg/spongepowered/asm/mixin/injection/callback/CallbackInfo;)V has 0 override(s) in child classes
[14:44:50] [Render thread/DEBUG] (FabricLoader/Mixin) mixins.iris.json:MixinLevelRenderer from mod iris->@Inject::iris$beginWeather(Lnet/minecraft/client/util/math/MatrixStack;FJZLnet/minecraft/client/render/Camera;Lnet/minecraft/client/render/GameRenderer;Lnet/minecraft/client/render/LightmapTextureManager;Lorg/joml/Matrix4f;Lorg/spongepowered/asm/mixin/injection/callback/CallbackInfo;)V won't be passed a CallbackInfo as a result
[14:44:50] [Render thread/DEBUG] (FabricLoader/Mixin) mixins.iris.json:MixinLevelRenderer from mod iris->@Inject::iris$endWeather(Lnet/minecraft/client/util/math/MatrixStack;FJZLnet/minecraft/client/render/Camera;Lnet/minecraft/client/render/GameRenderer;Lnet/minecraft/client/render/LightmapTextureManager;Lorg/joml/Matrix4f;Lorg/spongepowered/asm/mixin/injection/callback/CallbackInfo;)V doesn't use it's CallbackInfo
[14:44:50] [Render thread/DEBUG] (FabricLoader/Mixin) mixins.iris.json:MixinLevelRenderer from mod iris->@Inject::iris$endWeather(Lnet/minecraft/client/util/math/MatrixStack;FJZLnet/minecraft/client/render/Camera;Lnet/minecraft/client/render/GameRenderer;Lnet/minecraft/client/render/LightmapTextureManager;Lorg/joml/Matrix4f;Lorg/spongepowered/asm/mixin/injection/callback/CallbackInfo;)V has 0 override(s) in child classes
[14:44:50] [Render thread/DEBUG] (FabricLoader/Mixin) mixins.iris.json:MixinLevelRenderer from mod iris->@Inject::iris$endWeather(Lnet/minecraft/client/util/math/MatrixStack;FJZLnet/minecraft/client/render/Camera;Lnet/minecraft/client/render/GameRenderer;Lnet/minecraft/client/render/LightmapTextureManager;Lorg/joml/Matrix4f;Lorg/spongepowered/asm/mixin/injection/callback/CallbackInfo;)V won't be passed a CallbackInfo as a result
[14:44:50] [Render thread/DEBUG] (FabricLoader/Mixin) mixins.iris.json:MixinLevelRenderer from mod iris->@Inject::iris$endWeather(Lnet/minecraft/client/util/math/MatrixStack;FJZLnet/minecraft/client/render/Camera;Lnet/minecraft/client/render/GameRenderer;Lnet/minecraft/client/render/LightmapTextureManager;Lorg/joml/Matrix4f;Lorg/spongepowered/asm/mixin/injection/callback/CallbackInfo;)V doesn't use it's CallbackInfo
[14:44:50] [Render thread/DEBUG] (FabricLoader/Mixin) mixins.iris.json:MixinLevelRenderer from mod iris->@Inject::iris$endWeather(Lnet/minecraft/client/util/math/MatrixStack;FJZLnet/minecraft/client/render/Camera;Lnet/minecraft/client/render/GameRenderer;Lnet/minecraft/client/render/LightmapTextureManager;Lorg/joml/Matrix4f;Lorg/spongepowered/asm/mixin/injection/callback/CallbackInfo;)V has 0 override(s) in child classes
[14:44:50] [Render thread/DEBUG] (FabricLoader/Mixin) mixins.iris.json:MixinLevelRenderer from mod iris->@Inject::iris$endWeather(Lnet/minecraft/client/util/math/MatrixStack;FJZLnet/minecraft/client/render/Camera;Lnet/minecraft/client/render/GameRenderer;Lnet/minecraft/client/render/LightmapTextureManager;Lorg/joml/Matrix4f;Lorg/spongepowered/asm/mixin/injection/callback/CallbackInfo;)V won't be passed a CallbackInfo as a result
[14:44:50] [Render thread/DEBUG] (FabricLoader/Mixin) mixins.iris.json:MixinLevelRenderer from mod iris->@Inject::iris$beginWorldBorder(Lnet/minecraft/client/util/math/MatrixStack;FJZLnet/minecraft/client/render/Camera;Lnet/minecraft/client/render/GameRenderer;Lnet/minecraft/client/render/LightmapTextureManager;Lorg/joml/Matrix4f;Lorg/spongepowered/asm/mixin/injection/callback/CallbackInfo;)V doesn't use it's CallbackInfo
[14:44:50] [Render thread/DEBUG] (FabricLoader/Mixin) mixins.iris.json:MixinLevelRenderer from mod iris->@Inject::iris$beginWorldBorder(Lnet/minecraft/client/util/math/MatrixStack;FJZLnet/minecraft/client/render/Camera;Lnet/minecraft/client/render/GameRenderer;Lnet/minecraft/client/render/LightmapTextureManager;Lorg/joml/Matrix4f;Lorg/spongepowered/asm/mixin/injection/callback/CallbackInfo;)V has 0 override(s) in child classes
[14:44:50] [Render thread/DEBUG] (FabricLoader/Mixin) mixins.iris.json:MixinLevelRenderer from mod iris->@Inject::iris$beginWorldBorder(Lnet/minecraft/client/util/math/MatrixStack;FJZLnet/minecraft/client/render/Camera;Lnet/minecraft/client/render/GameRenderer;Lnet/minecraft/client/render/LightmapTextureManager;Lorg/joml/Matrix4f;Lorg/spongepowered/asm/mixin/injection/callback/CallbackInfo;)V won't be passed a CallbackInfo as a result
[14:44:50] [Render thread/DEBUG] (FabricLoader/Mixin) mixins.iris.json:MixinLevelRenderer from mod iris->@Inject::iris$beginWorldBorder(Lnet/minecraft/client/util/math/MatrixStack;FJZLnet/minecraft/client/render/Camera;Lnet/minecraft/client/render/GameRenderer;Lnet/minecraft/client/render/LightmapTextureManager;Lorg/joml/Matrix4f;Lorg/spongepowered/asm/mixin/injection/callback/CallbackInfo;)V doesn't use it's CallbackInfo
[14:44:50] [Render thread/DEBUG] (FabricLoader/Mixin) mixins.iris.json:MixinLevelRenderer from mod iris->@Inject::iris$beginWorldBorder(Lnet/minecraft/client/util/math/MatrixStack;FJZLnet/minecraft/client/render/Camera;Lnet/minecraft/client/render/GameRenderer;Lnet/minecraft/client/render/LightmapTextureManager;Lorg/joml/Matrix4f;Lorg/spongepowered/asm/mixin/injection/callback/CallbackInfo;)V has 0 override(s) in child classes
[14:44:50] [Render thread/DEBUG] (FabricLoader/Mixin) mixins.iris.json:MixinLevelRenderer from mod iris->@Inject::iris$beginWorldBorder(Lnet/minecraft/client/util/math/MatrixStack;FJZLnet/minecraft/client/render/Camera;Lnet/minecraft/client/render/GameRenderer;Lnet/minecraft/client/render/LightmapTextureManager;Lorg/joml/Matrix4f;Lorg/spongepowered/asm/mixin/injection/callback/CallbackInfo;)V won't be passed a CallbackInfo as a result
[14:44:50] [Render thread/DEBUG] (FabricLoader/Mixin) mixins.iris.json:MixinLevelRenderer from mod iris->@Inject::iris$endWorldBorder(Lnet/minecraft/client/util/math/MatrixStack;FJZLnet/minecraft/client/render/Camera;Lnet/minecraft/client/render/GameRenderer;Lnet/minecraft/client/render/LightmapTextureManager;Lorg/joml/Matrix4f;Lorg/spongepowered/asm/mixin/injection/callback/CallbackInfo;)V doesn't use it's CallbackInfo
[14:44:50] [Render thread/DEBUG] (FabricLoader/Mixin) mixins.iris.json:MixinLevelRenderer from mod iris->@Inject::iris$endWorldBorder(Lnet/minecraft/client/util/math/MatrixStack;FJZLnet/minecraft/client/render/Camera;Lnet/minecraft/client/render/GameRenderer;Lnet/minecraft/client/render/LightmapTextureManager;Lorg/joml/Matrix4f;Lorg/spongepowered/asm/mixin/injection/callback/CallbackInfo;)V has 0 override(s) in child classes
[14:44:50] [Render thread/DEBUG] (FabricLoader/Mixin) mixins.iris.json:MixinLevelRenderer from mod iris->@Inject::iris$endWorldBorder(Lnet/minecraft/client/util/math/MatrixStack;FJZLnet/minecraft/client/render/Camera;Lnet/minecraft/client/render/GameRenderer;Lnet/minecraft/client/render/LightmapTextureManager;Lorg/joml/Matrix4f;Lorg/spongepowered/asm/mixin/injection/callback/CallbackInfo;)V won't be passed a CallbackInfo as a result
[14:44:50] [Render thread/DEBUG] (FabricLoader/Mixin) mixins.iris.json:MixinLevelRenderer from mod iris->@Inject::iris$endWorldBorder(Lnet/minecraft/client/util/math/MatrixStack;FJZLnet/minecraft/client/render/Camera;Lnet/minecraft/client/render/GameRenderer;Lnet/minecraft/client/render/LightmapTextureManager;Lorg/joml/Matrix4f;Lorg/spongepowered/asm/mixin/injection/callback/CallbackInfo;)V doesn't use it's CallbackInfo
[14:44:50] [Render thread/DEBUG] (FabricLoader/Mixin) mixins.iris.json:MixinLevelRenderer from mod iris->@Inject::iris$endWorldBorder(Lnet/minecraft/client/util/math/MatrixStack;FJZLnet/minecraft/client/render/Camera;Lnet/minecraft/client/render/GameRenderer;Lnet/minecraft/client/render/LightmapTextureManager;Lorg/joml/Matrix4f;Lorg/spongepowered/asm/mixin/injection/callback/CallbackInfo;)V has 0 override(s) in child classes
[14:44:50] [Render thread/DEBUG] (FabricLoader/Mixin) mixins.iris.json:MixinLevelRenderer from mod iris->@Inject::iris$endWorldBorder(Lnet/minecraft/client/util/math/MatrixStack;FJZLnet/minecraft/client/render/Camera;Lnet/minecraft/client/render/GameRenderer;Lnet/minecraft/client/render/LightmapTextureManager;Lorg/joml/Matrix4f;Lorg/spongepowered/asm/mixin/injection/callback/CallbackInfo;)V won't be passed a CallbackInfo as a result
[14:44:50] [Render thread/DEBUG] (FabricLoader/Mixin) mixins.iris.json:MixinLevelRenderer from mod iris->@Inject::iris$setDebugRenderStage(Lnet/minecraft/client/util/math/MatrixStack;FJZLnet/minecraft/client/render/Camera;Lnet/minecraft/client/render/GameRenderer;Lnet/minecraft/client/render/LightmapTextureManager;Lorg/joml/Matrix4f;Lorg/spongepowered/asm/mixin/injection/callback/CallbackInfo;)V doesn't use it's CallbackInfo
[14:44:50] [Render thread/DEBUG] (FabricLoader/Mixin) mixins.iris.json:MixinLevelRenderer from mod iris->@Inject::iris$setDebugRenderStage(Lnet/minecraft/client/util/math/MatrixStack;FJZLnet/minecraft/client/render/Camera;Lnet/minecraft/client/render/GameRenderer;Lnet/minecraft/client/render/LightmapTextureManager;Lorg/joml/Matrix4f;Lorg/spongepowered/asm/mixin/injection/callback/CallbackInfo;)V has 0 override(s) in child classes
[14:44:50] [Render thread/DEBUG] (FabricLoader/Mixin) mixins.iris.json:MixinLevelRenderer from mod iris->@Inject::iris$setDebugRenderStage(Lnet/minecraft/client/util/math/MatrixStack;FJZLnet/minecraft/client/render/Camera;Lnet/minecraft/client/render/GameRenderer;Lnet/minecraft/client/render/LightmapTextureManager;Lorg/joml/Matrix4f;Lorg/spongepowered/asm/mixin/injection/callback/CallbackInfo;)V won't be passed a CallbackInfo as a result
[14:44:50] [Render thread/DEBUG] (FabricLoader/Mixin) mixins.iris.json:MixinLevelRenderer from mod iris->@Inject::iris$resetDebugRenderStage(Lnet/minecraft/client/util/math/MatrixStack;FJZLnet/minecraft/client/render/Camera;Lnet/minecraft/client/render/GameRenderer;Lnet/minecraft/client/render/LightmapTextureManager;Lorg/joml/Matrix4f;Lorg/spongepowered/asm/mixin/injection/callback/CallbackInfo;)V doesn't use it's CallbackInfo
[14:44:50] [Render thread/DEBUG] (FabricLoader/Mixin) mixins.iris.json:MixinLevelRenderer from mod iris->@Inject::iris$resetDebugRenderStage(Lnet/minecraft/client/util/math/MatrixStack;FJZLnet/minecraft/client/render/Camera;Lnet/minecraft/client/render/GameRenderer;Lnet/minecraft/client/render/LightmapTextureManager;Lorg/joml/Matrix4f;Lorg/spongepowered/asm/mixin/injection/callback/CallbackInfo;)V has 0 override(s) in child classes
[14:44:50] [Render thread/DEBUG] (FabricLoader/Mixin) mixins.iris.json:MixinLevelRenderer from mod iris->@Inject::iris$resetDebugRenderStage(Lnet/minecraft/client/util/math/MatrixStack;FJZLnet/minecraft/client/render/Camera;Lnet/minecraft/client/render/GameRenderer;Lnet/minecraft/client/render/LightmapTextureManager;Lorg/joml/Matrix4f;Lorg/spongepowered/asm/mixin/injection/callback/CallbackInfo;)V won't be passed a CallbackInfo as a result
[14:44:50] [Render thread/DEBUG] (FabricLoader/Mixin) mixins.iris.json:MixinLevelRenderer from mod iris->@Inject::iris$beginTranslucents(Lnet/minecraft/client/util/math/MatrixStack;FJZLnet/minecraft/client/render/Camera;Lnet/minecraft/client/render/GameRenderer;Lnet/minecraft/client/render/LightmapTextureManager;Lorg/joml/Matrix4f;Lorg/spongepowered/asm/mixin/injection/callback/CallbackInfo;)V doesn't use it's CallbackInfo
[14:44:50] [Render thread/DEBUG] (FabricLoader/Mixin) mixins.iris.json:MixinLevelRenderer from mod iris->@Inject::iris$beginTranslucents(Lnet/minecraft/client/util/math/MatrixStack;FJZLnet/minecraft/client/render/Camera;Lnet/minecraft/client/render/GameRenderer;Lnet/minecraft/client/render/LightmapTextureManager;Lorg/joml/Matrix4f;Lorg/spongepowered/asm/mixin/injection/callback/CallbackInfo;)V has 0 override(s) in child classes
[14:44:50] [Render thread/DEBUG] (FabricLoader/Mixin) mixins.iris.json:MixinLevelRenderer from mod iris->@Inject::iris$beginTranslucents(Lnet/minecraft/client/util/math/MatrixStack;FJZLnet/minecraft/client/render/Camera;Lnet/minecraft/client/render/GameRenderer;Lnet/minecraft/client/render/LightmapTextureManager;Lorg/joml/Matrix4f;Lorg/spongepowered/asm/mixin/injection/callback/CallbackInfo;)V won't be passed a CallbackInfo as a result
[14:44:50] [Render thread/DEBUG] (FabricLoader/Mixin) mixins.iris.json:MixinLevelRenderer from mod iris->@Inject::iris$beginTranslucents(Lnet/minecraft/client/util/math/MatrixStack;FJZLnet/minecraft/client/render/Camera;Lnet/minecraft/client/render/GameRenderer;Lnet/minecraft/client/render/LightmapTextureManager;Lorg/joml/Matrix4f;Lorg/spongepowered/asm/mixin/injection/callback/CallbackInfo;)V doesn't use it's CallbackInfo
[14:44:50] [Render thread/DEBUG] (FabricLoader/Mixin) mixins.iris.json:MixinLevelRenderer from mod iris->@Inject::iris$beginTranslucents(Lnet/minecraft/client/util/math/MatrixStack;FJZLnet/minecraft/client/render/Camera;Lnet/minecraft/client/render/GameRenderer;Lnet/minecraft/client/render/LightmapTextureManager;Lorg/joml/Matrix4f;Lorg/spongepowered/asm/mixin/injection/callback/CallbackInfo;)V has 0 override(s) in child classes
[14:44:50] [Render thread/DEBUG] (FabricLoader/Mixin) mixins.iris.json:MixinLevelRenderer from mod iris->@Inject::iris$beginTranslucents(Lnet/minecraft/client/util/math/MatrixStack;FJZLnet/minecraft/client/render/Camera;Lnet/minecraft/client/render/GameRenderer;Lnet/minecraft/client/render/LightmapTextureManager;Lorg/joml/Matrix4f;Lorg/spongepowered/asm/mixin/injection/callback/CallbackInfo;)V won't be passed a CallbackInfo as a result
[14:44:50] [Render thread/DEBUG] (FabricLoader/Mixin) mixins.iris.json:fabulous.MixinDisableFabulousGraphics from mod iris->@Inject::iris$disableFabulousGraphicsOnResourceReload(Lorg/spongepowered/asm/mixin/injection/callback/CallbackInfo;)V doesn't use it's CallbackInfo
[14:44:50] [Render thread/DEBUG] (FabricLoader/Mixin) mixins.iris.json:fabulous.MixinDisableFabulousGraphics from mod iris->@Inject::iris$disableFabulousGraphicsOnResourceReload(Lorg/spongepowered/asm/mixin/injection/callback/CallbackInfo;)V has 0 override(s) in child classes
[14:44:50] [Render thread/DEBUG] (FabricLoader/Mixin) mixins.iris.json:fabulous.MixinDisableFabulousGraphics from mod iris->@Inject::iris$disableFabulousGraphicsOnResourceReload(Lorg/spongepowered/asm/mixin/injection/callback/CallbackInfo;)V won't be passed a CallbackInfo as a result
[14:44:50] [Render thread/DEBUG] (FabricLoader/Mixin) mixins.iris.json:fabulous.MixinDisableFabulousGraphics from mod iris->@Inject::iris$disableFabulousGraphicsOnLevelRendererReload(Lorg/spongepowered/asm/mixin/injection/callback/CallbackInfo;)V doesn't use it's CallbackInfo
[14:44:50] [Render thread/DEBUG] (FabricLoader/Mixin) mixins.iris.json:fabulous.MixinDisableFabulousGraphics from mod iris->@Inject::iris$disableFabulousGraphicsOnLevelRendererReload(Lorg/spongepowered/asm/mixin/injection/callback/CallbackInfo;)V has 0 override(s) in child classes
[14:44:50] [Render thread/DEBUG] (FabricLoader/Mixin) mixins.iris.json:fabulous.MixinDisableFabulousGraphics from mod iris->@Inject::iris$disableFabulousGraphicsOnLevelRendererReload(Lorg/spongepowered/asm/mixin/injection/callback/CallbackInfo;)V won't be passed a CallbackInfo as a result
[14:44:50] [Render thread/DEBUG] (FabricLoader/Mixin) mixins.iris.json:sky.MixinLevelRenderer_SunMoonToggle from mod iris->@Inject::iris$beforeDrawSun(Lnet/minecraft/client/util/math/MatrixStack;Lorg/joml/Matrix4f;FLnet/minecraft/client/render/Camera;ZLjava/lang/Runnable;Lorg/spongepowered/asm/mixin/injection/callback/CallbackInfo;)V doesn't use it's CallbackInfo
[14:44:50] [Render thread/DEBUG] (FabricLoader/Mixin) mixins.iris.json:sky.MixinLevelRenderer_SunMoonToggle from mod iris->@Inject::iris$beforeDrawSun(Lnet/minecraft/client/util/math/MatrixStack;Lorg/joml/Matrix4f;FLnet/minecraft/client/render/Camera;ZLjava/lang/Runnable;Lorg/spongepowered/asm/mixin/injection/callback/CallbackInfo;)V has 0 override(s) in child classes
[14:44:50] [Render thread/DEBUG] (FabricLoader/Mixin) mixins.iris.json:sky.MixinLevelRenderer_SunMoonToggle from mod iris->@Inject::iris$beforeDrawSun(Lnet/minecraft/client/util/math/MatrixStack;Lorg/joml/Matrix4f;FLnet/minecraft/client/render/Camera;ZLjava/lang/Runnable;Lorg/spongepowered/asm/mixin/injection/callback/CallbackInfo;)V won't be passed a CallbackInfo as a result
[14:44:50] [Render thread/DEBUG] (FabricLoader/Mixin) mixins.iris.json:sky.MixinLevelRenderer_SunMoonToggle from mod iris->@Inject::iris$beforeDrawMoon(Lnet/minecraft/client/util/math/MatrixStack;Lorg/joml/Matrix4f;FLnet/minecraft/client/render/Camera;ZLjava/lang/Runnable;Lorg/spongepowered/asm/mixin/injection/callback/CallbackInfo;)V doesn't use it's CallbackInfo
[14:44:50] [Render thread/DEBUG] (FabricLoader/Mixin) mixins.iris.json:sky.MixinLevelRenderer_SunMoonToggle from mod iris->@Inject::iris$beforeDrawMoon(Lnet/minecraft/client/util/math/MatrixStack;Lorg/joml/Matrix4f;FLnet/minecraft/client/render/Camera;ZLjava/lang/Runnable;Lorg/spongepowered/asm/mixin/injection/callback/CallbackInfo;)V has 0 override(s) in child classes
[14:44:50] [Render thread/DEBUG] (FabricLoader/Mixin) mixins.iris.json:sky.MixinLevelRenderer_SunMoonToggle from mod iris->@Inject::iris$beforeDrawMoon(Lnet/minecraft/client/util/math/MatrixStack;Lorg/joml/Matrix4f;FLnet/minecraft/client/render/Camera;ZLjava/lang/Runnable;Lorg/spongepowered/asm/mixin/injection/callback/CallbackInfo;)V won't be passed a CallbackInfo as a result
[14:44:50] [Render thread/DEBUG] (FabricLoader/Mixin) mixins.iris.fantastic.json:MixinLevelRenderer from mod iris->@Inject::iris$resetParticleManagerPhase(Lnet/minecraft/client/util/math/MatrixStack;FJZLnet/minecraft/client/render/Camera;Lnet/minecraft/client/render/GameRenderer;Lnet/minecraft/client/render/LightmapTextureManager;Lorg/joml/Matrix4f;Lorg/spongepowered/asm/mixin/injection/callback/CallbackInfo;)V doesn't use it's CallbackInfo
[14:44:50] [Render thread/DEBUG] (FabricLoader/Mixin) mixins.iris.fantastic.json:MixinLevelRenderer from mod iris->@Inject::iris$resetParticleManagerPhase(Lnet/minecraft/client/util/math/MatrixStack;FJZLnet/minecraft/client/render/Camera;Lnet/minecraft/client/render/GameRenderer;Lnet/minecraft/client/render/LightmapTextureManager;Lorg/joml/Matrix4f;Lorg/spongepowered/asm/mixin/injection/callback/CallbackInfo;)V has 0 override(s) in child classes
[14:44:50] [Render thread/DEBUG] (FabricLoader/Mixin) mixins.iris.fantastic.json:MixinLevelRenderer from mod iris->@Inject::iris$resetParticleManagerPhase(Lnet/minecraft/client/util/math/MatrixStack;FJZLnet/minecraft/client/render/Camera;Lnet/minecraft/client/render/GameRenderer;Lnet/minecraft/client/render/LightmapTextureManager;Lorg/joml/Matrix4f;Lorg/spongepowered/asm/mixin/injection/callback/CallbackInfo;)V won't be passed a CallbackInfo as a result
[14:44:50] [Render thread/DEBUG] (FabricLoader/Mixin) mixins.iris.fantastic.json:MixinLevelRenderer from mod iris->@Inject::iris$renderOpaqueParticles(Lnet/minecraft/client/util/math/MatrixStack;FJZLnet/minecraft/client/render/Camera;Lnet/minecraft/client/render/GameRenderer;Lnet/minecraft/client/render/LightmapTextureManager;Lorg/joml/Matrix4f;Lorg/spongepowered/asm/mixin/injection/callback/CallbackInfo;)V doesn't use it's CallbackInfo
[14:44:50] [Render thread/DEBUG] (FabricLoader/Mixin) mixins.iris.fantastic.json:MixinLevelRenderer from mod iris->@Inject::iris$renderOpaqueParticles(Lnet/minecraft/client/util/math/MatrixStack;FJZLnet/minecraft/client/render/Camera;Lnet/minecraft/client/render/GameRenderer;Lnet/minecraft/client/render/LightmapTextureManager;Lorg/joml/Matrix4f;Lorg/spongepowered/asm/mixin/injection/callback/CallbackInfo;)V has 0 override(s) in child classes
[14:44:50] [Render thread/DEBUG] (FabricLoader/Mixin) mixins.iris.fantastic.json:MixinLevelRenderer from mod iris->@Inject::iris$renderOpaqueParticles(Lnet/minecraft/client/util/math/MatrixStack;FJZLnet/minecraft/client/render/Camera;Lnet/minecraft/client/render/GameRenderer;Lnet/minecraft/client/render/LightmapTextureManager;Lorg/joml/Matrix4f;Lorg/spongepowered/asm/mixin/injection/callback/CallbackInfo;)V won't be passed a CallbackInfo as a result
[14:44:50] [Render thread/DEBUG] (FabricLoader/Mixin) mixins.iris.compat.sodium.json:sky.MixinLevelRenderer from mod iris->@Inject::preRenderSky(Lnet/minecraft/client/util/math/MatrixStack;Lorg/joml/Matrix4f;FLnet/minecraft/client/render/Camera;ZLjava/lang/Runnable;Lorg/spongepowered/asm/mixin/injection/callback/CallbackInfo;)V does use it's CallbackInfo
[14:44:50] [Render thread/DEBUG] (FabricLoader/Mixin) fabric-rendering-v1.mixins.json:WorldRendererMixin from mod fabric-rendering-v1->@Inject::beforeRender(Lnet/minecraft/client/util/math/MatrixStack;FJZLnet/minecraft/client/render/Camera;Lnet/minecraft/client/render/GameRenderer;Lnet/minecraft/client/render/LightmapTextureManager;Lorg/joml/Matrix4f;Lorg/spongepowered/asm/mixin/injection/callback/CallbackInfo;)V doesn't use it's CallbackInfo
[14:44:50] [Render thread/DEBUG] (FabricLoader/Mixin) fabric-rendering-v1.mixins.json:WorldRendererMixin from mod fabric-rendering-v1->@Inject::beforeRender(Lnet/minecraft/client/util/math/MatrixStack;FJZLnet/minecraft/client/render/Camera;Lnet/minecraft/client/render/GameRenderer;Lnet/minecraft/client/render/LightmapTextureManager;Lorg/joml/Matrix4f;Lorg/spongepowered/asm/mixin/injection/callback/CallbackInfo;)V has 0 override(s) in child classes
[14:44:50] [Render thread/DEBUG] (FabricLoader/Mixin) fabric-rendering-v1.mixins.json:WorldRendererMixin from mod fabric-rendering-v1->@Inject::beforeRender(Lnet/minecraft/client/util/math/MatrixStack;FJZLnet/minecraft/client/render/Camera;Lnet/minecraft/client/render/GameRenderer;Lnet/minecraft/client/render/LightmapTextureManager;Lorg/joml/Matrix4f;Lorg/spongepowered/asm/mixin/injection/callback/CallbackInfo;)V won't be passed a CallbackInfo as a result
[14:44:50] [Render thread/DEBUG] (FabricLoader/Mixin) fabric-rendering-v1.mixins.json:WorldRendererMixin from mod fabric-rendering-v1->@Inject::afterTerrainSetup(Lnet/minecraft/client/render/Camera;Lnet/minecraft/client/render/Frustum;ZZLorg/spongepowered/asm/mixin/injection/callback/CallbackInfo;)V doesn't use it's CallbackInfo
[14:44:50] [Render thread/DEBUG] (FabricLoader/Mixin) fabric-rendering-v1.mixins.json:WorldRendererMixin from mod fabric-rendering-v1->@Inject::afterTerrainSetup(Lnet/minecraft/client/render/Camera;Lnet/minecraft/client/render/Frustum;ZZLorg/spongepowered/asm/mixin/injection/callback/CallbackInfo;)V has 0 override(s) in child classes
[14:44:50] [Render thread/DEBUG] (FabricLoader/Mixin) fabric-rendering-v1.mixins.json:WorldRendererMixin from mod fabric-rendering-v1->@Inject::afterTerrainSetup(Lnet/minecraft/client/render/Camera;Lnet/minecraft/client/render/Frustum;ZZLorg/spongepowered/asm/mixin/injection/callback/CallbackInfo;)V won't be passed a CallbackInfo as a result
[14:44:50] [Render thread/DEBUG] (FabricLoader/Mixin) fabric-rendering-v1.mixins.json:WorldRendererMixin from mod fabric-rendering-v1->@Inject::afterTerrainSolid(Lorg/spongepowered/asm/mixin/injection/callback/CallbackInfo;)V doesn't use it's CallbackInfo
[14:44:50] [Render thread/DEBUG] (FabricLoader/Mixin) fabric-rendering-v1.mixins.json:WorldRendererMixin from mod fabric-rendering-v1->@Inject::afterTerrainSolid(Lorg/spongepowered/asm/mixin/injection/callback/CallbackInfo;)V has 0 override(s) in child classes
[14:44:50] [Render thread/DEBUG] (FabricLoader/Mixin) fabric-rendering-v1.mixins.json:WorldRendererMixin from mod fabric-rendering-v1->@Inject::afterTerrainSolid(Lorg/spongepowered/asm/mixin/injection/callback/CallbackInfo;)V won't be passed a CallbackInfo as a result
[14:44:50] [Render thread/DEBUG] (FabricLoader/Mixin) fabric-rendering-v1.mixins.json:WorldRendererMixin from mod fabric-rendering-v1->@Inject::afterEntities(Lorg/spongepowered/asm/mixin/injection/callback/CallbackInfo;)V doesn't use it's CallbackInfo
[14:44:50] [Render thread/DEBUG] (FabricLoader/Mixin) fabric-rendering-v1.mixins.json:WorldRendererMixin from mod fabric-rendering-v1->@Inject::afterEntities(Lorg/spongepowered/asm/mixin/injection/callback/CallbackInfo;)V has 0 override(s) in child classes
[14:44:50] [Render thread/DEBUG] (FabricLoader/Mixin) fabric-rendering-v1.mixins.json:WorldRendererMixin from mod fabric-rendering-v1->@Inject::afterEntities(Lorg/spongepowered/asm/mixin/injection/callback/CallbackInfo;)V won't be passed a CallbackInfo as a result
[14:44:50] [Render thread/DEBUG] (FabricLoader/Mixin) fabric-rendering-v1.mixins.json:WorldRendererMixin from mod fabric-rendering-v1->@Inject::beforeRenderOutline(Lorg/spongepowered/asm/mixin/injection/callback/CallbackInfo;)V doesn't use it's CallbackInfo
[14:44:50] [Render thread/DEBUG] (FabricLoader/Mixin) fabric-rendering-v1.mixins.json:WorldRendererMixin from mod fabric-rendering-v1->@Inject::beforeRenderOutline(Lorg/spongepowered/asm/mixin/injection/callback/CallbackInfo;)V has 0 override(s) in child classes
[14:44:50] [Render thread/DEBUG] (FabricLoader/Mixin) fabric-rendering-v1.mixins.json:WorldRendererMixin from mod fabric-rendering-v1->@Inject::beforeRenderOutline(Lorg/spongepowered/asm/mixin/injection/callback/CallbackInfo;)V won't be passed a CallbackInfo as a result
[14:44:50] [Render thread/DEBUG] (FabricLoader/Mixin) fabric-rendering-v1.mixins.json:WorldRendererMixin from mod fabric-rendering-v1->@Inject::onDrawBlockOutline(Lnet/minecraft/client/util/math/MatrixStack;Lnet/minecraft/client/render/VertexConsumer;Lnet/minecraft/entity/Entity;DDDLnet/minecraft/util/math/BlockPos;Lnet/minecraft/block/BlockState;Lorg/spongepowered/asm/mixin/injection/callback/CallbackInfo;)V does use it's CallbackInfo
[14:44:50] [Render thread/DEBUG] (FabricLoader/Mixin) fabric-rendering-v1.mixins.json:WorldRendererMixin from mod fabric-rendering-v1->@Inject::beforeDebugRender(Lorg/spongepowered/asm/mixin/injection/callback/CallbackInfo;)V doesn't use it's CallbackInfo
[14:44:50] [Render thread/DEBUG] (FabricLoader/Mixin) fabric-rendering-v1.mixins.json:WorldRendererMixin from mod fabric-rendering-v1->@Inject::beforeDebugRender(Lorg/spongepowered/asm/mixin/injection/callback/CallbackInfo;)V has 0 override(s) in child classes
[14:44:50] [Render thread/DEBUG] (FabricLoader/Mixin) fabric-rendering-v1.mixins.json:WorldRendererMixin from mod fabric-rendering-v1->@Inject::beforeDebugRender(Lorg/spongepowered/asm/mixin/injection/callback/CallbackInfo;)V won't be passed a CallbackInfo as a result
[14:44:50] [Render thread/DEBUG] (FabricLoader/Mixin) fabric-rendering-v1.mixins.json:WorldRendererMixin from mod fabric-rendering-v1->@Inject::onRenderParticles(Lorg/spongepowered/asm/mixin/injection/callback/CallbackInfo;)V doesn't use it's CallbackInfo
[14:44:50] [Render thread/DEBUG] (FabricLoader/Mixin) fabric-rendering-v1.mixins.json:WorldRendererMixin from mod fabric-rendering-v1->@Inject::onRenderParticles(Lorg/spongepowered/asm/mixin/injection/callback/CallbackInfo;)V has 0 override(s) in child classes
[14:44:50] [Render thread/DEBUG] (FabricLoader/Mixin) fabric-rendering-v1.mixins.json:WorldRendererMixin from mod fabric-rendering-v1->@Inject::onRenderParticles(Lorg/spongepowered/asm/mixin/injection/callback/CallbackInfo;)V won't be passed a CallbackInfo as a result
[14:44:50] [Render thread/DEBUG] (FabricLoader/Mixin) fabric-rendering-v1.mixins.json:WorldRendererMixin from mod fabric-rendering-v1->@Inject::onRenderParticles(Lorg/spongepowered/asm/mixin/injection/callback/CallbackInfo;)V doesn't use it's CallbackInfo
[14:44:50] [Render thread/DEBUG] (FabricLoader/Mixin) fabric-rendering-v1.mixins.json:WorldRendererMixin from mod fabric-rendering-v1->@Inject::onRenderParticles(Lorg/spongepowered/asm/mixin/injection/callback/CallbackInfo;)V has 0 override(s) in child classes
[14:44:50] [Render thread/DEBUG] (FabricLoader/Mixin) fabric-rendering-v1.mixins.json:WorldRendererMixin from mod fabric-rendering-v1->@Inject::onRenderParticles(Lorg/spongepowered/asm/mixin/injection/callback/CallbackInfo;)V won't be passed a CallbackInfo as a result
[14:44:50] [Render thread/DEBUG] (FabricLoader/Mixin) fabric-rendering-v1.mixins.json:WorldRendererMixin from mod fabric-rendering-v1->@Inject::beforeClouds(Lorg/spongepowered/asm/mixin/injection/callback/CallbackInfo;)V doesn't use it's CallbackInfo
[14:44:50] [Render thread/DEBUG] (FabricLoader/Mixin) fabric-rendering-v1.mixins.json:WorldRendererMixin from mod fabric-rendering-v1->@Inject::beforeClouds(Lorg/spongepowered/asm/mixin/injection/callback/CallbackInfo;)V has 0 override(s) in child classes
[14:44:50] [Render thread/DEBUG] (FabricLoader/Mixin) fabric-rendering-v1.mixins.json:WorldRendererMixin from mod fabric-rendering-v1->@Inject::beforeClouds(Lorg/spongepowered/asm/mixin/injection/callback/CallbackInfo;)V won't be passed a CallbackInfo as a result
[14:44:50] [Render thread/DEBUG] (FabricLoader/Mixin) fabric-rendering-v1.mixins.json:WorldRendererMixin from mod fabric-rendering-v1->@Inject::beforeClouds(Lorg/spongepowered/asm/mixin/injection/callback/CallbackInfo;)V doesn't use it's CallbackInfo
[14:44:50] [Render thread/DEBUG] (FabricLoader/Mixin) fabric-rendering-v1.mixins.json:WorldRendererMixin from mod fabric-rendering-v1->@Inject::beforeClouds(Lorg/spongepowered/asm/mixin/injection/callback/CallbackInfo;)V has 0 override(s) in child classes
[14:44:50] [Render thread/DEBUG] (FabricLoader/Mixin) fabric-rendering-v1.mixins.json:WorldRendererMixin from mod fabric-rendering-v1->@Inject::beforeClouds(Lorg/spongepowered/asm/mixin/injection/callback/CallbackInfo;)V won't be passed a CallbackInfo as a result
[14:44:50] [Render thread/DEBUG] (FabricLoader/Mixin) fabric-rendering-v1.mixins.json:WorldRendererMixin from mod fabric-rendering-v1->@Inject::beforeClouds(Lorg/spongepowered/asm/mixin/injection/callback/CallbackInfo;)V doesn't use it's CallbackInfo
[14:44:50] [Render thread/DEBUG] (FabricLoader/Mixin) fabric-rendering-v1.mixins.json:WorldRendererMixin from mod fabric-rendering-v1->@Inject::beforeClouds(Lorg/spongepowered/asm/mixin/injection/callback/CallbackInfo;)V has 0 override(s) in child classes
[14:44:50] [Render thread/DEBUG] (FabricLoader/Mixin) fabric-rendering-v1.mixins.json:WorldRendererMixin from mod fabric-rendering-v1->@Inject::beforeClouds(Lorg/spongepowered/asm/mixin/injection/callback/CallbackInfo;)V won't be passed a CallbackInfo as a result
[14:44:50] [Render thread/DEBUG] (FabricLoader/Mixin) fabric-rendering-v1.mixins.json:WorldRendererMixin from mod fabric-rendering-v1->@Inject::beforeClouds(Lorg/spongepowered/asm/mixin/injection/callback/CallbackInfo;)V doesn't use it's CallbackInfo
[14:44:50] [Render thread/DEBUG] (FabricLoader/Mixin) fabric-rendering-v1.mixins.json:WorldRendererMixin from mod fabric-rendering-v1->@Inject::beforeClouds(Lorg/spongepowered/asm/mixin/injection/callback/CallbackInfo;)V has 0 override(s) in child classes
[14:44:50] [Render thread/DEBUG] (FabricLoader/Mixin) fabric-rendering-v1.mixins.json:WorldRendererMixin from mod fabric-rendering-v1->@Inject::beforeClouds(Lorg/spongepowered/asm/mixin/injection/callback/CallbackInfo;)V won't be passed a CallbackInfo as a result
[14:44:50] [Render thread/DEBUG] (FabricLoader/Mixin) fabric-rendering-v1.mixins.json:WorldRendererMixin from mod fabric-rendering-v1->@Inject::onChunkDebugRender(Lorg/spongepowered/asm/mixin/injection/callback/CallbackInfo;)V doesn't use it's CallbackInfo
[14:44:50] [Render thread/DEBUG] (FabricLoader/Mixin) fabric-rendering-v1.mixins.json:WorldRendererMixin from mod fabric-rendering-v1->@Inject::onChunkDebugRender(Lorg/spongepowered/asm/mixin/injection/callback/CallbackInfo;)V has 0 override(s) in child classes
[14:44:50] [Render thread/DEBUG] (FabricLoader/Mixin) fabric-rendering-v1.mixins.json:WorldRendererMixin from mod fabric-rendering-v1->@Inject::onChunkDebugRender(Lorg/spongepowered/asm/mixin/injection/callback/CallbackInfo;)V won't be passed a CallbackInfo as a result
[14:44:50] [Render thread/DEBUG] (FabricLoader/Mixin) fabric-rendering-v1.mixins.json:WorldRendererMixin from mod fabric-rendering-v1->@Inject::afterRender(Lorg/spongepowered/asm/mixin/injection/callback/CallbackInfo;)V doesn't use it's CallbackInfo
[14:44:50] [Render thread/DEBUG] (FabricLoader/Mixin) fabric-rendering-v1.mixins.json:WorldRendererMixin from mod fabric-rendering-v1->@Inject::afterRender(Lorg/spongepowered/asm/mixin/injection/callback/CallbackInfo;)V has 0 override(s) in child classes
[14:44:50] [Render thread/DEBUG] (FabricLoader/Mixin) fabric-rendering-v1.mixins.json:WorldRendererMixin from mod fabric-rendering-v1->@Inject::afterRender(Lorg/spongepowered/asm/mixin/injection/callback/CallbackInfo;)V won't be passed a CallbackInfo as a result
[14:44:50] [Render thread/DEBUG] (FabricLoader/Mixin) fabric-rendering-v1.mixins.json:WorldRendererMixin from mod fabric-rendering-v1->@Inject::onReload(Lorg/spongepowered/asm/mixin/injection/callback/CallbackInfo;)V doesn't use it's CallbackInfo
[14:44:50] [Render thread/DEBUG] (FabricLoader/Mixin) fabric-rendering-v1.mixins.json:WorldRendererMixin from mod fabric-rendering-v1->@Inject::onReload(Lorg/spongepowered/asm/mixin/injection/callback/CallbackInfo;)V has 0 override(s) in child classes
[14:44:50] [Render thread/DEBUG] (FabricLoader/Mixin) fabric-rendering-v1.mixins.json:WorldRendererMixin from mod fabric-rendering-v1->@Inject::onReload(Lorg/spongepowered/asm/mixin/injection/callback/CallbackInfo;)V won't be passed a CallbackInfo as a result
[14:44:50] [Render thread/DEBUG] (FabricLoader/Mixin) fabric-rendering-v1.mixins.json:WorldRendererMixin from mod fabric-rendering-v1->@Inject::renderWeather(Lnet/minecraft/client/render/LightmapTextureManager;FDDDLorg/spongepowered/asm/mixin/injection/callback/CallbackInfo;)V does use it's CallbackInfo
[14:44:50] [Render thread/DEBUG] (FabricLoader/Mixin) fabric-rendering-v1.mixins.json:WorldRendererMixin from mod fabric-rendering-v1->@Inject::renderCloud(Lnet/minecraft/client/util/math/MatrixStack;Lorg/joml/Matrix4f;FDDDLorg/spongepowered/asm/mixin/injection/callback/CallbackInfo;)V does use it's CallbackInfo
[14:44:50] [Render thread/DEBUG] (FabricLoader/Mixin) fabric-rendering-v1.mixins.json:WorldRendererMixin from mod fabric-rendering-v1->@Inject::renderSky(Lnet/minecraft/client/util/math/MatrixStack;Lorg/joml/Matrix4f;FLnet/minecraft/client/render/Camera;ZLjava/lang/Runnable;Lorg/spongepowered/asm/mixin/injection/callback/CallbackInfo;)V does use it's CallbackInfo
[14:44:50] [Render thread/DEBUG] (FabricLoader/Mixin) sodium.mixins.json:core.render.world.WorldRendererMixin from mod sodium->@Inject::init(Lnet/minecraft/client/MinecraftClient;Lnet/minecraft/client/render/entity/EntityRenderDispatcher;Lnet/minecraft/client/render/block/entity/BlockEntityRenderDispatcher;Lnet/minecraft/client/render/BufferBuilderStorage;Lorg/spongepowered/asm/mixin/injection/callback/CallbackInfo;)V doesn't use it's CallbackInfo
[14:44:50] [Render thread/DEBUG] (FabricLoader/Mixin) sodium.mixins.json:core.render.world.WorldRendererMixin from mod sodium->@Inject::init(Lnet/minecraft/client/MinecraftClient;Lnet/minecraft/client/render/entity/EntityRenderDispatcher;Lnet/minecraft/client/render/block/entity/BlockEntityRenderDispatcher;Lnet/minecraft/client/render/BufferBuilderStorage;Lorg/spongepowered/asm/mixin/injection/callback/CallbackInfo;)V has 0 override(s) in child classes
[14:44:50] [Render thread/DEBUG] (FabricLoader/Mixin) sodium.mixins.json:core.render.world.WorldRendererMixin from mod sodium->@Inject::init(Lnet/minecraft/client/MinecraftClient;Lnet/minecraft/client/render/entity/EntityRenderDispatcher;Lnet/minecraft/client/render/block/entity/BlockEntityRenderDispatcher;Lnet/minecraft/client/render/BufferBuilderStorage;Lorg/spongepowered/asm/mixin/injection/callback/CallbackInfo;)V won't be passed a CallbackInfo as a result
[14:44:50] [Render thread/DEBUG] (FabricLoader/Mixin) sodium.mixins.json:core.render.world.WorldRendererMixin from mod sodium->@Inject::onWorldChanged(Lnet/minecraft/client/world/ClientWorld;Lorg/spongepowered/asm/mixin/injection/callback/CallbackInfo;)V doesn't use it's CallbackInfo
[14:44:50] [Render thread/DEBUG] (FabricLoader/Mixin) sodium.mixins.json:core.render.world.WorldRendererMixin from mod sodium->@Inject::onWorldChanged(Lnet/minecraft/client/world/ClientWorld;Lorg/spongepowered/asm/mixin/injection/callback/CallbackInfo;)V has 0 override(s) in child classes
[14:44:50] [Render thread/DEBUG] (FabricLoader/Mixin) sodium.mixins.json:core.render.world.WorldRendererMixin from mod sodium->@Inject::onWorldChanged(Lnet/minecraft/client/world/ClientWorld;Lorg/spongepowered/asm/mixin/injection/callback/CallbackInfo;)V won't be passed a CallbackInfo as a result
[14:44:50] [Render thread/DEBUG] (FabricLoader/Mixin) sodium.mixins.json:core.render.world.WorldRendererMixin from mod sodium->@Inject::onTerrainUpdateScheduled(Lorg/spongepowered/asm/mixin/injection/callback/CallbackInfo;)V doesn't use it's CallbackInfo
[14:44:50] [Render thread/DEBUG] (FabricLoader/Mixin) sodium.mixins.json:core.render.world.WorldRendererMixin from mod sodium->@Inject::onTerrainUpdateScheduled(Lorg/spongepowered/asm/mixin/injection/callback/CallbackInfo;)V has 0 override(s) in child classes
[14:44:50] [Render thread/DEBUG] (FabricLoader/Mixin) sodium.mixins.json:core.render.world.WorldRendererMixin from mod sodium->@Inject::onTerrainUpdateScheduled(Lorg/spongepowered/asm/mixin/injection/callback/CallbackInfo;)V won't be passed a CallbackInfo as a result
[14:44:50] [Render thread/DEBUG] (FabricLoader/Mixin) sodium.mixins.json:core.render.world.WorldRendererMixin from mod sodium->@Inject::onReload(Lorg/spongepowered/asm/mixin/injection/callback/CallbackInfo;)V doesn't use it's CallbackInfo
[14:44:50] [Render thread/DEBUG] (FabricLoader/Mixin) sodium.mixins.json:core.render.world.WorldRendererMixin from mod sodium->@Inject::onReload(Lorg/spongepowered/asm/mixin/injection/callback/CallbackInfo;)V has 0 override(s) in child classes
[14:44:50] [Render thread/DEBUG] (FabricLoader/Mixin) sodium.mixins.json:core.render.world.WorldRendererMixin from mod sodium->@Inject::onReload(Lorg/spongepowered/asm/mixin/injection/callback/CallbackInfo;)V won't be passed a CallbackInfo as a result
[14:44:50] [Render thread/DEBUG] (FabricLoader/Mixin) sodium.mixins.json:core.render.world.WorldRendererMixin from mod sodium->@Inject::onReload(Lorg/spongepowered/asm/mixin/injection/callback/CallbackInfo;)V doesn't use it's CallbackInfo
[14:44:50] [Render thread/DEBUG] (FabricLoader/Mixin) sodium.mixins.json:core.render.world.WorldRendererMixin from mod sodium->@Inject::onReload(Lorg/spongepowered/asm/mixin/injection/callback/CallbackInfo;)V has 0 override(s) in child classes
[14:44:50] [Render thread/DEBUG] (FabricLoader/Mixin) sodium.mixins.json:core.render.world.WorldRendererMixin from mod sodium->@Inject::onReload(Lorg/spongepowered/asm/mixin/injection/callback/CallbackInfo;)V won't be passed a CallbackInfo as a result
[14:44:50] [Render thread/DEBUG] (FabricLoader/Mixin) sodium.mixins.json:core.render.world.WorldRendererMixin from mod sodium->@Inject::onRenderBlockEntities(Lnet/minecraft/client/util/math/MatrixStack;FJZLnet/minecraft/client/render/Camera;Lnet/minecraft/client/render/GameRenderer;Lnet/minecraft/client/render/LightmapTextureManager;Lorg/joml/Matrix4f;Lorg/spongepowered/asm/mixin/injection/callback/CallbackInfo;)V doesn't use it's CallbackInfo
[14:44:50] [Render thread/DEBUG] (FabricLoader/Mixin) sodium.mixins.json:core.render.world.WorldRendererMixin from mod sodium->@Inject::onRenderBlockEntities(Lnet/minecraft/client/util/math/MatrixStack;FJZLnet/minecraft/client/render/Camera;Lnet/minecraft/client/render/GameRenderer;Lnet/minecraft/client/render/LightmapTextureManager;Lorg/joml/Matrix4f;Lorg/spongepowered/asm/mixin/injection/callback/CallbackInfo;)V has 0 override(s) in child classes
[14:44:50] [Render thread/DEBUG] (FabricLoader/Mixin) sodium.mixins.json:core.render.world.WorldRendererMixin from mod sodium->@Inject::onRenderBlockEntities(Lnet/minecraft/client/util/math/MatrixStack;FJZLnet/minecraft/client/render/Camera;Lnet/minecraft/client/render/GameRenderer;Lnet/minecraft/client/render/LightmapTextureManager;Lorg/joml/Matrix4f;Lorg/spongepowered/asm/mixin/injection/callback/CallbackInfo;)V won't be passed a CallbackInfo as a result
[14:44:50] [Render thread/DEBUG] (FabricLoader/Mixin) sodium.mixins.json:features.render.gui.outlines.WorldRendererMixin from mod sodium->@Inject::drawBoxFast(Lnet/minecraft/client/util/math/MatrixStack;Lnet/minecraft/client/render/VertexConsumer;DDDDDDFFFFFFFLorg/spongepowered/asm/mixin/injection/callback/CallbackInfo;)V does use it's CallbackInfo
[14:44:50] [Render thread/DEBUG] (FabricLoader/Mixin) sodium.mixins.json:features.render.world.clouds.WorldRendererMixin from mod sodium->@Inject::onReload(Lnet/minecraft/resource/ResourceManager;Lorg/spongepowered/asm/mixin/injection/callback/CallbackInfo;)V doesn't use it's CallbackInfo
[14:44:50] [Render thread/DEBUG] (FabricLoader/Mixin) sodium.mixins.json:features.render.world.clouds.WorldRendererMixin from mod sodium->@Inject::onReload(Lnet/minecraft/resource/ResourceManager;Lorg/spongepowered/asm/mixin/injection/callback/CallbackInfo;)V has 0 override(s) in child classes
[14:44:50] [Render thread/DEBUG] (FabricLoader/Mixin) sodium.mixins.json:features.render.world.clouds.WorldRendererMixin from mod sodium->@Inject::onReload(Lnet/minecraft/resource/ResourceManager;Lorg/spongepowered/asm/mixin/injection/callback/CallbackInfo;)V won't be passed a CallbackInfo as a result
[14:44:50] [Render thread/DEBUG] (FabricLoader/Mixin) sodium.mixins.json:features.render.world.clouds.WorldRendererMixin from mod sodium->@Inject::onReload(Lorg/spongepowered/asm/mixin/injection/callback/CallbackInfo;)V doesn't use it's CallbackInfo
[14:44:50] [Render thread/DEBUG] (FabricLoader/Mixin) sodium.mixins.json:features.render.world.clouds.WorldRendererMixin from mod sodium->@Inject::onReload(Lorg/spongepowered/asm/mixin/injection/callback/CallbackInfo;)V has 0 override(s) in child classes
[14:44:50] [Render thread/DEBUG] (FabricLoader/Mixin) sodium.mixins.json:features.render.world.clouds.WorldRendererMixin from mod sodium->@Inject::onReload(Lorg/spongepowered/asm/mixin/injection/callback/CallbackInfo;)V won't be passed a CallbackInfo as a result
[14:44:50] [Render thread/DEBUG] (FabricLoader/Mixin) sodium.mixins.json:features.render.world.clouds.WorldRendererMixin from mod sodium->@Inject::onReload(Lorg/spongepowered/asm/mixin/injection/callback/CallbackInfo;)V doesn't use it's CallbackInfo
[14:44:50] [Render thread/DEBUG] (FabricLoader/Mixin) sodium.mixins.json:features.render.world.clouds.WorldRendererMixin from mod sodium->@Inject::onReload(Lorg/spongepowered/asm/mixin/injection/callback/CallbackInfo;)V has 0 override(s) in child classes
[14:44:50] [Render thread/DEBUG] (FabricLoader/Mixin) sodium.mixins.json:features.render.world.clouds.WorldRendererMixin from mod sodium->@Inject::onReload(Lorg/spongepowered/asm/mixin/injection/callback/CallbackInfo;)V won't be passed a CallbackInfo as a result
[14:44:50] [Render thread/DEBUG] (FabricLoader/Mixin) sodium.mixins.json:features.render.world.clouds.WorldRendererMixin from mod sodium->@Inject::onClose(Lorg/spongepowered/asm/mixin/injection/callback/CallbackInfo;)V doesn't use it's CallbackInfo
[14:44:50] [Render thread/DEBUG] (FabricLoader/Mixin) sodium.mixins.json:features.render.world.clouds.WorldRendererMixin from mod sodium->@Inject::onClose(Lorg/spongepowered/asm/mixin/injection/callback/CallbackInfo;)V has 0 override(s) in child classes
[14:44:50] [Render thread/DEBUG] (FabricLoader/Mixin) sodium.mixins.json:features.render.world.clouds.WorldRendererMixin from mod sodium->@Inject::onClose(Lorg/spongepowered/asm/mixin/injection/callback/CallbackInfo;)V won't be passed a CallbackInfo as a result
[14:44:50] [Render thread/DEBUG] (FabricLoader/Mixin) Mixing core.render.frustum.FrustumMixin from sodium.mixins.json into net.minecraft.client.render.Frustum
[14:44:50] [Render thread/DEBUG] (FabricLoader/Mixin) Mixing shadow_map.frustum.MixinNonCullingFrustum from mixins.iris.compat.sodium.json into net.irisshaders.iris.shadows.frustum.fallback.NonCullingFrustum
[14:44:50] [Render thread/DEBUG] (FabricLoader/Mixin) mixins.iris.compat.sodium.json:shadow_map.frustum.MixinNonCullingFrustum from mod iris: Class version 61 required is higher than the class version supported by the current version of Mixin (JAVA_8 supports class version 52)
[14:44:50] [Render thread/DEBUG] (FabricLoader/Mixin) Mixing shadow_map.frustum.MixinBoxCullingFrustum from mixins.iris.compat.sodium.json into net.irisshaders.iris.shadows.frustum.fallback.BoxCullingFrustum
[14:44:50] [Render thread/DEBUG] (FabricLoader/Mixin) mixins.iris.compat.sodium.json:shadow_map.frustum.MixinBoxCullingFrustum from mod iris: Class version 61 required is higher than the class version supported by the current version of Mixin (JAVA_8 supports class version 52)
[14:44:50] [Render thread/DEBUG] (FabricLoader/Mixin) Mixing shadow_map.frustum.MixinCullEverythingFrustum from mixins.iris.compat.sodium.json into net.irisshaders.iris.shadows.frustum.CullEverythingFrustum
[14:44:50] [Render thread/DEBUG] (FabricLoader/Mixin) mixins.iris.compat.sodium.json:shadow_map.frustum.MixinCullEverythingFrustum from mod iris: Class version 61 required is higher than the class version supported by the current version of Mixin (JAVA_8 supports class version 52)
[14:44:50] [Render thread/DEBUG] (FabricLoader/Mixin) Mixing shadow_map.frustum.MixinAdvancedShadowCullingFrustum from mixins.iris.compat.sodium.json into net.irisshaders.iris.shadows.frustum.advanced.AdvancedShadowCullingFrustum
[14:44:50] [Render thread/DEBUG] (FabricLoader/Mixin) mixins.iris.compat.sodium.json:shadow_map.frustum.MixinAdvancedShadowCullingFrustum from mod iris: Class version 61 required is higher than the class version supported by the current version of Mixin (JAVA_8 supports class version 52)
[14:44:50] [Render thread/DEBUG] (FabricLoader/Mixin) Mixing MixinVertexBuffer from mixins.iris.json into net.minecraft.client.gl.VertexBuffer
[14:44:50] [Render thread/DEBUG] (FabricLoader/Mixin) mixins.iris.json:MixinVertexBuffer from mod iris: Class version 61 required is higher than the class version supported by the current version of Mixin (JAVA_8 supports class version 52)
[14:44:50] [Render thread/DEBUG] (FabricLoader/Mixin) mixins.iris.json:MixinVertexBuffer from mod iris->@Inject::unbindHelper(Lorg/spongepowered/asm/mixin/injection/callback/CallbackInfo;)V doesn't use it's CallbackInfo
[14:44:50] [Render thread/DEBUG] (FabricLoader/Mixin) mixins.iris.json:MixinVertexBuffer from mod iris->@Inject::bindHelper(Lorg/spongepowered/asm/mixin/injection/callback/CallbackInfo;)V doesn't use it's CallbackInfo
[14:44:50] [Render thread/DEBUG] (FabricLoader/Mixin) mixins.iris.json:MixinVertexBuffer from mod iris->@Inject::bindHelper(Lorg/spongepowered/asm/mixin/injection/callback/CallbackInfo;)V has 0 override(s) in child classes
[14:44:50] [Render thread/DEBUG] (FabricLoader/Mixin) mixins.iris.json:MixinVertexBuffer from mod iris->@Inject::bindHelper(Lorg/spongepowered/asm/mixin/injection/callback/CallbackInfo;)V won't be passed a CallbackInfo as a result
[14:44:50] [Render thread/DEBUG] (FabricLoader/Mixin) Mixing vertex_format.MixinVertexFormatDescriptionImpl from mixins.iris.compat.sodium.json into me.jellysquid.mods.sodium.client.render.vertex.VertexFormatDescriptionImpl
[14:44:50] [Render thread/DEBUG] (FabricLoader/Mixin) mixins.iris.compat.sodium.json:vertex_format.MixinVertexFormatDescriptionImpl from mod iris: Class version 61 required is higher than the class version supported by the current version of Mixin (JAVA_8 supports class version 52)
[14:44:50] [Render thread/DEBUG] (FabricLoader/Mixin) mixins.iris.compat.sodium.json:vertex_format.MixinVertexFormatDescriptionImpl from mod iris->@Inject::iris$forceSimple(Lnet/minecraft/client/render/VertexFormat;Lorg/spongepowered/asm/mixin/injection/callback/CallbackInfoReturnable;)V does use it's CallbackInfoReturnable
[14:44:50] [Render thread/DEBUG] (FabricLoader/Mixin) Mixing vertex_format.CommonVertexAttributeAccessor from mixins.iris.compat.sodium.json into net.caffeinemc.mods.sodium.api.vertex.attributes.CommonVertexAttribute
[14:44:50] [Render thread/DEBUG] (FabricLoader/Mixin) mixins.iris.compat.sodium.json:vertex_format.CommonVertexAttributeAccessor from mod iris: Class version 61 required is higher than the class version supported by the current version of Mixin (JAVA_8 supports class version 52)
[14:44:50] [Render thread/DEBUG] (FabricLoader/Mixin) Renaming @Invoker method createCommonVertexElement(Ljava/lang/String;ILnet/minecraft/client/render/VertexFormatElement;)Lnet/caffeinemc/mods/sodium/api/vertex/attributes/CommonVertexAttribute; to createCommonVertexElement$iris_$md$a9fcf3$0 in mixins.iris.compat.sodium.json:vertex_format.CommonVertexAttributeAccessor from mod iris
[14:44:50] [Render thread/DEBUG] (FabricLoader/Mixin) Mixing vertex_format.MixinCommonVertexAttributes from mixins.iris.compat.sodium.json into net.caffeinemc.mods.sodium.api.vertex.attributes.CommonVertexAttribute
[14:44:50] [Render thread/DEBUG] (FabricLoader/Mixin) mixins.iris.compat.sodium.json:vertex_format.MixinCommonVertexAttributes from mod iris: Class version 61 required is higher than the class version supported by the current version of Mixin (JAVA_8 supports class version 52)
[14:44:50] [Render thread/DEBUG] (FabricLoader/Mixin) Mixing vertex_format.MixinSodiumBufferBuilder from mixins.iris.compat.sodium.json into me.jellysquid.mods.sodium.client.render.vertex.buffer.SodiumBufferBuilder
[14:44:50] [Render thread/DEBUG] (FabricLoader/Mixin) mixins.iris.compat.sodium.json:vertex_format.MixinSodiumBufferBuilder from mod iris: Class version 61 required is higher than the class version supported by the current version of Mixin (JAVA_8 supports class version 52)
[14:44:50] [Render thread/DEBUG] (FabricLoader/Mixin) mixins.iris.compat.sodium.json:vertex_format.MixinSodiumBufferBuilder from mod iris->@Inject::onResetAttributeBindings(Lorg/spongepowered/asm/mixin/injection/callback/CallbackInfo;)V doesn't use it's CallbackInfo
[14:44:50] [Render thread/DEBUG] (FabricLoader/Mixin) mixins.iris.compat.sodium.json:vertex_format.MixinSodiumBufferBuilder from mod iris->@Inject::onResetAttributeBindings(Lorg/spongepowered/asm/mixin/injection/callback/CallbackInfo;)V has 0 override(s) in child classes
[14:44:50] [Render thread/DEBUG] (FabricLoader/Mixin) mixins.iris.compat.sodium.json:vertex_format.MixinSodiumBufferBuilder from mod iris->@Inject::onResetAttributeBindings(Lorg/spongepowered/asm/mixin/injection/callback/CallbackInfo;)V won't be passed a CallbackInfo as a result
[14:44:50] [Render thread/DEBUG] (FabricLoader/Mixin) mixins.iris.compat.sodium.json:vertex_format.MixinSodiumBufferBuilder from mod iris->@Inject::onUpdateAttributeBindings(Lnet/caffeinemc/mods/sodium/api/vertex/format/VertexFormatDescription;Lorg/spongepowered/asm/mixin/injection/callback/CallbackInfo;)V doesn't use it's CallbackInfo
[14:44:50] [Render thread/DEBUG] (FabricLoader/Mixin) mixins.iris.compat.sodium.json:vertex_format.MixinSodiumBufferBuilder from mod iris->@Inject::onUpdateAttributeBindings(Lnet/caffeinemc/mods/sodium/api/vertex/format/VertexFormatDescription;Lorg/spongepowered/asm/mixin/injection/callback/CallbackInfo;)V has 0 override(s) in child classes
[14:44:50] [Render thread/DEBUG] (FabricLoader/Mixin) mixins.iris.compat.sodium.json:vertex_format.MixinSodiumBufferBuilder from mod iris->@Inject::onUpdateAttributeBindings(Lnet/caffeinemc/mods/sodium/api/vertex/format/VertexFormatDescription;Lorg/spongepowered/asm/mixin/injection/callback/CallbackInfo;)V won't be passed a CallbackInfo as a result
[14:44:50] [Render thread/DEBUG] (FabricLoader/Mixin) mixins.iris.compat.sodium.json:vertex_format.MixinSodiumBufferBuilder from mod iris->@Inject::onEndVertex(Lorg/spongepowered/asm/mixin/injection/callback/CallbackInfo;)V doesn't use it's CallbackInfo
[14:44:50] [Render thread/DEBUG] (FabricLoader/Mixin) mixins.iris.compat.sodium.json:vertex_format.MixinSodiumBufferBuilder from mod iris->@Inject::onEndVertex(Lorg/spongepowered/asm/mixin/injection/callback/CallbackInfo;)V has 0 override(s) in child classes
[14:44:50] [Render thread/DEBUG] (FabricLoader/Mixin) mixins.iris.compat.sodium.json:vertex_format.MixinSodiumBufferBuilder from mod iris->@Inject::onEndVertex(Lorg/spongepowered/asm/mixin/injection/callback/CallbackInfo;)V won't be passed a CallbackInfo as a result
[14:44:50] [Render thread/DEBUG] (com.mojang.blaze3d.systems.RenderSystem) Growing IndexBuffer: Old limit 0, new limit 9360.
[14:44:50] [Render thread/DEBUG] (com.mojang.blaze3d.systems.RenderSystem) Growing IndexBuffer: Old limit 0, new limit 20.
[14:44:50] [Render thread/DEBUG] (FabricLoader/Mixin) Mixing shadow_map.MixinSodiumWorldRenderer from mixins.iris.compat.sodium.json into me.jellysquid.mods.sodium.client.render.SodiumWorldRenderer
[14:44:50] [Render thread/DEBUG] (FabricLoader/Mixin) mixins.iris.compat.sodium.json:shadow_map.MixinSodiumWorldRenderer from mod iris: Class version 61 required is higher than the class version supported by the current version of Mixin (JAVA_8 supports class version 52)
[14:44:50] [Render thread/DEBUG] (FabricLoader/Mixin) Renaming synthetic method lambda$static$0(Lnet/irisshaders/iris/shadows/ShadowRenderer;Lnet/minecraft/client/render/VertexConsumerProvider$Immediate;Lnet/minecraft/client/util/math/MatrixStack;Lnet/minecraft/client/render/Camera;DDDFZZ)I to mda9fcf3$iris$lambda$static$0$0 in mixins.iris.compat.sodium.json:shadow_map.MixinSodiumWorldRenderer from mod iris
[14:44:50] [Render thread/DEBUG] (FabricLoader/Mixin) Mixing shadow_map.SodiumWorldRendererAccessor from mixins.iris.compat.sodium.json into me.jellysquid.mods.sodium.client.render.SodiumWorldRenderer
[14:44:50] [Render thread/DEBUG] (FabricLoader/Mixin) mixins.iris.compat.sodium.json:shadow_map.SodiumWorldRendererAccessor from mod iris: Class version 61 required is higher than the class version supported by the current version of Mixin (JAVA_8 supports class version 52)
[14:44:50] [Render thread/DEBUG] (FabricLoader/Mixin) mixins.iris.compat.sodium.json:shadow_map.MixinSodiumWorldRenderer from mod iris->@Inject::resetEntityList(Lnet/minecraft/client/util/math/MatrixStack;Lnet/minecraft/client/render/BufferBuilderStorage;Lit/unimi/dsi/fastutil/longs/Long2ObjectMap;FLnet/minecraft/client/render/VertexConsumerProvider$Immediate;DDDLnet/minecraft/client/render/block/entity/BlockEntityRenderDispatcher;Lorg/spongepowered/asm/mixin/injection/callback/CallbackInfo;)V doesn't use it's CallbackInfo
[14:44:50] [Render thread/DEBUG] (FabricLoader/Mixin) mixins.iris.compat.sodium.json:shadow_map.MixinSodiumWorldRenderer from mod iris->@Inject::resetEntityList(Lnet/minecraft/client/util/math/MatrixStack;Lnet/minecraft/client/render/BufferBuilderStorage;Lit/unimi/dsi/fastutil/longs/Long2ObjectMap;FLnet/minecraft/client/render/VertexConsumerProvider$Immediate;DDDLnet/minecraft/client/render/block/entity/BlockEntityRenderDispatcher;Lorg/spongepowered/asm/mixin/injection/callback/CallbackInfo;)V has 0 override(s) in child classes
[14:44:50] [Render thread/DEBUG] (FabricLoader/Mixin) mixins.iris.compat.sodium.json:shadow_map.MixinSodiumWorldRenderer from mod iris->@Inject::resetEntityList(Lnet/minecraft/client/util/math/MatrixStack;Lnet/minecraft/client/render/BufferBuilderStorage;Lit/unimi/dsi/fastutil/longs/Long2ObjectMap;FLnet/minecraft/client/render/VertexConsumerProvider$Immediate;DDDLnet/minecraft/client/render/block/entity/BlockEntityRenderDispatcher;Lorg/spongepowered/asm/mixin/injection/callback/CallbackInfo;)V won't be passed a CallbackInfo as a result
[14:44:50] [Render thread/DEBUG] (FabricLoader/Mixin) mixins.iris.compat.sodium.json:shadow_map.MixinSodiumWorldRenderer from mod iris->@Inject::iris$overrideEntityCulling(Lnet/minecraft/entity/Entity;Lorg/spongepowered/asm/mixin/injection/callback/CallbackInfoReturnable;)V does use it's CallbackInfoReturnable
[14:44:50] [Render thread/DEBUG] (FabricLoader/Mixin) Mixing ParticleManagerMixin from fabric-particles-v1.client.mixins.json into net.minecraft.client.particle.ParticleManager
[14:44:50] [Render thread/DEBUG] (FabricLoader/Mixin) fabric-particles-v1.client.mixins.json:ParticleManagerMixin from mod fabric-particles-v1: Class version 61 required is higher than the class version supported by the current version of Mixin (JAVA_16 supports class version 60)
[14:44:50] [Render thread/DEBUG] (FabricLoader/Mixin) Mixing ParticleManagerAccessor from fabric-particles-v1.client.mixins.json into net.minecraft.client.particle.ParticleManager
[14:44:50] [Render thread/DEBUG] (FabricLoader/Mixin) fabric-particles-v1.client.mixins.json:ParticleManagerAccessor from mod fabric-particles-v1: Class version 61 required is higher than the class version supported by the current version of Mixin (JAVA_16 supports class version 60)
[14:44:50] [Render thread/DEBUG] (FabricLoader/Mixin) Mixing MixinParticleEngine from mixins.iris.json into net.minecraft.client.particle.ParticleManager
[14:44:50] [Render thread/DEBUG] (FabricLoader/Mixin) mixins.iris.json:MixinParticleEngine from mod iris: Class version 61 required is higher than the class version supported by the current version of Mixin (JAVA_8 supports class version 52)
[14:44:50] [Render thread/DEBUG] (FabricLoader/Mixin) Renaming synthetic method lambda$iris$finishDrawingParticles$1(Lnet/irisshaders/iris/pipeline/WorldRenderingPipeline;)V to mda9fcf3$iris$lambda$iris$finishDrawingParticles$1$0 in mixins.iris.json:MixinParticleEngine from mod iris
[14:44:50] [Render thread/DEBUG] (FabricLoader/Mixin) Renaming synthetic method lambda$iris$beginDrawingParticles$0(Lnet/irisshaders/iris/pipeline/WorldRenderingPipeline;)V to mda9fcf3$iris$lambda$iris$beginDrawingParticles$0$1 in mixins.iris.json:MixinParticleEngine from mod iris
[14:44:50] [Render thread/DEBUG] (FabricLoader/Mixin) Mixing MixinParticleEngine from mixins.iris.fantastic.json into net.minecraft.client.particle.ParticleManager
[14:44:50] [Render thread/DEBUG] (FabricLoader/Mixin) mixins.iris.fantastic.json:MixinParticleEngine from mod iris: Class version 61 required is higher than the class version supported by the current version of Mixin (JAVA_8 supports class version 52)
[14:44:50] [Render thread/DEBUG] (FabricLoader/Mixin) Mixing ParticleManagerMixin from fabric-registry-sync-v0.client.mixins.json into net.minecraft.client.particle.ParticleManager
[14:44:50] [Render thread/DEBUG] (FabricLoader/Mixin) fabric-registry-sync-v0.client.mixins.json:ParticleManagerMixin from mod fabric-registry-sync-v0: Class version 61 required is higher than the class version supported by the current version of Mixin (JAVA_16 supports class version 60)
[14:44:50] [Render thread/DEBUG] (FabricLoader/Mixin) fabric-particles-v1.client.mixins.json:ParticleManagerMixin from mod fabric-particles-v1->@Inject::onRegisterDefaultFactories(Lorg/spongepowered/asm/mixin/injection/callback/CallbackInfo;)V doesn't use it's CallbackInfo
[14:44:50] [Render thread/DEBUG] (FabricLoader/Mixin) fabric-particles-v1.client.mixins.json:ParticleManagerMixin from mod fabric-particles-v1->@Inject::onRegisterDefaultFactories(Lorg/spongepowered/asm/mixin/injection/callback/CallbackInfo;)V has 0 override(s) in child classes
[14:44:50] [Render thread/DEBUG] (FabricLoader/Mixin) fabric-particles-v1.client.mixins.json:ParticleManagerMixin from mod fabric-particles-v1->@Inject::onRegisterDefaultFactories(Lorg/spongepowered/asm/mixin/injection/callback/CallbackInfo;)V won't be passed a CallbackInfo as a result
[14:44:50] [Render thread/DEBUG] (FabricLoader/Mixin) mixins.iris.json:MixinParticleEngine from mod iris->@Inject::iris$beginDrawingParticles(Lnet/minecraft/client/util/math/MatrixStack;Lnet/minecraft/client/render/VertexConsumerProvider$Immediate;Lnet/minecraft/client/render/LightmapTextureManager;Lnet/minecraft/client/render/Camera;FLorg/spongepowered/asm/mixin/injection/callback/CallbackInfo;)V doesn't use it's CallbackInfo
[14:44:50] [Render thread/DEBUG] (FabricLoader/Mixin) mixins.iris.json:MixinParticleEngine from mod iris->@Inject::iris$beginDrawingParticles(Lnet/minecraft/client/util/math/MatrixStack;Lnet/minecraft/client/render/VertexConsumerProvider$Immediate;Lnet/minecraft/client/render/LightmapTextureManager;Lnet/minecraft/client/render/Camera;FLorg/spongepowered/asm/mixin/injection/callback/CallbackInfo;)V has 0 override(s) in child classes
[14:44:50] [Render thread/DEBUG] (FabricLoader/Mixin) mixins.iris.json:MixinParticleEngine from mod iris->@Inject::iris$beginDrawingParticles(Lnet/minecraft/client/util/math/MatrixStack;Lnet/minecraft/client/render/VertexConsumerProvider$Immediate;Lnet/minecraft/client/render/LightmapTextureManager;Lnet/minecraft/client/render/Camera;FLorg/spongepowered/asm/mixin/injection/callback/CallbackInfo;)V won't be passed a CallbackInfo as a result
[14:44:50] [Render thread/DEBUG] (FabricLoader/Mixin) mixins.iris.json:MixinParticleEngine from mod iris->@Inject::iris$finishDrawingParticles(Lnet/minecraft/client/util/math/MatrixStack;Lnet/minecraft/client/render/VertexConsumerProvider$Immediate;Lnet/minecraft/client/render/LightmapTextureManager;Lnet/minecraft/client/render/Camera;FLorg/spongepowered/asm/mixin/injection/callback/CallbackInfo;)V doesn't use it's CallbackInfo
[14:44:50] [Render thread/DEBUG] (FabricLoader/Mixin) mixins.iris.json:MixinParticleEngine from mod iris->@Inject::iris$finishDrawingParticles(Lnet/minecraft/client/util/math/MatrixStack;Lnet/minecraft/client/render/VertexConsumerProvider$Immediate;Lnet/minecraft/client/render/LightmapTextureManager;Lnet/minecraft/client/render/Camera;FLorg/spongepowered/asm/mixin/injection/callback/CallbackInfo;)V has 0 override(s) in child classes
[14:44:50] [Render thread/DEBUG] (FabricLoader/Mixin) mixins.iris.json:MixinParticleEngine from mod iris->@Inject::iris$finishDrawingParticles(Lnet/minecraft/client/util/math/MatrixStack;Lnet/minecraft/client/render/VertexConsumerProvider$Immediate;Lnet/minecraft/client/render/LightmapTextureManager;Lnet/minecraft/client/render/Camera;FLorg/spongepowered/asm/mixin/injection/callback/CallbackInfo;)V won't be passed a CallbackInfo as a result
[14:44:50] [Render thread/DEBUG] (FabricLoader/Mixin) fabric-registry-sync-v0.client.mixins.json:ParticleManagerMixin from mod fabric-registry-sync-v0->@Inject::onInit(Lnet/minecraft/client/world/ClientWorld;Lnet/minecraft/client/texture/TextureManager;Lorg/spongepowered/asm/mixin/injection/callback/CallbackInfo;)V doesn't use it's CallbackInfo
[14:44:50] [Render thread/DEBUG] (FabricLoader/Mixin) fabric-registry-sync-v0.client.mixins.json:ParticleManagerMixin from mod fabric-registry-sync-v0->@Inject::onInit(Lnet/minecraft/client/world/ClientWorld;Lnet/minecraft/client/texture/TextureManager;Lorg/spongepowered/asm/mixin/injection/callback/CallbackInfo;)V has 0 override(s) in child classes
[14:44:50] [Render thread/DEBUG] (FabricLoader/Mixin) fabric-registry-sync-v0.client.mixins.json:ParticleManagerMixin from mod fabric-registry-sync-v0->@Inject::onInit(Lnet/minecraft/client/world/ClientWorld;Lnet/minecraft/client/texture/TextureManager;Lorg/spongepowered/asm/mixin/injection/callback/CallbackInfo;)V won't be passed a CallbackInfo as a result
[14:44:50] [Render thread/DEBUG] (FabricLoader/Mixin) Mixing BlockDustParticleMixin from fabric-particles-v1.client.mixins.json into net.minecraft.client.particle.BlockDustParticle
[14:44:50] [Render thread/DEBUG] (FabricLoader/Mixin) fabric-particles-v1.client.mixins.json:BlockDustParticleMixin from mod fabric-particles-v1: Class version 61 required is higher than the class version supported by the current version of Mixin (JAVA_16 supports class version 60)
[14:44:50] [Render thread/DEBUG] (FabricLoader/Mixin) Mixing MixinTerrainParticle from mixins.iris.fantastic.json into net.minecraft.client.particle.BlockDustParticle
[14:44:50] [Render thread/DEBUG] (FabricLoader/Mixin) mixins.iris.fantastic.json:MixinTerrainParticle from mod iris: Class version 61 required is higher than the class version supported by the current version of Mixin (JAVA_8 supports class version 52)
[14:44:50] [Render thread/DEBUG] (FabricLoader/Mixin) mixins.iris.fantastic.json:MixinTerrainParticle from mod iris->@Inject::iris$resolveTranslucency(Lnet/minecraft/client/world/ClientWorld;DDDDDDLnet/minecraft/block/BlockState;Lnet/minecraft/util/math/BlockPos;Lorg/spongepowered/asm/mixin/injection/callback/CallbackInfo;)V doesn't use it's CallbackInfo
[14:44:50] [Render thread/DEBUG] (FabricLoader/Mixin) mixins.iris.fantastic.json:MixinTerrainParticle from mod iris->@Inject::iris$resolveTranslucency(Lnet/minecraft/client/world/ClientWorld;DDDDDDLnet/minecraft/block/BlockState;Lnet/minecraft/util/math/BlockPos;Lorg/spongepowered/asm/mixin/injection/callback/CallbackInfo;)V has 0 override(s) in child classes
[14:44:50] [Render thread/DEBUG] (FabricLoader/Mixin) mixins.iris.fantastic.json:MixinTerrainParticle from mod iris->@Inject::iris$resolveTranslucency(Lnet/minecraft/client/world/ClientWorld;DDDDDDLnet/minecraft/block/BlockState;Lnet/minecraft/util/math/BlockPos;Lorg/spongepowered/asm/mixin/injection/callback/CallbackInfo;)V won't be passed a CallbackInfo as a result
[14:44:50] [Render thread/DEBUG] (FabricLoader/Mixin) mixins.iris.fantastic.json:MixinTerrainParticle from mod iris->@Inject::iris$overrideParticleSheet(Lorg/spongepowered/asm/mixin/injection/callback/CallbackInfoReturnable;)V does use it's CallbackInfoReturnable
[14:44:50] [Render thread/DEBUG] (FabricLoader/Mixin) Mixing features.textures.animations.tracking.SpriteBillboardParticleMixin from sodium.mixins.json into net.minecraft.client.particle.SpriteBillboardParticle
[14:44:50] [Render thread/DEBUG] (FabricLoader/Mixin) sodium.mixins.json:features.textures.animations.tracking.SpriteBillboardParticleMixin from mod sodium->@Inject::afterSetSprite(Lnet/minecraft/client/texture/Sprite;Lorg/spongepowered/asm/mixin/injection/callback/CallbackInfo;)V doesn't use it's CallbackInfo
[14:44:50] [Render thread/DEBUG] (FabricLoader/Mixin) sodium.mixins.json:features.textures.animations.tracking.SpriteBillboardParticleMixin from mod sodium->@Inject::afterSetSprite(Lnet/minecraft/client/texture/Sprite;Lorg/spongepowered/asm/mixin/injection/callback/CallbackInfo;)V has 0 override(s) in child classes
[14:44:50] [Render thread/DEBUG] (FabricLoader/Mixin) sodium.mixins.json:features.textures.animations.tracking.SpriteBillboardParticleMixin from mod sodium->@Inject::afterSetSprite(Lnet/minecraft/client/texture/Sprite;Lorg/spongepowered/asm/mixin/injection/callback/CallbackInfo;)V won't be passed a CallbackInfo as a result
[14:44:50] [Render thread/DEBUG] (FabricLoader/Mixin) Mixing features.render.particle.BillboardParticleMixin from sodium.mixins.json into net.minecraft.client.particle.BillboardParticle
[14:44:50] [Render thread/DEBUG] (FabricLoader/Mixin) sodium.mixins.json:features.render.particle.BillboardParticleMixin from mod sodium->@Inject::buildGeometry(Lnet/minecraft/client/render/VertexConsumer;Lnet/minecraft/client/render/Camera;FLorg/spongepowered/asm/mixin/injection/callback/CallbackInfo;)V does use it's CallbackInfo
[14:44:50] [Render thread/DEBUG] (FabricLoader/Mixin) Mixing ParticleManagerAccessor$SimpleSpriteProviderAccessor from fabric-particles-v1.client.mixins.json into net.minecraft.client.particle.ParticleManager$SimpleSpriteProvider
[14:44:50] [Render thread/DEBUG] (FabricLoader/Mixin) fabric-particles-v1.client.mixins.json:ParticleManagerAccessor$SimpleSpriteProviderAccessor from mod fabric-particles-v1: Class version 61 required is higher than the class version supported by the current version of Mixin (JAVA_16 supports class version 60)
[14:44:50] [Render thread/DEBUG] (FabricLoader/Mixin) Mixing MixinStationaryItemParticle from mixins.iris.fantastic.json into net.minecraft.client.particle.BlockMarkerParticle
[14:44:50] [Render thread/DEBUG] (FabricLoader/Mixin) mixins.iris.fantastic.json:MixinStationaryItemParticle from mod iris: Class version 61 required is higher than the class version supported by the current version of Mixin (JAVA_8 supports class version 52)
[14:44:50] [Render thread/DEBUG] (FabricLoader/Mixin) mixins.iris.fantastic.json:MixinStationaryItemParticle from mod iris->@Inject::iris$resolveTranslucency(Lnet/minecraft/client/world/ClientWorld;DDDLnet/minecraft/block/BlockState;Lorg/spongepowered/asm/mixin/injection/callback/CallbackInfo;)V doesn't use it's CallbackInfo
[14:44:50] [Render thread/DEBUG] (FabricLoader/Mixin) mixins.iris.fantastic.json:MixinStationaryItemParticle from mod iris->@Inject::iris$resolveTranslucency(Lnet/minecraft/client/world/ClientWorld;DDDLnet/minecraft/block/BlockState;Lorg/spongepowered/asm/mixin/injection/callback/CallbackInfo;)V has 0 override(s) in child classes
[14:44:50] [Render thread/DEBUG] (FabricLoader/Mixin) mixins.iris.fantastic.json:MixinStationaryItemParticle from mod iris->@Inject::iris$resolveTranslucency(Lnet/minecraft/client/world/ClientWorld;DDDLnet/minecraft/block/BlockState;Lorg/spongepowered/asm/mixin/injection/callback/CallbackInfo;)V won't be passed a CallbackInfo as a result
[14:44:50] [Render thread/DEBUG] (FabricLoader/Mixin) mixins.iris.fantastic.json:MixinStationaryItemParticle from mod iris->@Inject::iris$overrideParticleRenderType(Lorg/spongepowered/asm/mixin/injection/callback/CallbackInfoReturnable;)V does use it's CallbackInfoReturnable
[14:44:50] [Render thread/DEBUG] (FabricLoader/Mixin) Mixing MixinFireworkSparkParticle from mixins.iris.fantastic.json into net.minecraft.client.particle.FireworksSparkParticle$Explosion
[14:44:50] [Render thread/DEBUG] (FabricLoader/Mixin) mixins.iris.fantastic.json:MixinFireworkSparkParticle from mod iris: Class version 61 required is higher than the class version supported by the current version of Mixin (JAVA_8 supports class version 52)
[14:44:50] [Render thread/DEBUG] (FabricLoader/Mixin) Mixing gui.MixinGui from mixins.iris.json into net.minecraft.client.gui.hud.InGameHud
[14:44:50] [Render thread/DEBUG] (FabricLoader/Mixin) mixins.iris.json:gui.MixinGui from mod iris: Class version 61 required is higher than the class version supported by the current version of Mixin (JAVA_8 supports class version 52)
[14:44:50] [Render thread/DEBUG] (FabricLoader/Mixin) Mixing InGameHudMixin from fabric-rendering-v1.mixins.json into net.minecraft.client.gui.hud.InGameHud
[14:44:50] [Render thread/DEBUG] (FabricLoader/Mixin) fabric-rendering-v1.mixins.json:InGameHudMixin from mod fabric-rendering-v1: Class version 61 required is higher than the class version supported by the current version of Mixin (JAVA_16 supports class version 60)
[14:44:50] [Render thread/DEBUG] (FabricLoader/Mixin) Mixing features.options.overlays.InGameHudMixin from sodium.mixins.json into net.minecraft.client.gui.hud.InGameHud
[14:44:50] [Render thread/DEBUG] (FabricLoader/Mixin) mixins.iris.json:gui.MixinGui from mod iris->@Inject::iris$handleHudHidingScreens(Lnet/minecraft/client/gui/DrawContext;FLorg/spongepowered/asm/mixin/injection/callback/CallbackInfo;)V does use it's CallbackInfo
[14:44:50] [Render thread/DEBUG] (FabricLoader/Mixin) mixins.iris.json:gui.MixinGui from mod iris->@Inject::iris$disableVignetteRendering(Lnet/minecraft/client/gui/DrawContext;Lnet/minecraft/entity/Entity;Lorg/spongepowered/asm/mixin/injection/callback/CallbackInfo;)V does use it's CallbackInfo
[14:44:50] [Render thread/DEBUG] (FabricLoader/Mixin) fabric-rendering-v1.mixins.json:InGameHudMixin from mod fabric-rendering-v1->@Inject::render(Lnet/minecraft/client/gui/DrawContext;FLorg/spongepowered/asm/mixin/injection/callback/CallbackInfo;)V doesn't use it's CallbackInfo
[14:44:50] [Render thread/DEBUG] (FabricLoader/Mixin) fabric-rendering-v1.mixins.json:InGameHudMixin from mod fabric-rendering-v1->@Inject::render(Lnet/minecraft/client/gui/DrawContext;FLorg/spongepowered/asm/mixin/injection/callback/CallbackInfo;)V has 0 override(s) in child classes
[14:44:50] [Render thread/DEBUG] (FabricLoader/Mixin) fabric-rendering-v1.mixins.json:InGameHudMixin from mod fabric-rendering-v1->@Inject::render(Lnet/minecraft/client/gui/DrawContext;FLorg/spongepowered/asm/mixin/injection/callback/CallbackInfo;)V won't be passed a CallbackInfo as a result
[14:44:50] [Render thread/DEBUG] (FabricLoader/Mixin) Mixing MixinDebugScreenOverlay from mixins.iris.json into net.minecraft.client.gui.hud.DebugHud
[14:44:50] [Render thread/DEBUG] (FabricLoader/Mixin) mixins.iris.json:MixinDebugScreenOverlay from mod iris: Class version 61 required is higher than the class version supported by the current version of Mixin (JAVA_8 supports class version 52)
[14:44:50] [Render thread/DEBUG] (FabricLoader/Mixin) Renaming synthetic method lambda$iris$appendShadowDebugText$1(Ljava/util/List;Lnet/irisshaders/iris/pipeline/WorldRenderingPipeline;)V to mda9fcf3$iris$lambda$iris$appendShadowDebugText$1$0 in mixins.iris.json:MixinDebugScreenOverlay from mod iris
[14:44:50] [Render thread/DEBUG] (FabricLoader/Mixin) Renaming synthetic method lambda$iris$appendShaderPackText$0(Ljava/util/List;Lnet/irisshaders/iris/shaderpack/ShaderPack;)V to mda9fcf3$iris$lambda$iris$appendShaderPackText$0$1 in mixins.iris.json:MixinDebugScreenOverlay from mod iris
[14:44:50] [Render thread/DEBUG] (FabricLoader/Mixin) Mixing DebugHudMixin from fabric-renderer-api-v1.debughud.mixins.json into net.minecraft.client.gui.hud.DebugHud
[14:44:50] [Render thread/DEBUG] (FabricLoader/Mixin) fabric-renderer-api-v1.debughud.mixins.json:DebugHudMixin from mod fabric-renderer-api-v1: Class version 61 required is higher than the class version supported by the current version of Mixin (JAVA_16 supports class version 60)
[14:44:50] [Render thread/DEBUG] (FabricLoader/Mixin) Mixing features.gui.hooks.debug.DebugHudMixin from sodium.mixins.json into net.minecraft.client.gui.hud.DebugHud
[14:44:50] [Render thread/DEBUG] (FabricLoader/Mixin) Mixing MixinDebugScreenOverlay from iris-batched-entity-rendering.mixins.json into net.minecraft.client.gui.hud.DebugHud
[14:44:50] [Render thread/DEBUG] (FabricLoader/Mixin) iris-batched-entity-rendering.mixins.json:MixinDebugScreenOverlay from mod iris: Class version 61 required is higher than the class version supported by the current version of Mixin (JAVA_8 supports class version 52)
[14:44:50] [Render thread/DEBUG] (FabricLoader/Mixin) mixins.iris.json:MixinDebugScreenOverlay from mod iris->@Inject::iris$appendShaderPackText(Lorg/spongepowered/asm/mixin/injection/callback/CallbackInfoReturnable;)V does use it's CallbackInfoReturnable
[14:44:50] [Render thread/DEBUG] (FabricLoader/Mixin) mixins.iris.json:MixinDebugScreenOverlay from mod iris->@Inject::iris$appendShaderPackText(Lorg/spongepowered/asm/mixin/injection/callback/CallbackInfoReturnable;)V does use it's CallbackInfoReturnable
[14:44:50] [Render thread/DEBUG] (FabricLoader/Mixin) mixins.iris.json:MixinDebugScreenOverlay from mod iris->@Inject::iris$appendShadowDebugText(Lorg/spongepowered/asm/mixin/injection/callback/CallbackInfoReturnable;)V does use it's CallbackInfoReturnable
[14:44:50] [Render thread/DEBUG] (FabricLoader/Mixin) mixins.iris.json:MixinDebugScreenOverlay from mod iris->@Inject::iris$appendShadowDebugText(Lorg/spongepowered/asm/mixin/injection/callback/CallbackInfoReturnable;)V does use it's CallbackInfoReturnable
[14:44:50] [Render thread/DEBUG] (FabricLoader/Mixin) fabric-renderer-api-v1.debughud.mixins.json:DebugHudMixin from mod fabric-renderer-api-v1->@Inject::getLeftText(Lorg/spongepowered/asm/mixin/injection/callback/CallbackInfoReturnable;)V does use it's CallbackInfoReturnable
[14:44:50] [Render thread/DEBUG] (FabricLoader/Mixin) fabric-renderer-api-v1.debughud.mixins.json:DebugHudMixin from mod fabric-renderer-api-v1->@Inject::getLeftText(Lorg/spongepowered/asm/mixin/injection/callback/CallbackInfoReturnable;)V does use it's CallbackInfoReturnable
[14:44:50] [Render thread/DEBUG] (FabricLoader/Mixin) iris-batched-entity-rendering.mixins.json:MixinDebugScreenOverlay from mod iris->@Inject::batchedentityrendering$appendStats(Lorg/spongepowered/asm/mixin/injection/callback/CallbackInfoReturnable;)V does use it's CallbackInfoReturnable
[14:44:50] [Render thread/DEBUG] (FabricLoader/Mixin) iris-batched-entity-rendering.mixins.json:MixinDebugScreenOverlay from mod iris->@Inject::batchedentityrendering$appendStats(Lorg/spongepowered/asm/mixin/injection/callback/CallbackInfoReturnable;)V does use it's CallbackInfoReturnable
[14:44:50] [Render thread/DEBUG] (FabricLoader/Mixin) Mixing MixinChainedJsonException from mixins.iris.json into net.minecraft.util.InvalidHierarchicalFileException
[14:44:50] [Render thread/DEBUG] (FabricLoader/Mixin) mixins.iris.json:MixinChainedJsonException from mod iris: Class version 61 required is higher than the class version supported by the current version of Mixin (JAVA_8 supports class version 52)
[14:44:50] [Render thread/DEBUG] (FabricLoader/Mixin) mixins.iris.json:MixinChainedJsonException from mod iris->@Inject::iris$changeShaderParseException(Ljava/lang/Exception;Lorg/spongepowered/asm/mixin/injection/callback/CallbackInfoReturnable;)V does use it's CallbackInfoReturnable
[14:44:50] [Render thread/DEBUG] (FabricLoader/Mixin) Mixing shader.ShaderProgramImportProcessorMixin from fabric-rendering-v1.mixins.json into net.minecraft.client.gl.ShaderProgram$1
[14:44:50] [Render thread/DEBUG] (FabricLoader/Mixin) fabric-rendering-v1.mixins.json:shader.ShaderProgramImportProcessorMixin from mod fabric-rendering-v1: Class version 61 required is higher than the class version supported by the current version of Mixin (JAVA_16 supports class version 60)
[14:44:50] [Render thread/DEBUG] (FabricLoader/Mixin) fabric-rendering-v1.mixins.json:shader.ShaderProgramImportProcessorMixin from mod fabric-rendering-v1->@Inject::captureImport(ZLjava/lang/String;Lorg/spongepowered/asm/mixin/injection/callback/CallbackInfoReturnable;)V doesn't use it's CallbackInfoReturnable
[14:44:50] [Render thread/DEBUG] (FabricLoader/Mixin) fabric-rendering-v1.mixins.json:shader.ShaderProgramImportProcessorMixin from mod fabric-rendering-v1->@Inject::captureImport(ZLjava/lang/String;Lorg/spongepowered/asm/mixin/injection/callback/CallbackInfoReturnable;)V has 0 override(s) in child classes
[14:44:50] [Render thread/DEBUG] (FabricLoader/Mixin) fabric-rendering-v1.mixins.json:shader.ShaderProgramImportProcessorMixin from mod fabric-rendering-v1->@Inject::captureImport(ZLjava/lang/String;Lorg/spongepowered/asm/mixin/injection/callback/CallbackInfoReturnable;)V won't be passed a CallbackInfoReturnable as a result
[14:44:50] [Render thread/DEBUG] (FabricLoader/Mixin) fabric-rendering-v1.mixins.json:shader.ShaderProgramImportProcessorMixin from mod fabric-rendering-v1->@Inject::uncaptureImport(ZLjava/lang/String;Lorg/spongepowered/asm/mixin/injection/callback/CallbackInfoReturnable;)V doesn't use it's CallbackInfoReturnable
[14:44:50] [Render thread/DEBUG] (FabricLoader/Mixin) fabric-rendering-v1.mixins.json:shader.ShaderProgramImportProcessorMixin from mod fabric-rendering-v1->@Inject::uncaptureImport(ZLjava/lang/String;Lorg/spongepowered/asm/mixin/injection/callback/CallbackInfoReturnable;)V has 0 override(s) in child classes
[14:44:50] [Render thread/DEBUG] (FabricLoader/Mixin) fabric-rendering-v1.mixins.json:shader.ShaderProgramImportProcessorMixin from mod fabric-rendering-v1->@Inject::uncaptureImport(ZLjava/lang/String;Lorg/spongepowered/asm/mixin/injection/callback/CallbackInfoReturnable;)V won't be passed a CallbackInfoReturnable as a result
[14:44:50] [Render thread/DEBUG] (FabricLoader/Mixin) fabric-rendering-v1.mixins.json:shader.ShaderProgramImportProcessorMixin from mod fabric-rendering-v1->@Inject::uncaptureImport(ZLjava/lang/String;Lorg/spongepowered/asm/mixin/injection/callback/CallbackInfoReturnable;)V doesn't use it's CallbackInfoReturnable
[14:44:50] [Render thread/DEBUG] (FabricLoader/Mixin) fabric-rendering-v1.mixins.json:shader.ShaderProgramImportProcessorMixin from mod fabric-rendering-v1->@Inject::uncaptureImport(ZLjava/lang/String;Lorg/spongepowered/asm/mixin/injection/callback/CallbackInfoReturnable;)V has 0 override(s) in child classes
[14:44:50] [Render thread/DEBUG] (FabricLoader/Mixin) fabric-rendering-v1.mixins.json:shader.ShaderProgramImportProcessorMixin from mod fabric-rendering-v1->@Inject::uncaptureImport(ZLjava/lang/String;Lorg/spongepowered/asm/mixin/injection/callback/CallbackInfoReturnable;)V won't be passed a CallbackInfoReturnable as a result
[14:44:50] [Render thread/DEBUG] (FabricLoader/Mixin) fabric-rendering-v1.mixins.json:shader.ShaderProgramImportProcessorMixin from mod fabric-rendering-v1->@Inject::uncaptureImport(ZLjava/lang/String;Lorg/spongepowered/asm/mixin/injection/callback/CallbackInfoReturnable;)V doesn't use it's CallbackInfoReturnable
[14:44:50] [Render thread/DEBUG] (FabricLoader/Mixin) fabric-rendering-v1.mixins.json:shader.ShaderProgramImportProcessorMixin from mod fabric-rendering-v1->@Inject::uncaptureImport(ZLjava/lang/String;Lorg/spongepowered/asm/mixin/injection/callback/CallbackInfoReturnable;)V has 0 override(s) in child classes
[14:44:50] [Render thread/DEBUG] (FabricLoader/Mixin) fabric-rendering-v1.mixins.json:shader.ShaderProgramImportProcessorMixin from mod fabric-rendering-v1->@Inject::uncaptureImport(ZLjava/lang/String;Lorg/spongepowered/asm/mixin/injection/callback/CallbackInfoReturnable;)V won't be passed a CallbackInfoReturnable as a result
[14:44:50] [Render thread/DEBUG] (FabricLoader/Mixin) Mixing MixinUniform from mixins.iris.json into net.minecraft.client.gl.GlUniform
[14:44:50] [Render thread/DEBUG] (FabricLoader/Mixin) mixins.iris.json:MixinUniform from mod iris: Class version 61 required is higher than the class version supported by the current version of Mixin (JAVA_8 supports class version 52)
[14:44:50] [Render thread/DEBUG] (FabricLoader/Mixin) mixins.iris.json:MixinUniform from mod iris->@Inject::iris$glGetUniformLocation(ILjava/lang/CharSequence;Lorg/spongepowered/asm/mixin/injection/callback/CallbackInfoReturnable;)V does use it's CallbackInfoReturnable
[14:44:50] [Render thread/DEBUG] (FabricLoader/Mixin) Mixing ResourceMixin from fabric-resource-loader-v0.mixins.json into net.minecraft.resource.Resource
[14:44:50] [Render thread/DEBUG] (FabricLoader/Mixin) fabric-resource-loader-v0.mixins.json:ResourceMixin from mod fabric-resource-loader-v0: Class version 61 required is higher than the class version supported by the current version of Mixin (JAVA_16 supports class version 60)
[14:44:50] [Render thread/DEBUG] (FabricLoader/Mixin) Mixing MixinProgramType from mixins.iris.json into net.minecraft.client.gl.ShaderStage$Type
[14:44:50] [Render thread/DEBUG] (FabricLoader/Mixin) mixins.iris.json:MixinProgramType from mod iris: Class version 61 required is higher than the class version supported by the current version of Mixin (JAVA_8 supports class version 52)
[14:44:50] [Render thread/DEBUG] (FabricLoader/Mixin) Mixing ProgramTypeAccessor from mixins.iris.json into net.minecraft.client.gl.ShaderStage$Type
[14:44:50] [Render thread/DEBUG] (FabricLoader/Mixin) mixins.iris.json:ProgramTypeAccessor from mod iris: Class version 61 required is higher than the class version supported by the current version of Mixin (JAVA_8 supports class version 52)
[14:44:50] [Render thread/DEBUG] (FabricLoader/Mixin) Renaming @Invoker method createProgramType(Ljava/lang/String;ILjava/lang/String;Ljava/lang/String;I)Lnet/minecraft/client/gl/ShaderStage$Type; to createProgramType$iris_$md$a9fcf3$0 in mixins.iris.json:ProgramTypeAccessor from mod iris
[14:44:50] [Render thread/DEBUG] (FabricLoader/Mixin) Mixing MixinProgram from mixins.iris.json into net.minecraft.client.gl.ShaderStage
[14:44:50] [Render thread/DEBUG] (FabricLoader/Mixin) mixins.iris.json:MixinProgram from mod iris: Class version 61 required is higher than the class version supported by the current version of Mixin (JAVA_8 supports class version 52)
[14:44:50] [Render thread/DEBUG] (FabricLoader/Mixin) mixins.iris.json:MixinProgram from mod iris->@Inject::iris$causeException(Lnet/minecraft/client/gl/ShaderStage$Type;Ljava/lang/String;Ljava/io/InputStream;Ljava/lang/String;Lnet/minecraft/client/gl/GlImportProcessor;Lorg/spongepowered/asm/mixin/injection/callback/CallbackInfoReturnable;Ljava/lang/String;I)V does use it's CallbackInfoReturnable
[14:44:50] [Render thread/DEBUG] (FabricLoader/Mixin) Mixing MixinProgramManager from mixins.iris.json into net.minecraft.client.gl.GlProgramManager
[14:44:50] [Render thread/DEBUG] (FabricLoader/Mixin) mixins.iris.json:MixinProgramManager from mod iris: Class version 61 required is higher than the class version supported by the current version of Mixin (JAVA_8 supports class version 52)
[14:44:50] [Render thread/DEBUG] (FabricLoader/Mixin) mixins.iris.json:MixinProgramManager from mod iris->@Inject::iris$releaseGeometry(Lnet/minecraft/client/gl/ShaderProgramSetupView;Lorg/spongepowered/asm/mixin/injection/callback/CallbackInfo;)V doesn't use it's CallbackInfo
[14:44:50] [Render thread/DEBUG] (FabricLoader/Mixin) Mixing MessageHandlerMixin from fabric-message-api-v1.client.mixins.json into net.minecraft.client.network.message.MessageHandler
[14:44:50] [Render thread/DEBUG] (FabricLoader/Mixin) fabric-message-api-v1.client.mixins.json:MessageHandlerMixin from mod fabric-message-api-v1->@Inject::fabric_onSignedChatMessage(Lnet/minecraft/network/message/MessageType$Parameters;Lnet/minecraft/network/message/SignedMessage;Lnet/minecraft/text/Text;Lcom/mojang/authlib/GameProfile;ZLjava/time/Instant;Lorg/spongepowered/asm/mixin/injection/callback/CallbackInfoReturnable;)V does use it's CallbackInfoReturnable
[14:44:50] [Render thread/DEBUG] (FabricLoader/Mixin) fabric-message-api-v1.client.mixins.json:MessageHandlerMixin from mod fabric-message-api-v1->@Inject::fabric_onFilteredSignedChatMessage(Lnet/minecraft/network/message/MessageType$Parameters;Lnet/minecraft/network/message/SignedMessage;Lnet/minecraft/text/Text;Lcom/mojang/authlib/GameProfile;ZLjava/time/Instant;Lorg/spongepowered/asm/mixin/injection/callback/CallbackInfoReturnable;)V does use it's CallbackInfoReturnable
[14:44:50] [Render thread/DEBUG] (FabricLoader/Mixin) fabric-message-api-v1.client.mixins.json:MessageHandlerMixin from mod fabric-message-api-v1->@Inject::fabric_onProfilelessChatMessage(Lnet/minecraft/network/message/MessageType$Parameters;Lnet/minecraft/text/Text;Ljava/time/Instant;Lorg/spongepowered/asm/mixin/injection/callback/CallbackInfoReturnable;)V does use it's CallbackInfoReturnable
[14:44:50] [Render thread/DEBUG] (FabricLoader/Mixin) fabric-message-api-v1.client.mixins.json:MessageHandlerMixin from mod fabric-message-api-v1->@Inject::fabric_allowGameMessage(Lnet/minecraft/text/Text;ZLorg/spongepowered/asm/mixin/injection/callback/CallbackInfo;)V does use it's CallbackInfo
[14:44:50] [Render thread/INFO] (net.minecraft.resource.ReloadableResourceManagerImpl) Reloading ResourceManager: vanilla, fabric (fabric-tag-api-v1, fabric-api-lookup-api-v1, fabric-api-base, fabric-client-tags-api-v1, fabric-particles-v1, fabric-recipe-api-v1, fabric-key-binding-api-v1, fabric-blockrenderlayer-v1, fabric-loot-api-v2, iris, fabric-sound-api-v1, fabric-lifecycle-events-v1, fabric-block-view-api-v2, fabric-renderer-api-v1, fabric-model-loading-api-v1, fabric-entity-events-v1, fabric-rendering-fluids-v1, fabric-models-v0, fabric-commands-v0, fabric-loot-tables-v1, fabric-keybindings-v0, fabric-registry-sync-v0, fabric-rendering-v1, fabric-networking-v0, fabric-biome-api-v1, fabric-rendering-v0, fabric-data-generation-api-v1, fabric-screen-api-v1, fabric-gametest-api-v1, fabric-item-group-api-v1, fabric-dimensions-v1, fabric-api, fabric-resource-conditions-api-v1, fabric-command-api-v2, fabric-events-interaction-v0, fabric-containers-v0, fabric-item-api-v1, fabricloader, fabric-events-lifecycle-v0, fabric-screen-handler-api-v1, fabric-rendering-data-attachment-v1, fabric-message-api-v1, fabric-command-api-v1, fabric-resource-loader-v0, fabric-transitive-access-wideners-v1, fabric-transfer-api-v1, vialumix, fabric-networking-api-v1, fabric-block-api-v1, fabric-data-attachment-api-v1, fabric-renderer-indigo, fabric-mining-level-api-v1, fabric-content-registries-v0, fabric-convention-tags-v1, fabric-renderer-registries-v1, sodium, fabric-object-builder-api-v1, fabric-crash-report-info-v1, fabric-game-rule-api-v1)
[14:44:50] [Render thread/DEBUG] (FabricLoader/Mixin) Mixing NamespaceResourceManagerMixin from fabric-resource-loader-v0.mixins.json into net.minecraft.resource.NamespaceResourceManager
[14:44:50] [Render thread/DEBUG] (FabricLoader/Mixin) fabric-resource-loader-v0.mixins.json:NamespaceResourceManagerMixin from mod fabric-resource-loader-v0: Class version 61 required is higher than the class version supported by the current version of Mixin (JAVA_16 supports class version 60)
[14:44:50] [Render thread/DEBUG] (FabricLoader/Mixin) fabric-resource-loader-v0.mixins.json:NamespaceResourceManagerMixin from mod fabric-resource-loader-v0->@Inject::onGetAllResources(Lnet/minecraft/util/Identifier;Lorg/spongepowered/asm/mixin/injection/callback/CallbackInfoReturnable;Lnet/minecraft/util/Identifier;Ljava/util/List;)V doesn't use it's CallbackInfoReturnable
[14:44:50] [Render thread/DEBUG] (FabricLoader/Mixin) fabric-resource-loader-v0.mixins.json:NamespaceResourceManagerMixin from mod fabric-resource-loader-v0->@Inject::onGetAllResources(Lnet/minecraft/util/Identifier;Lorg/spongepowered/asm/mixin/injection/callback/CallbackInfoReturnable;Lnet/minecraft/util/Identifier;Ljava/util/List;)V has 0 override(s) in child classes
[14:44:50] [Render thread/DEBUG] (FabricLoader/Mixin) fabric-resource-loader-v0.mixins.json:NamespaceResourceManagerMixin from mod fabric-resource-loader-v0->@Inject::onGetAllResources(Lnet/minecraft/util/Identifier;Lorg/spongepowered/asm/mixin/injection/callback/CallbackInfoReturnable;Lnet/minecraft/util/Identifier;Ljava/util/List;)V won't be passed a CallbackInfoReturnable as a result
[14:44:50] [Render thread/DEBUG] (FabricLoader/Mixin) Mixing SimpleResourceReloadMixin from fabric-resource-loader-v0.mixins.json into net.minecraft.resource.SimpleResourceReload
[14:44:50] [Render thread/DEBUG] (FabricLoader/Mixin) fabric-resource-loader-v0.mixins.json:SimpleResourceReloadMixin from mod fabric-resource-loader-v0: Class version 61 required is higher than the class version supported by the current version of Mixin (JAVA_16 supports class version 60)
[14:44:50] [Render thread/DEBUG] (FabricLoader/Mixin) fabric-resource-loader-v0.mixins.json:SimpleResourceReloadMixin from mod fabric-resource-loader-v0->@Inject::method_40087(Lnet/minecraft/resource/ResourceManager;Ljava/util/List;Ljava/util/concurrent/Executor;Ljava/util/concurrent/Executor;Ljava/util/concurrent/CompletableFuture;ZLorg/spongepowered/asm/mixin/injection/callback/CallbackInfoReturnable;)V doesn't use it's CallbackInfoReturnable
[14:44:50] [Render thread/DEBUG] (FabricLoader/Mixin) Mixing GameOptionsScreenAccessor from vialumix.mixins.json into net.minecraft.client.gui.screen.option.GameOptionsScreen
[14:44:50] [Render thread/DEBUG] (FabricLoader/Mixin) Mixing features.gui.hooks.settings.OptionsScreenMixin from sodium.mixins.json into net.minecraft.client.gui.screen.option.OptionsScreen
[14:44:50] [Render thread/DEBUG] (FabricLoader/Mixin) sodium.mixins.json:features.gui.hooks.settings.OptionsScreenMixin from mod sodium->@Inject::open(Lorg/spongepowered/asm/mixin/injection/callback/CallbackInfoReturnable;)V does use it's CallbackInfoReturnable
[14:44:50] [Worker-Main-7/DEBUG] (FabricLoader/Mixin) Mixing texture.pbr.MixinDirectoryLister from mixins.iris.json into net.minecraft.client.texture.atlas.DirectoryAtlasSource
[14:44:50] [Worker-Main-7/DEBUG] (FabricLoader/Mixin) mixins.iris.json:texture.pbr.MixinDirectoryLister from mod iris: Class version 61 required is higher than the class version supported by the current version of Mixin (JAVA_8 supports class version 52)
[14:44:50] [Worker-Main-7/DEBUG] (FabricLoader/Mixin) Renaming synthetic method lambda$iris$modifyForEachAction$0(Lnet/minecraft/resource/ResourceManager;Ljava/util/function/BiConsumer;Lnet/minecraft/util/Identifier;Lnet/minecraft/resource/Resource;)V to mda9fcf3$iris$lambda$iris$modifyForEachAction$0$0 in mixins.iris.json:texture.pbr.MixinDirectoryLister from mod iris
[14:44:50] [Worker-Main-7/DEBUG] (FabricLoader/Mixin) ArgsClassGenerator assigning org.spongepowered.asm.synthetic.args.Args$1 for descriptor (Ljava/util/function/BiConsumer;)V
[14:44:50] [Render thread/DEBUG] (FabricLoader/Mixin) Mixing MixinQuickPlayDev from mixins.iris.json into net.minecraft.client.QuickPlay
[14:44:50] [Render thread/DEBUG] (FabricLoader/Mixin) mixins.iris.json:MixinQuickPlayDev from mod iris: Class version 61 required is higher than the class version supported by the current version of Mixin (JAVA_8 supports class version 52)
[14:44:50] [Render thread/DEBUG] (FabricLoader/Mixin) mixins.iris.json:MixinQuickPlayDev from mod iris->@Inject::iris$createWorldIfDev(Lnet/minecraft/client/MinecraftClient;Ljava/lang/String;Lorg/spongepowered/asm/mixin/injection/callback/CallbackInfo;)V does use it's CallbackInfo
[14:44:50] [Worker-Main-19/DEBUG] (FabricLoader/Mixin) Mixing texture.MixinSpriteContents from mixins.iris.json into net.minecraft.client.texture.SpriteContents
[14:44:50] [Worker-Main-19/DEBUG] (FabricLoader/Mixin) mixins.iris.json:texture.MixinSpriteContents from mod iris: Class version 61 required is higher than the class version supported by the current version of Mixin (JAVA_8 supports class version 52)
[14:44:50] [Worker-Main-19/DEBUG] (FabricLoader/Mixin) Mixing texture.SpriteContentsAccessor from mixins.iris.json into net.minecraft.client.texture.SpriteContents
[14:44:50] [Worker-Main-19/DEBUG] (FabricLoader/Mixin) mixins.iris.json:texture.SpriteContentsAccessor from mod iris: Class version 61 required is higher than the class version supported by the current version of Mixin (JAVA_8 supports class version 52)
[14:44:50] [Worker-Main-19/DEBUG] (FabricLoader/Mixin) Mixing texture.pbr.MixinSpriteContents from mixins.iris.json into net.minecraft.client.texture.SpriteContents
[14:44:50] [Worker-Main-19/DEBUG] (FabricLoader/Mixin) mixins.iris.json:texture.pbr.MixinSpriteContents from mod iris: Class version 61 required is higher than the class version supported by the current version of Mixin (JAVA_8 supports class version 52)
[14:44:50] [Worker-Main-19/DEBUG] (FabricLoader/Mixin) Mixing pbr_animation.MixinSpriteContents from mixins.iris.compat.sodium.json into net.minecraft.client.texture.SpriteContents
[14:44:50] [Worker-Main-19/DEBUG] (FabricLoader/Mixin) mixins.iris.compat.sodium.json:pbr_animation.MixinSpriteContents from mod iris: Class version 61 required is higher than the class version supported by the current version of Mixin (JAVA_8 supports class version 52)
[14:44:50] [Worker-Main-19/DEBUG] (FabricLoader/Mixin) Mixing SpriteContentsAccessor from vialumix.mixins.json into net.minecraft.client.texture.SpriteContents
[14:44:50] [Worker-Main-19/DEBUG] (FabricLoader/Mixin) Mixing features.textures.SpriteContentsInvoker from sodium.mixins.json into net.minecraft.client.texture.SpriteContents
[14:44:50] [Worker-Main-19/DEBUG] (FabricLoader/Mixin) Mixing features.textures.animations.tracking.SpriteContentsMixin from sodium.mixins.json into net.minecraft.client.texture.SpriteContents
[14:44:50] [Worker-Main-19/DEBUG] (FabricLoader/Mixin) Mixing features.textures.animations.upload.SpriteContentsAccessor from sodium.mixins.json into net.minecraft.client.texture.SpriteContents
[14:44:50] [Worker-Main-19/DEBUG] (FabricLoader/Mixin) Mixing features.textures.mipmaps.SpriteContentsMixin from sodium.mixins.json into net.minecraft.client.texture.SpriteContents
[14:44:50] [Worker-Main-19/DEBUG] (FabricLoader/Mixin) mixins.iris.json:texture.MixinSpriteContents from mod iris->@Inject::onReturnCreateTicker(Lorg/spongepowered/asm/mixin/injection/callback/CallbackInfoReturnable;)V does use it's CallbackInfoReturnable
[14:44:50] [Worker-Main-19/DEBUG] (FabricLoader/Mixin) mixins.iris.json:texture.pbr.MixinSpriteContents from mod iris->@Inject::iris$onTailClose(Lorg/spongepowered/asm/mixin/injection/callback/CallbackInfo;)V doesn't use it's CallbackInfo
[14:44:50] [Worker-Main-19/DEBUG] (FabricLoader/Mixin) mixins.iris.json:texture.pbr.MixinSpriteContents from mod iris->@Inject::iris$onTailClose(Lorg/spongepowered/asm/mixin/injection/callback/CallbackInfo;)V has 0 override(s) in child classes
[14:44:50] [Worker-Main-19/DEBUG] (FabricLoader/Mixin) mixins.iris.json:texture.pbr.MixinSpriteContents from mod iris->@Inject::iris$onTailClose(Lorg/spongepowered/asm/mixin/injection/callback/CallbackInfo;)V won't be passed a CallbackInfo as a result
[14:44:50] [Worker-Main-19/DEBUG] (FabricLoader/Mixin) mixins.iris.compat.sodium.json:pbr_animation.MixinSpriteContents from mod iris->@Inject::iris$onTailMarkActive(Lorg/spongepowered/asm/mixin/injection/callback/CallbackInfo;)V doesn't use it's CallbackInfo
[14:44:50] [Worker-Main-19/DEBUG] (FabricLoader/Mixin) mixins.iris.compat.sodium.json:pbr_animation.MixinSpriteContents from mod iris->@Inject::iris$onTailMarkActive(Lorg/spongepowered/asm/mixin/injection/callback/CallbackInfo;)V has 0 override(s) in child classes
[14:44:50] [Worker-Main-19/DEBUG] (FabricLoader/Mixin) mixins.iris.compat.sodium.json:pbr_animation.MixinSpriteContents from mod iris->@Inject::iris$onTailMarkActive(Lorg/spongepowered/asm/mixin/injection/callback/CallbackInfo;)V won't be passed a CallbackInfo as a result
[14:44:50] [Worker-Main-5/INFO] (net.minecraft.client.font.UnihexFont) Found unifont_all_no_pua-15.0.06.hex, loading
[14:44:50] [Worker-Main-27/DEBUG] (FabricLoader/Mixin) Mixing texture.SpriteContentsFrameInfoAccessor from mixins.iris.json into net.minecraft.client.texture.SpriteContents$AnimationFrame
[14:44:50] [Worker-Main-27/DEBUG] (FabricLoader/Mixin) mixins.iris.json:texture.SpriteContentsFrameInfoAccessor from mod iris: Class version 61 required is higher than the class version supported by the current version of Mixin (JAVA_8 supports class version 52)
[14:44:50] [Worker-Main-27/DEBUG] (FabricLoader/Mixin) Mixing features.textures.animations.tracking.SpriteContentsAnimationFrameAccessor from sodium.mixins.json into net.minecraft.client.texture.SpriteContents$AnimationFrame
[14:44:50] [Worker-Main-27/DEBUG] (FabricLoader/Mixin) Mixing features.textures.animations.upload.SpriteContentsAnimationFrameAccessor from sodium.mixins.json into net.minecraft.client.texture.SpriteContents$AnimationFrame
[14:44:50] [Worker-Main-27/DEBUG] (FabricLoader/Mixin) Unexpected: Registered method getTime()I in net.minecraft.client.texture.SpriteContents$AnimationFrame was not merged
[14:44:50] [Worker-Main-27/DEBUG] (FabricLoader/Mixin) Unexpected: Registered method getIndex()I in net.minecraft.client.texture.SpriteContents$AnimationFrame was not merged
[14:44:50] [Worker-Main-27/DEBUG] (FabricLoader/Mixin) Unexpected: Registered method getTime()I in net.minecraft.client.texture.SpriteContents$AnimationFrame was not merged
[14:44:50] [Render thread/INFO] (vialumix) Vialumix renderer capability probe: OpenGL vendor='NVIDIA Corporation', renderer='NVIDIA GeForce RTX 5070/PCIe/SSE2', version='3.2.0 NVIDIA 617.14', computeShaders=true, GL_NV_ray_tracing=false (OpenGL only; does not report Vulkan RT), GL_EXT_memory_object=true, GL_EXT_memory_object_win32=true, GL_EXT_semaphore=true, GL_EXT_semaphore_win32=true, GL_DEVICE_LUID_EXT=available
[14:44:50] [Worker-Main-13/DEBUG] (FabricLoader/Mixin) Mixing texture.SpriteContentsAnimatedTextureAccessor from mixins.iris.json into net.minecraft.client.texture.SpriteContents$Animation
[14:44:50] [Worker-Main-13/DEBUG] (FabricLoader/Mixin) mixins.iris.json:texture.SpriteContentsAnimatedTextureAccessor from mod iris: Class version 61 required is higher than the class version supported by the current version of Mixin (JAVA_8 supports class version 52)
[14:44:50] [Worker-Main-13/DEBUG] (FabricLoader/Mixin) Mixing features.textures.animations.tracking.SpriteContentsAnimationAccessor from sodium.mixins.json into net.minecraft.client.texture.SpriteContents$Animation
[14:44:50] [Worker-Main-13/DEBUG] (FabricLoader/Mixin) Mixing features.textures.animations.upload.SpriteContentsAnimationAccessor from sodium.mixins.json into net.minecraft.client.texture.SpriteContents$Animation
[14:44:50] [Worker-Main-13/DEBUG] (FabricLoader/Mixin) Unexpected: Registered method getFrames()Ljava/util/List; in net.minecraft.client.texture.SpriteContents$Animation was not merged
[14:44:50] [Worker-Main-13/DEBUG] (FabricLoader/Mixin) Unexpected: Registered method getFrames()Ljava/util/List; in net.minecraft.client.texture.SpriteContents$Animation was not merged
[14:44:50] [Render thread/INFO] (vialumix) Vialumix Vulkan/OpenGL device and export probe: matchedVulkanDevice="NVIDIA GeForce RTX 5070", Vulkan=1.4, VK_KHR_acceleration_structure=1, VK_KHR_ray_tracing_pipeline=1, rayTracingFeatures=1, VK_KHR_deferred_host_operations=1, VK_KHR_external_memory_win32=1, VK_KHR_external_semaphore_win32=1, rgba16fExternalImageExport=1, rgba8ExternalImageExport=1, opaqueWin32SemaphoreImportExport=1
[14:44:50] [Worker-Main-3/DEBUG] (FabricLoader/Mixin) Mixing features.textures.mipmaps.MipmapHelperMixin from sodium.mixins.json into net.minecraft.client.texture.MipmapHelper
[14:44:51] [Render thread/INFO] (vialumix) Vialumix Vulkan/OpenGL shared-image readback probe: hardwareRayTracingPipeline=true, inputTriangles=1, rayHitSamples=338, centerPixel=20/105/255/255, dimensions=64x64
[14:44:51] [Render thread/INFO] (vialumix) GL_NV_ray_tracing is unavailable in this OpenGL context; Vulkan ray tracing is checked independently and is not ruled out by this result.
[14:44:51] [Render thread/INFO] (vialumix) OpenGL advertises the Windows external-memory and semaphore extensions required by the Vulkan/OpenGL shared-image probe.
[14:44:51] [Render thread/DEBUG] (FabricLoader/Mixin) Mixing MixinFogRenderer from mixins.iris.json into net.minecraft.client.render.BackgroundRenderer
[14:44:51] [Render thread/DEBUG] (FabricLoader/Mixin) mixins.iris.json:MixinFogRenderer from mod iris: Class version 61 required is higher than the class version supported by the current version of Mixin (JAVA_8 supports class version 52)
[14:44:51] [Render thread/DEBUG] (FabricLoader/Mixin) mixins.iris.json:MixinFogRenderer from mod iris->@Inject::iris$setupLegacyWaterFog(Lnet/minecraft/client/render/Camera;Lnet/minecraft/client/render/BackgroundRenderer$FogType;FZFLorg/spongepowered/asm/mixin/injection/callback/CallbackInfo;)V doesn't use it's CallbackInfo
[14:44:51] [Render thread/DEBUG] (FabricLoader/Mixin) mixins.iris.json:MixinFogRenderer from mod iris->@Inject::render(Lnet/minecraft/client/render/Camera;FLnet/minecraft/client/world/ClientWorld;IFLorg/spongepowered/asm/mixin/injection/callback/CallbackInfo;)V doesn't use it's CallbackInfo
[14:44:51] [Worker-Main-11/DEBUG] (FabricLoader/Mixin) Mixing ModelLoaderBakerImplMixin from fabric-model-loading-api-v1.mixins.json into net.minecraft.client.render.model.ModelLoader$BakerImpl
[14:44:51] [Worker-Main-11/DEBUG] (FabricLoader/Mixin) Mixing core.model.quad.BakedQuadMixin from sodium.mixins.json into net.minecraft.client.render.model.BakedQuad
[14:44:51] [Worker-Main-11/DEBUG] (FabricLoader/Mixin) sodium.mixins.json:core.model.quad.BakedQuadMixin from mod sodium->@Inject::init([IILnet/minecraft/util/math/Direction;Lnet/minecraft/client/texture/Sprite;ZLorg/spongepowered/asm/mixin/injection/callback/CallbackInfo;)V doesn't use it's CallbackInfo
[14:44:51] [Worker-Main-11/DEBUG] (FabricLoader/Mixin) sodium.mixins.json:core.model.quad.BakedQuadMixin from mod sodium->@Inject::init([IILnet/minecraft/util/math/Direction;Lnet/minecraft/client/texture/Sprite;ZLorg/spongepowered/asm/mixin/injection/callback/CallbackInfo;)V has 0 override(s) in child classes
[14:44:51] [Worker-Main-11/DEBUG] (FabricLoader/Mixin) sodium.mixins.json:core.model.quad.BakedQuadMixin from mod sodium->@Inject::init([IILnet/minecraft/util/math/Direction;Lnet/minecraft/client/texture/Sprite;ZLorg/spongepowered/asm/mixin/injection/callback/CallbackInfo;)V won't be passed a CallbackInfo as a result
[14:44:51] [Worker-Main-11/DEBUG] (FabricLoader/Mixin) Unexpected: Registered method hasShade()Z in net.minecraft.client.render.model.BakedQuad was not merged
[14:44:51] [Worker-Main-11/DEBUG] (FabricLoader/Mixin) Mixing client.MultipartBakedModelMixin from fabric-renderer-api-v1.mixins.json into net.minecraft.client.render.model.MultipartBakedModel
[14:44:51] [Worker-Main-11/DEBUG] (FabricLoader/Mixin) fabric-renderer-api-v1.mixins.json:client.MultipartBakedModelMixin from mod fabric-renderer-api-v1: Class version 61 required is higher than the class version supported by the current version of Mixin (JAVA_16 supports class version 60)
[14:44:51] [Worker-Main-11/DEBUG] (FabricLoader/Mixin) Renaming synthetic method lambda$emitBlockQuads$0(Lnet/minecraft/util/math/random/Random;J)Lnet/minecraft/util/math/random/Random; to mda9fcf3$fabric-renderer-api-v1$lambda$emitBlockQuads$0$0 in fabric-renderer-api-v1.mixins.json:client.MultipartBakedModelMixin from mod fabric-renderer-api-v1
[14:44:51] [Worker-Main-11/DEBUG] (FabricLoader/Mixin) Mixing features.model.MultipartBakedModelMixin from sodium.mixins.json into net.minecraft.client.render.model.MultipartBakedModel
[14:44:51] [Worker-Main-11/DEBUG] (FabricLoader/Mixin) Renaming synthetic method lambda$getQuads$0(I)[Lnet/minecraft/client/render/model/BakedModel; to mda9fcf3$sodium$lambda$getQuads$0$1 in sodium.mixins.json:features.model.MultipartBakedModelMixin from mod sodium
[14:44:51] [Worker-Main-11/DEBUG] (FabricLoader/Mixin) fabric-renderer-api-v1.mixins.json:client.MultipartBakedModelMixin from mod fabric-renderer-api-v1->@Inject::onInit(Ljava/util/List;Lorg/spongepowered/asm/mixin/injection/callback/CallbackInfo;)V doesn't use it's CallbackInfo
[14:44:51] [Worker-Main-11/DEBUG] (FabricLoader/Mixin) fabric-renderer-api-v1.mixins.json:client.MultipartBakedModelMixin from mod fabric-renderer-api-v1->@Inject::onInit(Ljava/util/List;Lorg/spongepowered/asm/mixin/injection/callback/CallbackInfo;)V has 0 override(s) in child classes
[14:44:51] [Worker-Main-11/DEBUG] (FabricLoader/Mixin) fabric-renderer-api-v1.mixins.json:client.MultipartBakedModelMixin from mod fabric-renderer-api-v1->@Inject::onInit(Ljava/util/List;Lorg/spongepowered/asm/mixin/injection/callback/CallbackInfo;)V won't be passed a CallbackInfo as a result
[14:44:51] [Worker-Main-11/DEBUG] (FabricLoader/Mixin) Mixing client.WeightedBakedModelMixin from fabric-renderer-api-v1.mixins.json into net.minecraft.client.render.model.WeightedBakedModel
[14:44:51] [Worker-Main-11/DEBUG] (FabricLoader/Mixin) fabric-renderer-api-v1.mixins.json:client.WeightedBakedModelMixin from mod fabric-renderer-api-v1: Class version 61 required is higher than the class version supported by the current version of Mixin (JAVA_16 supports class version 60)
[14:44:51] [Worker-Main-11/DEBUG] (FabricLoader/Mixin) Renaming synthetic method lambda$emitItemQuads$1(Ljava/util/function/Supplier;)Lnet/minecraft/util/math/random/Random; to mda9fcf3$fabric-renderer-api-v1$lambda$emitItemQuads$1$0 in fabric-renderer-api-v1.mixins.json:client.WeightedBakedModelMixin from mod fabric-renderer-api-v1
[14:44:51] [Worker-Main-11/DEBUG] (FabricLoader/Mixin) Renaming synthetic method lambda$emitBlockQuads$0(Ljava/util/function/Supplier;)Lnet/minecraft/util/math/random/Random; to mda9fcf3$fabric-renderer-api-v1$lambda$emitBlockQuads$0$1 in fabric-renderer-api-v1.mixins.json:client.WeightedBakedModelMixin from mod fabric-renderer-api-v1
[14:44:51] [Worker-Main-11/DEBUG] (FabricLoader/Mixin) Mixing features.model.WeightedBakedModelMixin from sodium.mixins.json into net.minecraft.client.render.model.WeightedBakedModel
[14:44:51] [Worker-Main-11/DEBUG] (FabricLoader/Mixin) fabric-renderer-api-v1.mixins.json:client.WeightedBakedModelMixin from mod fabric-renderer-api-v1->@Inject::onInit(Ljava/util/List;Lorg/spongepowered/asm/mixin/injection/callback/CallbackInfo;)V doesn't use it's CallbackInfo
[14:44:51] [Worker-Main-11/DEBUG] (FabricLoader/Mixin) fabric-renderer-api-v1.mixins.json:client.WeightedBakedModelMixin from mod fabric-renderer-api-v1->@Inject::onInit(Ljava/util/List;Lorg/spongepowered/asm/mixin/injection/callback/CallbackInfo;)V has 0 override(s) in child classes
[14:44:51] [Worker-Main-11/DEBUG] (FabricLoader/Mixin) fabric-renderer-api-v1.mixins.json:client.WeightedBakedModelMixin from mod fabric-renderer-api-v1->@Inject::onInit(Ljava/util/List;Lorg/spongepowered/asm/mixin/injection/callback/CallbackInfo;)V won't be passed a CallbackInfo as a result
[14:44:51] [Render thread/WARN] (net.minecraft.client.sound.SoundSystem) Missing sound for event: minecraft:item.goat_horn.play
[14:44:51] [Render thread/WARN] (net.minecraft.client.sound.SoundSystem) Missing sound for event: minecraft:entity.goat.screaming.horn_break
[14:44:51] [Render thread/INFO] (net.minecraft.client.sound.SoundEngine) OpenAL initialized on device OpenAL Soft on Realtek Digital Output (Realtek USB Audio)
[14:44:51] [Render thread/INFO] (net.minecraft.client.sound.SoundSystem) Sound engine started
[14:44:51] [Render thread/INFO] (net.minecraft.client.texture.SpriteAtlasTexture) Created: 1024x512x4 minecraft:textures/atlas/blocks.png-atlas
[14:44:51] [Render thread/DEBUG] (FabricLoader/Mixin) Mixing texture.SpriteContentsTickerAccessor from mixins.iris.json into net.minecraft.client.texture.SpriteContents$AnimatorImpl
[14:44:51] [Render thread/DEBUG] (FabricLoader/Mixin) mixins.iris.json:texture.SpriteContentsTickerAccessor from mod iris: Class version 61 required is higher than the class version supported by the current version of Mixin (JAVA_8 supports class version 52)
[14:44:51] [Render thread/DEBUG] (FabricLoader/Mixin) Mixing features.textures.animations.tracking.SpriteContentsAnimatorImplMixin from sodium.mixins.json into net.minecraft.client.texture.SpriteContents$AnimatorImpl
[14:44:51] [Render thread/DEBUG] (FabricLoader/Mixin) Mixing features.textures.animations.upload.SpriteContentsAnimatorImplAccessor from sodium.mixins.json into net.minecraft.client.texture.SpriteContents$AnimatorImpl
[14:44:51] [Render thread/DEBUG] (FabricLoader/Mixin) sodium.mixins.json:features.textures.animations.tracking.SpriteContentsAnimatorImplMixin from mod sodium->@Inject::assignParent(Lnet/minecraft/client/texture/SpriteContents;Lnet/minecraft/client/texture/SpriteContents$Animation;Lnet/minecraft/client/texture/SpriteContents$Interpolation;Lorg/spongepowered/asm/mixin/injection/callback/CallbackInfo;)V doesn't use it's CallbackInfo
[14:44:51] [Render thread/DEBUG] (FabricLoader/Mixin) sodium.mixins.json:features.textures.animations.tracking.SpriteContentsAnimatorImplMixin from mod sodium->@Inject::assignParent(Lnet/minecraft/client/texture/SpriteContents;Lnet/minecraft/client/texture/SpriteContents$Animation;Lnet/minecraft/client/texture/SpriteContents$Interpolation;Lorg/spongepowered/asm/mixin/injection/callback/CallbackInfo;)V has 0 override(s) in child classes
[14:44:51] [Render thread/DEBUG] (FabricLoader/Mixin) sodium.mixins.json:features.textures.animations.tracking.SpriteContentsAnimatorImplMixin from mod sodium->@Inject::assignParent(Lnet/minecraft/client/texture/SpriteContents;Lnet/minecraft/client/texture/SpriteContents$Animation;Lnet/minecraft/client/texture/SpriteContents$Interpolation;Lorg/spongepowered/asm/mixin/injection/callback/CallbackInfo;)V won't be passed a CallbackInfo as a result
[14:44:51] [Render thread/DEBUG] (FabricLoader/Mixin) sodium.mixins.json:features.textures.animations.tracking.SpriteContentsAnimatorImplMixin from mod sodium->@Inject::preTick(Lorg/spongepowered/asm/mixin/injection/callback/CallbackInfo;)V does use it's CallbackInfo
[14:44:51] [Render thread/DEBUG] (FabricLoader/Mixin) sodium.mixins.json:features.textures.animations.tracking.SpriteContentsAnimatorImplMixin from mod sodium->@Inject::postTick(Lorg/spongepowered/asm/mixin/injection/callback/CallbackInfo;)V doesn't use it's CallbackInfo
[14:44:51] [Render thread/DEBUG] (FabricLoader/Mixin) sodium.mixins.json:features.textures.animations.tracking.SpriteContentsAnimatorImplMixin from mod sodium->@Inject::postTick(Lorg/spongepowered/asm/mixin/injection/callback/CallbackInfo;)V has 0 override(s) in child classes
[14:44:51] [Render thread/DEBUG] (FabricLoader/Mixin) sodium.mixins.json:features.textures.animations.tracking.SpriteContentsAnimatorImplMixin from mod sodium->@Inject::postTick(Lorg/spongepowered/asm/mixin/injection/callback/CallbackInfo;)V won't be passed a CallbackInfo as a result
[14:44:51] [Render thread/DEBUG] (FabricLoader/Mixin) Mixing features.textures.animations.upload.SpriteContentsInterpolationMixin from sodium.mixins.json into net.minecraft.client.texture.SpriteContents$Interpolation
[14:44:51] [Render thread/DEBUG] (FabricLoader/Mixin) sodium.mixins.json:features.textures.animations.upload.SpriteContentsInterpolationMixin from mod sodium->@Inject::assignParent(Lnet/minecraft/client/texture/SpriteContents;Lorg/spongepowered/asm/mixin/injection/callback/CallbackInfo;)V doesn't use it's CallbackInfo
[14:44:51] [Render thread/INFO] (net.minecraft.client.texture.SpriteAtlasTexture) Created: 256x256x4 minecraft:textures/atlas/signs.png-atlas
[14:44:51] [Render thread/INFO] (net.minecraft.client.texture.SpriteAtlasTexture) Created: 512x512x4 minecraft:textures/atlas/shield_patterns.png-atlas
[14:44:51] [Render thread/INFO] (net.minecraft.client.texture.SpriteAtlasTexture) Created: 512x512x4 minecraft:textures/atlas/banner_patterns.png-atlas
[14:44:51] [Render thread/INFO] (net.minecraft.client.texture.SpriteAtlasTexture) Created: 1024x1024x4 minecraft:textures/atlas/armor_trims.png-atlas
[14:44:51] [Render thread/INFO] (net.minecraft.client.texture.SpriteAtlasTexture) Created: 128x64x4 minecraft:textures/atlas/decorated_pot.png-atlas
[14:44:51] [Render thread/INFO] (net.minecraft.client.texture.SpriteAtlasTexture) Created: 256x256x4 minecraft:textures/atlas/chest.png-atlas
[14:44:51] [Render thread/INFO] (net.minecraft.client.texture.SpriteAtlasTexture) Created: 512x256x4 minecraft:textures/atlas/beds.png-atlas
[14:44:51] [Render thread/INFO] (net.minecraft.client.texture.SpriteAtlasTexture) Created: 512x256x4 minecraft:textures/atlas/shulker_boxes.png-atlas
[14:44:51] [Render thread/DEBUG] (FabricLoader/Mixin) Mixing EntityModelsMixin from fabric-rendering-v1.mixins.json into net.minecraft.client.render.entity.model.EntityModels
[14:44:51] [Render thread/DEBUG] (FabricLoader/Mixin) fabric-rendering-v1.mixins.json:EntityModelsMixin from mod fabric-rendering-v1: Class version 61 required is higher than the class version supported by the current version of Mixin (JAVA_16 supports class version 60)
[14:44:51] [Render thread/DEBUG] (FabricLoader/Mixin) fabric-rendering-v1.mixins.json:EntityModelsMixin from mod fabric-rendering-v1->@Inject::registerExtraModelData(Lorg/spongepowered/asm/mixin/injection/callback/CallbackInfoReturnable;Lcom/google/common/collect/ImmutableMap$Builder;)V doesn't use it's CallbackInfoReturnable
[14:44:51] [Render thread/DEBUG] (FabricLoader/Mixin) Mixing EntityModelLayersAccessor from fabric-rendering-v1.mixins.json into net.minecraft.client.render.entity.model.EntityModelLayers
[14:44:51] [Render thread/DEBUG] (FabricLoader/Mixin) fabric-rendering-v1.mixins.json:EntityModelLayersAccessor from mod fabric-rendering-v1: Class version 61 required is higher than the class version supported by the current version of Mixin (JAVA_16 supports class version 60)
[14:44:51] [Render thread/DEBUG] (FabricLoader/Mixin) Renaming @Accessor method getLayers()Ljava/util/Set; to getLayers$fabric-rendering-v1_$md$a9fcf3$0 in fabric-rendering-v1.mixins.json:EntityModelLayersAccessor from mod fabric-rendering-v1
[14:44:51] [Render thread/DEBUG] (FabricLoader/Mixin) Mixing EntityModelLayersMixin from fabric-object-builder-v1.client.mixins.json into net.minecraft.client.render.entity.model.EntityModelLayers
[14:44:51] [Render thread/DEBUG] (FabricLoader/Mixin) fabric-object-builder-v1.client.mixins.json:EntityModelLayersMixin from mod fabric-object-builder-api-v1: Class version 61 required is higher than the class version supported by the current version of Mixin (JAVA_16 supports class version 60)
[14:44:51] [Render thread/DEBUG] (FabricLoader/Mixin) fabric-object-builder-v1.client.mixins.json:EntityModelLayersMixin from mod fabric-object-builder-api-v1->@Inject::createSign(Lnet/minecraft/block/WoodType;Lorg/spongepowered/asm/mixin/injection/callback/CallbackInfoReturnable;)V does use it's CallbackInfoReturnable
[14:44:51] [Render thread/DEBUG] (FabricLoader/Mixin) fabric-object-builder-v1.client.mixins.json:EntityModelLayersMixin from mod fabric-object-builder-api-v1->@Inject::createHangingSign(Lnet/minecraft/block/WoodType;Lorg/spongepowered/asm/mixin/injection/callback/CallbackInfoReturnable;)V does use it's CallbackInfoReturnable
[14:44:51] [Render thread/DEBUG] (FabricLoader/Mixin) Mixing entity_render_context.MixinEnderDragonRenderer from mixins.iris.json into net.minecraft.client.render.entity.EnderDragonEntityRenderer
[14:44:51] [Render thread/DEBUG] (FabricLoader/Mixin) mixins.iris.json:entity_render_context.MixinEnderDragonRenderer from mod iris: Class version 61 required is higher than the class version supported by the current version of Mixin (JAVA_8 supports class version 52)
[14:44:51] [Render thread/DEBUG] (FabricLoader/Mixin) mixins.iris.json:entity_render_context.MixinEnderDragonRenderer from mod iris->@Inject::changeId(FFFFILnet/minecraft/client/util/math/MatrixStack;Lnet/minecraft/client/render/VertexConsumerProvider;ILorg/spongepowered/asm/mixin/injection/callback/CallbackInfo;)V doesn't use it's CallbackInfo
[14:44:51] [Render thread/DEBUG] (FabricLoader/Mixin) mixins.iris.json:entity_render_context.MixinEnderDragonRenderer from mod iris->@Inject::changeId2(Lorg/spongepowered/asm/mixin/injection/callback/CallbackInfo;)V doesn't use it's CallbackInfo
[14:44:51] [Render thread/DEBUG] (FabricLoader/Mixin) Mixing entity_render_context.MixinEntityRenderer from mixins.iris.json into net.minecraft.client.render.entity.EntityRenderer
[14:44:51] [Render thread/DEBUG] (FabricLoader/Mixin) mixins.iris.json:entity_render_context.MixinEntityRenderer from mod iris: Class version 61 required is higher than the class version supported by the current version of Mixin (JAVA_8 supports class version 52)
[14:44:51] [Render thread/DEBUG] (FabricLoader/Mixin) Mixing copyEntity.cull.EntityRendererMixin from mixins.iris.compat.sodium.json into net.minecraft.client.render.entity.EntityRenderer
[14:44:51] [Render thread/DEBUG] (FabricLoader/Mixin) mixins.iris.compat.sodium.json:copyEntity.cull.EntityRendererMixin from mod iris: Class version 61 required is higher than the class version supported by the current version of Mixin (JAVA_8 supports class version 52)
[14:44:51] [Render thread/DEBUG] (FabricLoader/Mixin) mixins.iris.json:entity_render_context.MixinEntityRenderer from mod iris->@Inject::setNameTagId(Lnet/minecraft/entity/Entity;Lnet/minecraft/text/Text;Lnet/minecraft/client/util/math/MatrixStack;Lnet/minecraft/client/render/VertexConsumerProvider;ILorg/spongepowered/asm/mixin/injection/callback/CallbackInfo;)V doesn't use it's CallbackInfo
[14:44:51] [Render thread/DEBUG] (FabricLoader/Mixin) mixins.iris.json:entity_render_context.MixinEntityRenderer from mod iris->@Inject::setNameTagId(Lnet/minecraft/entity/Entity;Lnet/minecraft/text/Text;Lnet/minecraft/client/util/math/MatrixStack;Lnet/minecraft/client/render/VertexConsumerProvider;ILorg/spongepowered/asm/mixin/injection/callback/CallbackInfo;)V has 0 override(s) in child classes
[14:44:51] [Render thread/DEBUG] (FabricLoader/Mixin) mixins.iris.json:entity_render_context.MixinEntityRenderer from mod iris->@Inject::setNameTagId(Lnet/minecraft/entity/Entity;Lnet/minecraft/text/Text;Lnet/minecraft/client/util/math/MatrixStack;Lnet/minecraft/client/render/VertexConsumerProvider;ILorg/spongepowered/asm/mixin/injection/callback/CallbackInfo;)V won't be passed a CallbackInfo as a result
[14:44:51] [Render thread/DEBUG] (FabricLoader/Mixin) mixins.iris.json:entity_render_context.MixinEntityRenderer from mod iris->@Inject::resetId(Lnet/minecraft/entity/Entity;Lnet/minecraft/text/Text;Lnet/minecraft/client/util/math/MatrixStack;Lnet/minecraft/client/render/VertexConsumerProvider;ILorg/spongepowered/asm/mixin/injection/callback/CallbackInfo;)V doesn't use it's CallbackInfo
[14:44:51] [Render thread/DEBUG] (FabricLoader/Mixin) mixins.iris.json:entity_render_context.MixinEntityRenderer from mod iris->@Inject::resetId(Lnet/minecraft/entity/Entity;Lnet/minecraft/text/Text;Lnet/minecraft/client/util/math/MatrixStack;Lnet/minecraft/client/render/VertexConsumerProvider;ILorg/spongepowered/asm/mixin/injection/callback/CallbackInfo;)V has 0 override(s) in child classes
[14:44:51] [Render thread/DEBUG] (FabricLoader/Mixin) mixins.iris.json:entity_render_context.MixinEntityRenderer from mod iris->@Inject::resetId(Lnet/minecraft/entity/Entity;Lnet/minecraft/text/Text;Lnet/minecraft/client/util/math/MatrixStack;Lnet/minecraft/client/render/VertexConsumerProvider;ILorg/spongepowered/asm/mixin/injection/callback/CallbackInfo;)V won't be passed a CallbackInfo as a result
[14:44:51] [Render thread/DEBUG] (FabricLoader/Mixin) mixins.iris.json:entity_render_context.MixinEntityRenderer from mod iris->@Inject::resetId(Lnet/minecraft/entity/Entity;Lnet/minecraft/text/Text;Lnet/minecraft/client/util/math/MatrixStack;Lnet/minecraft/client/render/VertexConsumerProvider;ILorg/spongepowered/asm/mixin/injection/callback/CallbackInfo;)V doesn't use it's CallbackInfo
[14:44:51] [Render thread/DEBUG] (FabricLoader/Mixin) mixins.iris.json:entity_render_context.MixinEntityRenderer from mod iris->@Inject::resetId(Lnet/minecraft/entity/Entity;Lnet/minecraft/text/Text;Lnet/minecraft/client/util/math/MatrixStack;Lnet/minecraft/client/render/VertexConsumerProvider;ILorg/spongepowered/asm/mixin/injection/callback/CallbackInfo;)V has 0 override(s) in child classes
[14:44:51] [Render thread/DEBUG] (FabricLoader/Mixin) mixins.iris.json:entity_render_context.MixinEntityRenderer from mod iris->@Inject::resetId(Lnet/minecraft/entity/Entity;Lnet/minecraft/text/Text;Lnet/minecraft/client/util/math/MatrixStack;Lnet/minecraft/client/render/VertexConsumerProvider;ILorg/spongepowered/asm/mixin/injection/callback/CallbackInfo;)V won't be passed a CallbackInfo as a result
[14:44:51] [Render thread/DEBUG] (FabricLoader/Mixin) mixins.iris.compat.sodium.json:copyEntity.cull.EntityRendererMixin from mod iris->@Inject::preShouldRender(Lnet/minecraft/entity/Entity;Lnet/minecraft/client/render/Frustum;DDDLorg/spongepowered/asm/mixin/injection/callback/CallbackInfoReturnable;)V does use it's CallbackInfoReturnable
[14:44:51] [Render thread/DEBUG] (FabricLoader/Mixin) Mixing BlockEntityRendererFactoriesMixin from fabric-rendering-v1.mixins.json into net.minecraft.client.render.block.entity.BlockEntityRendererFactories
[14:44:51] [Render thread/DEBUG] (FabricLoader/Mixin) fabric-rendering-v1.mixins.json:BlockEntityRendererFactoriesMixin from mod fabric-rendering-v1: Class version 61 required is higher than the class version supported by the current version of Mixin (JAVA_16 supports class version 60)
[14:44:51] [Render thread/DEBUG] (FabricLoader/Mixin) Renaming synthetic method lambda$init$0(Lnet/minecraft/block/entity/BlockEntityType;Lnet/minecraft/client/render/block/entity/BlockEntityRendererFactory;)V to mda9fcf3$fabric-rendering-v1$lambda$init$0$0 in fabric-rendering-v1.mixins.json:BlockEntityRendererFactoriesMixin from mod fabric-rendering-v1
[14:44:51] [Render thread/DEBUG] (FabricLoader/Mixin) fabric-rendering-v1.mixins.json:BlockEntityRendererFactoriesMixin from mod fabric-rendering-v1->@Inject::init(Lorg/spongepowered/asm/mixin/injection/callback/CallbackInfo;)V doesn't use it's CallbackInfo
[14:44:51] [Render thread/DEBUG] (FabricLoader/Mixin) Mixing shadows.MixinBeaconRenderer from mixins.iris.json into net.minecraft.client.render.block.entity.BeaconBlockEntityRenderer
[14:44:51] [Render thread/DEBUG] (FabricLoader/Mixin) mixins.iris.json:shadows.MixinBeaconRenderer from mod iris: Class version 61 required is higher than the class version supported by the current version of Mixin (JAVA_8 supports class version 52)
[14:44:51] [Render thread/DEBUG] (FabricLoader/Mixin) mixins.iris.json:shadows.MixinBeaconRenderer from mod iris->@Inject::iris$noLightBeamInShadowPass(Lnet/minecraft/client/util/math/MatrixStack;Lnet/minecraft/client/render/VertexConsumerProvider;Lnet/minecraft/util/Identifier;FFJII[FFFLorg/spongepowered/asm/mixin/injection/callback/CallbackInfo;)V does use it's CallbackInfo
[14:44:51] [Render thread/DEBUG] (FabricLoader/Mixin) Mixing copyEntity.ModelPartMixin from mixins.iris.compat.sodium.json into net.minecraft.client.model.ModelPart
[14:44:51] [Render thread/DEBUG] (FabricLoader/Mixin) mixins.iris.compat.sodium.json:copyEntity.ModelPartMixin from mod iris: Class version 61 required is higher than the class version supported by the current version of Mixin (JAVA_8 supports class version 52)
[14:44:51] [Render thread/DEBUG] (FabricLoader/Mixin) Renaming synthetic method lambda$onInit$0(I)[Lnet/minecraft/client/model/ModelPart; to mda9fcf3$iris$lambda$onInit$0$0 in mixins.iris.compat.sodium.json:copyEntity.ModelPartMixin from mod iris
[14:44:51] [Render thread/DEBUG] (FabricLoader/Mixin) mixins.iris.compat.sodium.json:copyEntity.ModelPartMixin from mod iris->@Inject::onInit(Ljava/util/List;Ljava/util/Map;Lorg/spongepowered/asm/mixin/injection/callback/CallbackInfo;)V doesn't use it's CallbackInfo
[14:44:51] [Render thread/DEBUG] (FabricLoader/Mixin) mixins.iris.compat.sodium.json:copyEntity.ModelPartMixin from mod iris->@Inject::onRender(Lnet/minecraft/client/util/math/MatrixStack;Lnet/minecraft/client/render/VertexConsumer;IIFFFFLorg/spongepowered/asm/mixin/injection/callback/CallbackInfo;)V does use it's CallbackInfo
[14:44:51] [Render thread/DEBUG] (FabricLoader/Mixin) Mixing copyEntity.CuboidMixin from mixins.iris.compat.sodium.json into net.minecraft.client.model.ModelPart$Cuboid
[14:44:51] [Render thread/DEBUG] (FabricLoader/Mixin) mixins.iris.compat.sodium.json:copyEntity.CuboidMixin from mod iris: Class version 61 required is higher than the class version supported by the current version of Mixin (JAVA_8 supports class version 52)
[14:44:51] [Render thread/DEBUG] (FabricLoader/Mixin) mixins.iris.compat.sodium.json:copyEntity.CuboidMixin from mod iris->@Inject::onInit(IIFFFFFFFFFZFFLjava/util/Set;Lorg/spongepowered/asm/mixin/injection/callback/CallbackInfo;)V doesn't use it's CallbackInfo
[14:44:51] [Render thread/DEBUG] (FabricLoader/Mixin) mixins.iris.compat.sodium.json:copyEntity.CuboidMixin from mod iris->@Inject::onInit(IIFFFFFFFFFZFFLjava/util/Set;Lorg/spongepowered/asm/mixin/injection/callback/CallbackInfo;)V has 0 override(s) in child classes
[14:44:51] [Render thread/DEBUG] (FabricLoader/Mixin) mixins.iris.compat.sodium.json:copyEntity.CuboidMixin from mod iris->@Inject::onInit(IIFFFFFFFFFZFFLjava/util/Set;Lorg/spongepowered/asm/mixin/injection/callback/CallbackInfo;)V won't be passed a CallbackInfo as a result
[14:44:52] [Render thread/DEBUG] (FabricLoader/Mixin) Mixing EntityRenderersMixin from fabric-rendering-v1.mixins.json into net.minecraft.client.render.entity.EntityRenderers
[14:44:52] [Render thread/DEBUG] (FabricLoader/Mixin) fabric-rendering-v1.mixins.json:EntityRenderersMixin from mod fabric-rendering-v1: Class version 61 required is higher than the class version supported by the current version of Mixin (JAVA_16 supports class version 60)
[14:44:52] [Render thread/DEBUG] (FabricLoader/Mixin) Renaming synthetic method lambda$onRegisterRenderers$0(Lnet/minecraft/entity/EntityType;Lnet/minecraft/client/render/entity/EntityRendererFactory;)V to mda9fcf3$fabric-rendering-v1$lambda$onRegisterRenderers$0$0 in fabric-rendering-v1.mixins.json:EntityRenderersMixin from mod fabric-rendering-v1
[14:44:52] [Render thread/DEBUG] (FabricLoader/Mixin) fabric-rendering-v1.mixins.json:EntityRenderersMixin from mod fabric-rendering-v1->@Inject::onRegisterRenderers(Lorg/spongepowered/asm/mixin/injection/callback/CallbackInfo;)V doesn't use it's CallbackInfo
[14:44:52] [Render thread/DEBUG] (FabricLoader/Mixin) Mixing LivingEntityRendererAccessor from fabric-rendering-v1.mixins.json into net.minecraft.client.render.entity.LivingEntityRenderer
[14:44:52] [Render thread/DEBUG] (FabricLoader/Mixin) fabric-rendering-v1.mixins.json:LivingEntityRendererAccessor from mod fabric-rendering-v1: Class version 61 required is higher than the class version supported by the current version of Mixin (JAVA_16 supports class version 60)
[14:44:52] [Render thread/DEBUG] (FabricLoader/Mixin) Mixing entity_render_context.MixinHumanoidArmorLayer from mixins.iris.json into net.minecraft.client.render.entity.feature.ArmorFeatureRenderer
[14:44:52] [Render thread/DEBUG] (FabricLoader/Mixin) mixins.iris.json:entity_render_context.MixinHumanoidArmorLayer from mod iris: Class version 61 required is higher than the class version supported by the current version of Mixin (JAVA_8 supports class version 52)
[14:44:52] [Render thread/DEBUG] (FabricLoader/Mixin) Mixing ArmorFeatureRendererMixin from fabric-rendering-v1.mixins.json into net.minecraft.client.render.entity.feature.ArmorFeatureRenderer
[14:44:52] [Render thread/DEBUG] (FabricLoader/Mixin) fabric-rendering-v1.mixins.json:ArmorFeatureRendererMixin from mod fabric-rendering-v1: Class version 61 required is higher than the class version supported by the current version of Mixin (JAVA_16 supports class version 60)
[14:44:52] [Render thread/DEBUG] (FabricLoader/Mixin) mixins.iris.json:entity_render_context.MixinHumanoidArmorLayer from mod iris->@Inject::changeId(Lnet/minecraft/client/util/math/MatrixStack;Lnet/minecraft/client/render/VertexConsumerProvider;Lnet/minecraft/entity/LivingEntity;Lnet/minecraft/entity/EquipmentSlot;ILnet/minecraft/client/render/entity/model/BipedEntityModel;Lorg/spongepowered/asm/mixin/injection/callback/CallbackInfo;Lnet/minecraft/item/ItemStack;Lnet/minecraft/item/ArmorItem;)V doesn't use it's CallbackInfo
[14:44:52] [Render thread/DEBUG] (FabricLoader/Mixin) mixins.iris.json:entity_render_context.MixinHumanoidArmorLayer from mod iris->@Inject::changeId(Lnet/minecraft/client/util/math/MatrixStack;Lnet/minecraft/client/render/VertexConsumerProvider;Lnet/minecraft/entity/LivingEntity;Lnet/minecraft/entity/EquipmentSlot;ILnet/minecraft/client/render/entity/model/BipedEntityModel;Lorg/spongepowered/asm/mixin/injection/callback/CallbackInfo;Lnet/minecraft/item/ItemStack;Lnet/minecraft/item/ArmorItem;)V has 0 override(s) in child classes
[14:44:52] [Render thread/DEBUG] (FabricLoader/Mixin) mixins.iris.json:entity_render_context.MixinHumanoidArmorLayer from mod iris->@Inject::changeId(Lnet/minecraft/client/util/math/MatrixStack;Lnet/minecraft/client/render/VertexConsumerProvider;Lnet/minecraft/entity/LivingEntity;Lnet/minecraft/entity/EquipmentSlot;ILnet/minecraft/client/render/entity/model/BipedEntityModel;Lorg/spongepowered/asm/mixin/injection/callback/CallbackInfo;Lnet/minecraft/item/ItemStack;Lnet/minecraft/item/ArmorItem;)V won't be passed a CallbackInfo as a result
[14:44:52] [Render thread/DEBUG] (FabricLoader/Mixin) mixins.iris.json:entity_render_context.MixinHumanoidArmorLayer from mod iris->@Inject::changeTrimTemp(Lnet/minecraft/item/ArmorMaterial;Lnet/minecraft/client/util/math/MatrixStack;Lnet/minecraft/client/render/VertexConsumerProvider;ILnet/minecraft/item/trim/ArmorTrim;Lnet/minecraft/client/render/entity/model/BipedEntityModel;ZLorg/spongepowered/asm/mixin/injection/callback/CallbackInfo;)V doesn't use it's CallbackInfo
[14:44:52] [Render thread/DEBUG] (FabricLoader/Mixin) mixins.iris.json:entity_render_context.MixinHumanoidArmorLayer from mod iris->@Inject::changeTrimTemp(Lnet/minecraft/item/ArmorMaterial;Lnet/minecraft/client/util/math/MatrixStack;Lnet/minecraft/client/render/VertexConsumerProvider;ILnet/minecraft/item/trim/ArmorTrim;Lnet/minecraft/client/render/entity/model/BipedEntityModel;ZLorg/spongepowered/asm/mixin/injection/callback/CallbackInfo;)V has 0 override(s) in child classes
[14:44:52] [Render thread/DEBUG] (FabricLoader/Mixin) mixins.iris.json:entity_render_context.MixinHumanoidArmorLayer from mod iris->@Inject::changeTrimTemp(Lnet/minecraft/item/ArmorMaterial;Lnet/minecraft/client/util/math/MatrixStack;Lnet/minecraft/client/render/VertexConsumerProvider;ILnet/minecraft/item/trim/ArmorTrim;Lnet/minecraft/client/render/entity/model/BipedEntityModel;ZLorg/spongepowered/asm/mixin/injection/callback/CallbackInfo;)V won't be passed a CallbackInfo as a result
[14:44:52] [Render thread/DEBUG] (FabricLoader/Mixin) mixins.iris.json:entity_render_context.MixinHumanoidArmorLayer from mod iris->@Inject::changeTrimTemp2(Lnet/minecraft/item/ArmorMaterial;Lnet/minecraft/client/util/math/MatrixStack;Lnet/minecraft/client/render/VertexConsumerProvider;ILnet/minecraft/item/trim/ArmorTrim;Lnet/minecraft/client/render/entity/model/BipedEntityModel;ZLorg/spongepowered/asm/mixin/injection/callback/CallbackInfo;)V doesn't use it's CallbackInfo
[14:44:52] [Render thread/DEBUG] (FabricLoader/Mixin) mixins.iris.json:entity_render_context.MixinHumanoidArmorLayer from mod iris->@Inject::changeTrimTemp2(Lnet/minecraft/item/ArmorMaterial;Lnet/minecraft/client/util/math/MatrixStack;Lnet/minecraft/client/render/VertexConsumerProvider;ILnet/minecraft/item/trim/ArmorTrim;Lnet/minecraft/client/render/entity/model/BipedEntityModel;ZLorg/spongepowered/asm/mixin/injection/callback/CallbackInfo;)V has 0 override(s) in child classes
[14:44:52] [Render thread/DEBUG] (FabricLoader/Mixin) mixins.iris.json:entity_render_context.MixinHumanoidArmorLayer from mod iris->@Inject::changeTrimTemp2(Lnet/minecraft/item/ArmorMaterial;Lnet/minecraft/client/util/math/MatrixStack;Lnet/minecraft/client/render/VertexConsumerProvider;ILnet/minecraft/item/trim/ArmorTrim;Lnet/minecraft/client/render/entity/model/BipedEntityModel;ZLorg/spongepowered/asm/mixin/injection/callback/CallbackInfo;)V won't be passed a CallbackInfo as a result
[14:44:52] [Render thread/DEBUG] (FabricLoader/Mixin) mixins.iris.json:entity_render_context.MixinHumanoidArmorLayer from mod iris->@Inject::changeId2(Lorg/spongepowered/asm/mixin/injection/callback/CallbackInfo;)V doesn't use it's CallbackInfo
[14:44:52] [Render thread/DEBUG] (FabricLoader/Mixin) mixins.iris.json:entity_render_context.MixinHumanoidArmorLayer from mod iris->@Inject::changeId2(Lorg/spongepowered/asm/mixin/injection/callback/CallbackInfo;)V has 0 override(s) in child classes
[14:44:52] [Render thread/DEBUG] (FabricLoader/Mixin) mixins.iris.json:entity_render_context.MixinHumanoidArmorLayer from mod iris->@Inject::changeId2(Lorg/spongepowered/asm/mixin/injection/callback/CallbackInfo;)V won't be passed a CallbackInfo as a result
[14:44:52] [Render thread/DEBUG] (FabricLoader/Mixin) fabric-rendering-v1.mixins.json:ArmorFeatureRendererMixin from mod fabric-rendering-v1->@Inject::renderArmor(Lnet/minecraft/client/util/math/MatrixStack;Lnet/minecraft/client/render/VertexConsumerProvider;Lnet/minecraft/entity/LivingEntity;Lnet/minecraft/entity/EquipmentSlot;ILnet/minecraft/client/render/entity/model/BipedEntityModel;Lorg/spongepowered/asm/mixin/injection/callback/CallbackInfo;)V does use it's CallbackInfo
[14:44:52] [Render thread/DEBUG] (FabricLoader/Mixin) fabric-rendering-v1.mixins.json:ArmorFeatureRendererMixin from mod fabric-rendering-v1->@Inject::getArmorTexture(Lnet/minecraft/item/ArmorItem;ZLjava/lang/String;Lorg/spongepowered/asm/mixin/injection/callback/CallbackInfoReturnable;)V does use it's CallbackInfoReturnable
[14:44:52] [Render thread/DEBUG] (FabricLoader/Mixin) Mixing entity_render_context.MixinElytraLayer from mixins.iris.json into net.minecraft.client.render.entity.feature.ElytraFeatureRenderer
[14:44:52] [Render thread/DEBUG] (FabricLoader/Mixin) mixins.iris.json:entity_render_context.MixinElytraLayer from mod iris: Class version 61 required is higher than the class version supported by the current version of Mixin (JAVA_8 supports class version 52)
[14:44:52] [Render thread/DEBUG] (FabricLoader/Mixin) mixins.iris.json:entity_render_context.MixinElytraLayer from mod iris->@Inject::changeId(Lnet/minecraft/client/util/math/MatrixStack;Lnet/minecraft/client/render/VertexConsumerProvider;ILnet/minecraft/entity/LivingEntity;FFFFFFLorg/spongepowered/asm/mixin/injection/callback/CallbackInfo;Lnet/minecraft/item/ItemStack;Lnet/minecraft/util/Identifier;)V doesn't use it's CallbackInfo
[14:44:52] [Render thread/DEBUG] (FabricLoader/Mixin) mixins.iris.json:entity_render_context.MixinElytraLayer from mod iris->@Inject::changeId(Lnet/minecraft/client/util/math/MatrixStack;Lnet/minecraft/client/render/VertexConsumerProvider;ILnet/minecraft/entity/LivingEntity;FFFFFFLorg/spongepowered/asm/mixin/injection/callback/CallbackInfo;Lnet/minecraft/item/ItemStack;Lnet/minecraft/util/Identifier;)V has 0 override(s) in child classes
[14:44:52] [Render thread/DEBUG] (FabricLoader/Mixin) mixins.iris.json:entity_render_context.MixinElytraLayer from mod iris->@Inject::changeId(Lnet/minecraft/client/util/math/MatrixStack;Lnet/minecraft/client/render/VertexConsumerProvider;ILnet/minecraft/entity/LivingEntity;FFFFFFLorg/spongepowered/asm/mixin/injection/callback/CallbackInfo;Lnet/minecraft/item/ItemStack;Lnet/minecraft/util/Identifier;)V won't be passed a CallbackInfo as a result
[14:44:52] [Render thread/DEBUG] (FabricLoader/Mixin) mixins.iris.json:entity_render_context.MixinElytraLayer from mod iris->@Inject::changeId2(Lorg/spongepowered/asm/mixin/injection/callback/CallbackInfo;)V doesn't use it's CallbackInfo
[14:44:52] [Render thread/DEBUG] (FabricLoader/Mixin) mixins.iris.json:entity_render_context.MixinElytraLayer from mod iris->@Inject::changeId2(Lorg/spongepowered/asm/mixin/injection/callback/CallbackInfo;)V has 0 override(s) in child classes
[14:44:52] [Render thread/DEBUG] (FabricLoader/Mixin) mixins.iris.json:entity_render_context.MixinElytraLayer from mod iris->@Inject::changeId2(Lorg/spongepowered/asm/mixin/injection/callback/CallbackInfo;)V won't be passed a CallbackInfo as a result
[14:44:52] [Render thread/DEBUG] (FabricLoader/Mixin) mixins.iris.json:entity_render_context.MixinElytraLayer from mod iris->@Inject::changeId2(Lorg/spongepowered/asm/mixin/injection/callback/CallbackInfo;)V doesn't use it's CallbackInfo
[14:44:52] [Render thread/DEBUG] (FabricLoader/Mixin) mixins.iris.json:entity_render_context.MixinElytraLayer from mod iris->@Inject::changeId2(Lorg/spongepowered/asm/mixin/injection/callback/CallbackInfo;)V has 0 override(s) in child classes
[14:44:52] [Render thread/DEBUG] (FabricLoader/Mixin) mixins.iris.json:entity_render_context.MixinElytraLayer from mod iris->@Inject::changeId2(Lorg/spongepowered/asm/mixin/injection/callback/CallbackInfo;)V won't be passed a CallbackInfo as a result
[14:44:52] [Render thread/DEBUG] (FabricLoader/Mixin) Mixing MixinFishingHookRenderer from iris-batched-entity-rendering.mixins.json into net.minecraft.client.render.entity.FishingBobberEntityRenderer
[14:44:52] [Render thread/DEBUG] (FabricLoader/Mixin) iris-batched-entity-rendering.mixins.json:MixinFishingHookRenderer from mod iris: Class version 61 required is higher than the class version supported by the current version of Mixin (JAVA_8 supports class version 52)
[14:44:52] [Render thread/DEBUG] (FabricLoader/Mixin) iris-batched-entity-rendering.mixins.json:MixinFishingHookRenderer from mod iris->@Inject::capture(Lnet/minecraft/entity/projectile/FishingBobberEntity;FFLnet/minecraft/client/util/math/MatrixStack;Lnet/minecraft/client/render/VertexConsumerProvider;ILorg/spongepowered/asm/mixin/injection/callback/CallbackInfo;)V doesn't use it's CallbackInfo
[14:44:52] [Render thread/DEBUG] (FabricLoader/Mixin) iris-batched-entity-rendering.mixins.json:MixinFishingHookRenderer from mod iris->@Inject::capture(Lnet/minecraft/entity/projectile/FishingBobberEntity;FFLnet/minecraft/client/util/math/MatrixStack;Lnet/minecraft/client/render/VertexConsumerProvider;ILorg/spongepowered/asm/mixin/injection/callback/CallbackInfo;)V has 0 override(s) in child classes
[14:44:52] [Render thread/DEBUG] (FabricLoader/Mixin) iris-batched-entity-rendering.mixins.json:MixinFishingHookRenderer from mod iris->@Inject::capture(Lnet/minecraft/entity/projectile/FishingBobberEntity;FFLnet/minecraft/client/util/math/MatrixStack;Lnet/minecraft/client/render/VertexConsumerProvider;ILorg/spongepowered/asm/mixin/injection/callback/CallbackInfo;)V won't be passed a CallbackInfo as a result
[14:44:52] [Render thread/DEBUG] (FabricLoader/Mixin) Mixing entity_render_context.MixinHorseArmorLayer from mixins.iris.json into net.minecraft.client.render.entity.feature.HorseArmorFeatureRenderer
[14:44:52] [Render thread/DEBUG] (FabricLoader/Mixin) mixins.iris.json:entity_render_context.MixinHorseArmorLayer from mod iris: Class version 61 required is higher than the class version supported by the current version of Mixin (JAVA_8 supports class version 52)
[14:44:52] [Render thread/DEBUG] (FabricLoader/Mixin) mixins.iris.json:entity_render_context.MixinHorseArmorLayer from mod iris->@Inject::changeId(Lnet/minecraft/client/util/math/MatrixStack;Lnet/minecraft/client/render/VertexConsumerProvider;ILnet/minecraft/entity/passive/HorseEntity;FFFFFFLorg/spongepowered/asm/mixin/injection/callback/CallbackInfo;)V doesn't use it's CallbackInfo
[14:44:52] [Render thread/DEBUG] (FabricLoader/Mixin) mixins.iris.json:entity_render_context.MixinHorseArmorLayer from mod iris->@Inject::changeId(Lnet/minecraft/client/util/math/MatrixStack;Lnet/minecraft/client/render/VertexConsumerProvider;ILnet/minecraft/entity/passive/HorseEntity;FFFFFFLorg/spongepowered/asm/mixin/injection/callback/CallbackInfo;)V has 0 override(s) in child classes
[14:44:52] [Render thread/DEBUG] (FabricLoader/Mixin) mixins.iris.json:entity_render_context.MixinHorseArmorLayer from mod iris->@Inject::changeId(Lnet/minecraft/client/util/math/MatrixStack;Lnet/minecraft/client/render/VertexConsumerProvider;ILnet/minecraft/entity/passive/HorseEntity;FFFFFFLorg/spongepowered/asm/mixin/injection/callback/CallbackInfo;)V won't be passed a CallbackInfo as a result
[14:44:52] [Render thread/DEBUG] (FabricLoader/Mixin) mixins.iris.json:entity_render_context.MixinHorseArmorLayer from mod iris->@Inject::changeId2(Lorg/spongepowered/asm/mixin/injection/callback/CallbackInfo;)V doesn't use it's CallbackInfo
[14:44:52] [Render thread/DEBUG] (FabricLoader/Mixin) mixins.iris.json:entity_render_context.MixinHorseArmorLayer from mod iris->@Inject::changeId2(Lorg/spongepowered/asm/mixin/injection/callback/CallbackInfo;)V has 0 override(s) in child classes
[14:44:52] [Render thread/DEBUG] (FabricLoader/Mixin) mixins.iris.json:entity_render_context.MixinHorseArmorLayer from mod iris->@Inject::changeId2(Lorg/spongepowered/asm/mixin/injection/callback/CallbackInfo;)V won't be passed a CallbackInfo as a result
[14:44:52] [Render thread/DEBUG] (FabricLoader/Mixin) Mixing MixinLightningBoltRenderer from mixins.iris.json into net.minecraft.client.render.entity.LightningEntityRenderer
[14:44:52] [Render thread/DEBUG] (FabricLoader/Mixin) mixins.iris.json:MixinLightningBoltRenderer from mod iris: Class version 61 required is higher than the class version supported by the current version of Mixin (JAVA_8 supports class version 52)
[14:44:52] [Render thread/DEBUG] (FabricLoader/Mixin) Mixing entity_render_context.MixinCapeLayer from mixins.iris.json into net.minecraft.client.render.entity.feature.CapeFeatureRenderer
[14:44:52] [Render thread/DEBUG] (FabricLoader/Mixin) mixins.iris.json:entity_render_context.MixinCapeLayer from mod iris: Class version 61 required is higher than the class version supported by the current version of Mixin (JAVA_8 supports class version 52)
[14:44:52] [Render thread/DEBUG] (FabricLoader/Mixin) Mixing CapeFeatureRendererMixin from fabric-rendering-v1.mixins.json into net.minecraft.client.render.entity.feature.CapeFeatureRenderer
[14:44:52] [Render thread/DEBUG] (FabricLoader/Mixin) fabric-rendering-v1.mixins.json:CapeFeatureRendererMixin from mod fabric-rendering-v1: Class version 61 required is higher than the class version supported by the current version of Mixin (JAVA_16 supports class version 60)
[14:44:52] [Render thread/DEBUG] (FabricLoader/Mixin) mixins.iris.json:entity_render_context.MixinCapeLayer from mod iris->@Inject::changeId(Lnet/minecraft/client/util/math/MatrixStack;Lnet/minecraft/client/render/VertexConsumerProvider;ILnet/minecraft/client/network/AbstractClientPlayerEntity;FFFFFFLorg/spongepowered/asm/mixin/injection/callback/CallbackInfo;)V doesn't use it's CallbackInfo
[14:44:52] [Render thread/DEBUG] (FabricLoader/Mixin) mixins.iris.json:entity_render_context.MixinCapeLayer from mod iris->@Inject::changeId(Lnet/minecraft/client/util/math/MatrixStack;Lnet/minecraft/client/render/VertexConsumerProvider;ILnet/minecraft/client/network/AbstractClientPlayerEntity;FFFFFFLorg/spongepowered/asm/mixin/injection/callback/CallbackInfo;)V has 0 override(s) in child classes
[14:44:52] [Render thread/DEBUG] (FabricLoader/Mixin) mixins.iris.json:entity_render_context.MixinCapeLayer from mod iris->@Inject::changeId(Lnet/minecraft/client/util/math/MatrixStack;Lnet/minecraft/client/render/VertexConsumerProvider;ILnet/minecraft/client/network/AbstractClientPlayerEntity;FFFFFFLorg/spongepowered/asm/mixin/injection/callback/CallbackInfo;)V won't be passed a CallbackInfo as a result
[14:44:52] [Render thread/DEBUG] (FabricLoader/Mixin) mixins.iris.json:entity_render_context.MixinCapeLayer from mod iris->@Inject::changeId2(Lorg/spongepowered/asm/mixin/injection/callback/CallbackInfo;)V doesn't use it's CallbackInfo
[14:44:52] [Render thread/DEBUG] (FabricLoader/Mixin) mixins.iris.json:entity_render_context.MixinCapeLayer from mod iris->@Inject::changeId2(Lorg/spongepowered/asm/mixin/injection/callback/CallbackInfo;)V has 0 override(s) in child classes
[14:44:52] [Render thread/DEBUG] (FabricLoader/Mixin) mixins.iris.json:entity_render_context.MixinCapeLayer from mod iris->@Inject::changeId2(Lorg/spongepowered/asm/mixin/injection/callback/CallbackInfo;)V won't be passed a CallbackInfo as a result
[14:44:52] [Render thread/DEBUG] (FabricLoader/Mixin) mixins.iris.json:entity_render_context.MixinCapeLayer from mod iris->@Inject::changeId2(Lorg/spongepowered/asm/mixin/injection/callback/CallbackInfo;)V doesn't use it's CallbackInfo
[14:44:52] [Render thread/DEBUG] (FabricLoader/Mixin) mixins.iris.json:entity_render_context.MixinCapeLayer from mod iris->@Inject::changeId2(Lorg/spongepowered/asm/mixin/injection/callback/CallbackInfo;)V has 0 override(s) in child classes
[14:44:52] [Render thread/DEBUG] (FabricLoader/Mixin) mixins.iris.json:entity_render_context.MixinCapeLayer from mod iris->@Inject::changeId2(Lorg/spongepowered/asm/mixin/injection/callback/CallbackInfo;)V won't be passed a CallbackInfo as a result
[14:44:52] [Render thread/DEBUG] (FabricLoader/Mixin) mixins.iris.json:entity_render_context.MixinCapeLayer from mod iris->@Inject::changeId2(Lorg/spongepowered/asm/mixin/injection/callback/CallbackInfo;)V doesn't use it's CallbackInfo
[14:44:52] [Render thread/DEBUG] (FabricLoader/Mixin) mixins.iris.json:entity_render_context.MixinCapeLayer from mod iris->@Inject::changeId2(Lorg/spongepowered/asm/mixin/injection/callback/CallbackInfo;)V has 0 override(s) in child classes
[14:44:52] [Render thread/DEBUG] (FabricLoader/Mixin) mixins.iris.json:entity_render_context.MixinCapeLayer from mod iris->@Inject::changeId2(Lorg/spongepowered/asm/mixin/injection/callback/CallbackInfo;)V won't be passed a CallbackInfo as a result
[14:44:52] [Render thread/DEBUG] (FabricLoader/Mixin) fabric-rendering-v1.mixins.json:CapeFeatureRendererMixin from mod fabric-rendering-v1->@Inject::injectCapeRenderCheck(Lnet/minecraft/client/util/math/MatrixStack;Lnet/minecraft/client/render/VertexConsumerProvider;ILnet/minecraft/client/network/AbstractClientPlayerEntity;FFFFFFLorg/spongepowered/asm/mixin/injection/callback/CallbackInfo;)V does use it's CallbackInfo
[14:44:52] [Render thread/WARN] (net.minecraft.client.gl.ShaderProgram) Shader rendertype_entity_translucent_emissive could not find sampler named Sampler2 in the specified shader program.
[14:44:52] [Render thread/DEBUG] (FabricLoader/Mixin) Mixing state_tracking.MixinPostChain from mixins.iris.json into net.minecraft.client.gl.PostEffectProcessor
[14:44:52] [Render thread/DEBUG] (FabricLoader/Mixin) mixins.iris.json:state_tracking.MixinPostChain from mod iris: Class version 61 required is higher than the class version supported by the current version of Mixin (JAVA_8 supports class version 52)
[14:44:52] [Render thread/INFO] (net.minecraft.client.texture.SpriteAtlasTexture) Created: 256x256x0 minecraft:textures/atlas/particles.png-atlas
[14:44:52] [Render thread/INFO] (net.minecraft.client.texture.SpriteAtlasTexture) Created: 256x256x0 minecraft:textures/atlas/paintings.png-atlas
[14:44:52] [Render thread/INFO] (net.minecraft.client.texture.SpriteAtlasTexture) Created: 128x128x0 minecraft:textures/atlas/mob_effects.png-atlas
[14:44:52] [Render thread/DEBUG] (FabricLoader/Mixin) Mixing CreateWorldScreenMixin from fabric-resource-loader-v0.client.mixins.json into net.minecraft.client.gui.screen.world.CreateWorldScreen
[14:44:52] [Render thread/DEBUG] (FabricLoader/Mixin) fabric-resource-loader-v0.client.mixins.json:CreateWorldScreenMixin from mod fabric-resource-loader-v0: Class version 61 required is higher than the class version supported by the current version of Mixin (JAVA_16 supports class version 60)
[14:44:52] [Render thread/DEBUG] (FabricLoader/Mixin) fabric-resource-loader-v0.client.mixins.json:CreateWorldScreenMixin from mod fabric-resource-loader-v0->@Inject::onScanPacks(Lorg/spongepowered/asm/mixin/injection/callback/CallbackInfoReturnable;)V doesn't use it's CallbackInfoReturnable
[14:44:52] [Render thread/DEBUG] (FabricLoader/Mixin) fabric-resource-loader-v0.client.mixins.json:CreateWorldScreenMixin from mod fabric-resource-loader-v0->@Inject::onScanPacks(Lorg/spongepowered/asm/mixin/injection/callback/CallbackInfoReturnable;)V has 0 override(s) in child classes
[14:44:52] [Render thread/DEBUG] (FabricLoader/Mixin) fabric-resource-loader-v0.client.mixins.json:CreateWorldScreenMixin from mod fabric-resource-loader-v0->@Inject::onScanPacks(Lorg/spongepowered/asm/mixin/injection/callback/CallbackInfoReturnable;)V won't be passed a CallbackInfoReturnable as a result
[14:44:52] [Render thread/DEBUG] (FabricLoader/Mixin) Mixing LevelStorageSessionMixin from fabric-registry-sync-v0.mixins.json into net.minecraft.world.level.storage.LevelStorage$Session
[14:44:52] [Render thread/DEBUG] (FabricLoader/Mixin) fabric-registry-sync-v0.mixins.json:LevelStorageSessionMixin from mod fabric-registry-sync-v0: Class version 61 required is higher than the class version supported by the current version of Mixin (JAVA_16 supports class version 60)
[14:44:52] [Render thread/DEBUG] (FabricLoader/Mixin) fabric-registry-sync-v0.mixins.json:LevelStorageSessionMixin from mod fabric-registry-sync-v0->@Inject::saveWorld(Lnet/minecraft/registry/DynamicRegistryManager;Lnet/minecraft/world/SaveProperties;Lnet/minecraft/nbt/NbtCompound;Lorg/spongepowered/asm/mixin/injection/callback/CallbackInfo;)V doesn't use it's CallbackInfo
[14:44:52] [Render thread/DEBUG] (FabricLoader/Mixin) fabric-registry-sync-v0.mixins.json:LevelStorageSessionMixin from mod fabric-registry-sync-v0->@Inject::saveWorld(Lnet/minecraft/registry/DynamicRegistryManager;Lnet/minecraft/world/SaveProperties;Lnet/minecraft/nbt/NbtCompound;Lorg/spongepowered/asm/mixin/injection/callback/CallbackInfo;)V has 0 override(s) in child classes
[14:44:52] [Render thread/DEBUG] (FabricLoader/Mixin) fabric-registry-sync-v0.mixins.json:LevelStorageSessionMixin from mod fabric-registry-sync-v0->@Inject::saveWorld(Lnet/minecraft/registry/DynamicRegistryManager;Lnet/minecraft/world/SaveProperties;Lnet/minecraft/nbt/NbtCompound;Lorg/spongepowered/asm/mixin/injection/callback/CallbackInfo;)V won't be passed a CallbackInfo as a result
[14:44:52] [Render thread/DEBUG] (FabricLoader/Mixin) fabric-registry-sync-v0.mixins.json:LevelStorageSessionMixin from mod fabric-registry-sync-v0->@Inject::readWorldProperties(Lorg/spongepowered/asm/mixin/injection/callback/CallbackInfoReturnable;)V doesn't use it's CallbackInfoReturnable
[14:44:52] [Render thread/DEBUG] (FabricLoader/Mixin) fabric-registry-sync-v0.mixins.json:LevelStorageSessionMixin from mod fabric-registry-sync-v0->@Inject::readWorldProperties(Lorg/spongepowered/asm/mixin/injection/callback/CallbackInfoReturnable;)V has 0 override(s) in child classes
[14:44:52] [Render thread/DEBUG] (FabricLoader/Mixin) fabric-registry-sync-v0.mixins.json:LevelStorageSessionMixin from mod fabric-registry-sync-v0->@Inject::readWorldProperties(Lorg/spongepowered/asm/mixin/injection/callback/CallbackInfoReturnable;)V won't be passed a CallbackInfoReturnable as a result
[14:44:52] [Render thread/DEBUG] (FabricLoader/Mixin) Mixing DataPackContentsMixin from fabric-lifecycle-events-v1.mixins.json into net.minecraft.server.DataPackContents
[14:44:52] [Render thread/DEBUG] (FabricLoader/Mixin) fabric-lifecycle-events-v1.mixins.json:DataPackContentsMixin from mod fabric-lifecycle-events-v1: Class version 61 required is higher than the class version supported by the current version of Mixin (JAVA_16 supports class version 60)
[14:44:52] [Render thread/DEBUG] (FabricLoader/Mixin) Mixing DataPackContentsMixin from fabric-resource-conditions-api-v1.mixins.json into net.minecraft.server.DataPackContents
[14:44:52] [Render thread/DEBUG] (FabricLoader/Mixin) fabric-resource-conditions-api-v1.mixins.json:DataPackContentsMixin from mod fabric-resource-conditions-api-v1: Class version 61 required is higher than the class version supported by the current version of Mixin (JAVA_16 supports class version 60)
[14:44:52] [Render thread/DEBUG] (FabricLoader/Mixin) fabric-lifecycle-events-v1.mixins.json:DataPackContentsMixin from mod fabric-lifecycle-events-v1->@Inject::hookRefresh(Lnet/minecraft/registry/DynamicRegistryManager;Lorg/spongepowered/asm/mixin/injection/callback/CallbackInfo;)V doesn't use it's CallbackInfo
[14:44:52] [Render thread/DEBUG] (FabricLoader/Mixin) fabric-lifecycle-events-v1.mixins.json:DataPackContentsMixin from mod fabric-lifecycle-events-v1->@Inject::hookRefresh(Lnet/minecraft/registry/DynamicRegistryManager;Lorg/spongepowered/asm/mixin/injection/callback/CallbackInfo;)V has 0 override(s) in child classes
[14:44:52] [Render thread/DEBUG] (FabricLoader/Mixin) fabric-lifecycle-events-v1.mixins.json:DataPackContentsMixin from mod fabric-lifecycle-events-v1->@Inject::hookRefresh(Lnet/minecraft/registry/DynamicRegistryManager;Lorg/spongepowered/asm/mixin/injection/callback/CallbackInfo;)V won't be passed a CallbackInfo as a result
[14:44:52] [Render thread/DEBUG] (FabricLoader/Mixin) fabric-resource-conditions-api-v1.mixins.json:DataPackContentsMixin from mod fabric-resource-conditions-api-v1->@Inject::hookRefresh(Lnet/minecraft/registry/DynamicRegistryManager;Lorg/spongepowered/asm/mixin/injection/callback/CallbackInfo;)V doesn't use it's CallbackInfo
[14:44:52] [Render thread/DEBUG] (FabricLoader/Mixin) fabric-resource-conditions-api-v1.mixins.json:DataPackContentsMixin from mod fabric-resource-conditions-api-v1->@Inject::hookRefresh(Lnet/minecraft/registry/DynamicRegistryManager;Lorg/spongepowered/asm/mixin/injection/callback/CallbackInfo;)V has 0 override(s) in child classes
[14:44:52] [Render thread/DEBUG] (FabricLoader/Mixin) fabric-resource-conditions-api-v1.mixins.json:DataPackContentsMixin from mod fabric-resource-conditions-api-v1->@Inject::hookRefresh(Lnet/minecraft/registry/DynamicRegistryManager;Lorg/spongepowered/asm/mixin/injection/callback/CallbackInfo;)V won't be passed a CallbackInfo as a result
[14:44:52] [Render thread/DEBUG] (FabricLoader/Mixin) fabric-resource-conditions-api-v1.mixins.json:DataPackContentsMixin from mod fabric-resource-conditions-api-v1->@Inject::hookReload(Lnet/minecraft/resource/ResourceManager;Lnet/minecraft/registry/DynamicRegistryManager$Immutable;Lnet/minecraft/resource/featuretoggle/FeatureSet;Lnet/minecraft/server/command/CommandManager$RegistrationEnvironment;ILjava/util/concurrent/Executor;Ljava/util/concurrent/Executor;Lorg/spongepowered/asm/mixin/injection/callback/CallbackInfoReturnable;)V doesn't use it's CallbackInfoReturnable
[14:44:52] [Render thread/DEBUG] (FabricLoader/Mixin) Mixing SaveLoadingMixin from fabric-registry-sync-v0.mixins.json into net.minecraft.server.SaveLoading
[14:44:52] [Render thread/DEBUG] (FabricLoader/Mixin) fabric-registry-sync-v0.mixins.json:SaveLoadingMixin from mod fabric-registry-sync-v0: Class version 61 required is higher than the class version supported by the current version of Mixin (JAVA_16 supports class version 60)
[14:44:52] [Render thread/DEBUG] (FabricLoader/Mixin) Mixing ServerPlayerInteractionManagerMixin from fabric-events-interaction-v0.mixins.json into net.minecraft.server.network.ServerPlayerInteractionManager
[14:44:52] [Render thread/DEBUG] (FabricLoader/Mixin) fabric-events-interaction-v0.mixins.json:ServerPlayerInteractionManagerMixin from mod fabric-events-interaction-v0: Class version 61 required is higher than the class version supported by the current version of Mixin (JAVA_16 supports class version 60)
[14:44:52] [Render thread/DEBUG] (FabricLoader/Mixin) fabric-events-interaction-v0.mixins.json:ServerPlayerInteractionManagerMixin from mod fabric-events-interaction-v0->@Inject::startBlockBreak(Lnet/minecraft/util/math/BlockPos;Lnet/minecraft/network/packet/c2s/play/PlayerActionC2SPacket$Action;Lnet/minecraft/util/math/Direction;IILorg/spongepowered/asm/mixin/injection/callback/CallbackInfo;)V does use it's CallbackInfo
[14:44:52] [Render thread/DEBUG] (FabricLoader/Mixin) fabric-events-interaction-v0.mixins.json:ServerPlayerInteractionManagerMixin from mod fabric-events-interaction-v0->@Inject::interactBlock(Lnet/minecraft/server/network/ServerPlayerEntity;Lnet/minecraft/world/World;Lnet/minecraft/item/ItemStack;Lnet/minecraft/util/Hand;Lnet/minecraft/util/hit/BlockHitResult;Lorg/spongepowered/asm/mixin/injection/callback/CallbackInfoReturnable;)V does use it's CallbackInfoReturnable
[14:44:52] [Render thread/DEBUG] (FabricLoader/Mixin) fabric-events-interaction-v0.mixins.json:ServerPlayerInteractionManagerMixin from mod fabric-events-interaction-v0->@Inject::interactItem(Lnet/minecraft/server/network/ServerPlayerEntity;Lnet/minecraft/world/World;Lnet/minecraft/item/ItemStack;Lnet/minecraft/util/Hand;Lorg/spongepowered/asm/mixin/injection/callback/CallbackInfoReturnable;)V does use it's CallbackInfoReturnable
[14:44:52] [Render thread/DEBUG] (FabricLoader/Mixin) fabric-events-interaction-v0.mixins.json:ServerPlayerInteractionManagerMixin from mod fabric-events-interaction-v0->@Inject::breakBlock(Lnet/minecraft/util/math/BlockPos;Lorg/spongepowered/asm/mixin/injection/callback/CallbackInfoReturnable;Lnet/minecraft/block/BlockState;Lnet/minecraft/block/entity/BlockEntity;Lnet/minecraft/block/Block;)V does use it's CallbackInfoReturnable
[14:44:52] [Render thread/DEBUG] (FabricLoader/Mixin) fabric-events-interaction-v0.mixins.json:ServerPlayerInteractionManagerMixin from mod fabric-events-interaction-v0->@Inject::onBlockBroken(Lnet/minecraft/util/math/BlockPos;Lorg/spongepowered/asm/mixin/injection/callback/CallbackInfoReturnable;Lnet/minecraft/block/BlockState;Lnet/minecraft/block/entity/BlockEntity;Lnet/minecraft/block/Block;Z)V doesn't use it's CallbackInfoReturnable
[14:44:52] [Render thread/DEBUG] (FabricLoader/Mixin) fabric-events-interaction-v0.mixins.json:ServerPlayerInteractionManagerMixin from mod fabric-events-interaction-v0->@Inject::onBlockBroken(Lnet/minecraft/util/math/BlockPos;Lorg/spongepowered/asm/mixin/injection/callback/CallbackInfoReturnable;Lnet/minecraft/block/BlockState;Lnet/minecraft/block/entity/BlockEntity;Lnet/minecraft/block/Block;Z)V has 0 override(s) in child classes
[14:44:52] [Render thread/DEBUG] (FabricLoader/Mixin) fabric-events-interaction-v0.mixins.json:ServerPlayerInteractionManagerMixin from mod fabric-events-interaction-v0->@Inject::onBlockBroken(Lnet/minecraft/util/math/BlockPos;Lorg/spongepowered/asm/mixin/injection/callback/CallbackInfoReturnable;Lnet/minecraft/block/BlockState;Lnet/minecraft/block/entity/BlockEntity;Lnet/minecraft/block/Block;Z)V won't be passed a CallbackInfoReturnable as a result
[14:44:52] [Render thread/DEBUG] (FabricLoader/Mixin) Mixing GameRulesAccessor from fabric-game-rule-api-v1.mixins.json into net.minecraft.world.GameRules
[14:44:52] [Render thread/DEBUG] (FabricLoader/Mixin) fabric-game-rule-api-v1.mixins.json:GameRulesAccessor from mod fabric-game-rule-api-v1: Class version 61 required is higher than the class version supported by the current version of Mixin (JAVA_16 supports class version 60)
[14:44:52] [Render thread/DEBUG] (FabricLoader/Mixin) Renaming @Invoker method callRegister(Ljava/lang/String;Lnet/minecraft/world/GameRules$Category;Lnet/minecraft/world/GameRules$Type;)Lnet/minecraft/world/GameRules$Key; to callRegister$fabric-game-rule-api-v1_$md$a9fcf3$0 in fabric-game-rule-api-v1.mixins.json:GameRulesAccessor from mod fabric-game-rule-api-v1
[14:44:52] [Render thread/DEBUG] (FabricLoader/Mixin) Renaming @Accessor method getRuleTypes()Ljava/util/Map; to getRuleTypes$fabric-game-rule-api-v1_$md$a9fcf3$1 in fabric-game-rule-api-v1.mixins.json:GameRulesAccessor from mod fabric-game-rule-api-v1
[14:44:52] [Render thread/DEBUG] (FabricLoader/Mixin) Mixing GameRulesKeyMixin from fabric-game-rule-api-v1.mixins.json into net.minecraft.world.GameRules$Key
[14:44:52] [Render thread/DEBUG] (FabricLoader/Mixin) fabric-game-rule-api-v1.mixins.json:GameRulesKeyMixin from mod fabric-game-rule-api-v1: Class version 61 required is higher than the class version supported by the current version of Mixin (JAVA_16 supports class version 60)
[14:44:52] [Render thread/DEBUG] (FabricLoader/Mixin) Mixing GameRulesBooleanRuleAccessor from fabric-game-rule-api-v1.mixins.json into net.minecraft.world.GameRules$BooleanRule
[14:44:52] [Render thread/DEBUG] (FabricLoader/Mixin) fabric-game-rule-api-v1.mixins.json:GameRulesBooleanRuleAccessor from mod fabric-game-rule-api-v1: Class version 61 required is higher than the class version supported by the current version of Mixin (JAVA_16 supports class version 60)
[14:44:52] [Render thread/DEBUG] (FabricLoader/Mixin) Renaming @Invoker method invokeCreate(ZLjava/util/function/BiConsumer;)Lnet/minecraft/world/GameRules$Type; to invokeCreate$fabric-game-rule-api-v1_$md$a9fcf3$0 in fabric-game-rule-api-v1.mixins.json:GameRulesBooleanRuleAccessor from mod fabric-game-rule-api-v1
[14:44:52] [Render thread/DEBUG] (FabricLoader/Mixin) Mixing GameRulesIntRuleAccessor from fabric-game-rule-api-v1.mixins.json into net.minecraft.world.GameRules$IntRule
[14:44:52] [Render thread/DEBUG] (FabricLoader/Mixin) fabric-game-rule-api-v1.mixins.json:GameRulesIntRuleAccessor from mod fabric-game-rule-api-v1: Class version 61 required is higher than the class version supported by the current version of Mixin (JAVA_16 supports class version 60)
[14:44:52] [Render thread/DEBUG] (FabricLoader/Mixin) Mixing modification.DynamicRegistryManagerImmutableImplMixin from fabric-biome-api-v1.mixins.json into net.minecraft.registry.DynamicRegistryManager$ImmutableImpl
[14:44:52] [Render thread/DEBUG] (FabricLoader/Mixin) fabric-biome-api-v1.mixins.json:modification.DynamicRegistryManagerImmutableImplMixin from mod fabric-biome-api-v1: Class version 61 required is higher than the class version supported by the current version of Mixin (JAVA_16 supports class version 60)
[14:44:52] [Render thread/DEBUG] (FabricLoader/Mixin) Mixing RegistryLoaderMixin from fabric-registry-sync-v0.mixins.json into net.minecraft.registry.RegistryLoader
[14:44:52] [Render thread/DEBUG] (FabricLoader/Mixin) fabric-registry-sync-v0.mixins.json:RegistryLoaderMixin from mod fabric-registry-sync-v0: Class version 61 required is higher than the class version supported by the current version of Mixin (JAVA_16 supports class version 60)
[14:44:52] [Render thread/DEBUG] (FabricLoader/Mixin) fabric-registry-sync-v0.mixins.json:RegistryLoaderMixin from mod fabric-registry-sync-v0->@Inject::beforeLoad(Lnet/minecraft/resource/ResourceManager;Lnet/minecraft/registry/DynamicRegistryManager;Ljava/util/List;Lorg/spongepowered/asm/mixin/injection/callback/CallbackInfoReturnable;Ljava/util/Map;Ljava/util/List;Lnet/minecraft/registry/RegistryOps$RegistryInfoGetter;)V doesn't use it's CallbackInfoReturnable
[14:44:52] [Render thread/DEBUG] (FabricLoader/Mixin) fabric-registry-sync-v0.mixins.json:RegistryLoaderMixin from mod fabric-registry-sync-v0->@Inject::prependDirectoryWithNamespace(Lnet/minecraft/util/Identifier;Lorg/spongepowered/asm/mixin/injection/callback/CallbackInfoReturnable;)V does use it's CallbackInfoReturnable
[14:44:52] [Render thread/DEBUG] (FabricRegistrySync) Reading registry data from D:\...Vialumix Dev\Vialumix 1.20.1\vialumix_main-1.20.1-dev0.11.14\run\saves\Nouveau monde\data\fabricRegistry.dat
[14:44:52] [Render thread/DEBUG] (FabricRegistrySync) Reading registry data from D:\...Vialumix Dev\Vialumix 1.20.1\vialumix_main-1.20.1-dev0.11.14\run\saves\Nouveau monde\data\fabricRegistry.dat.1
[14:44:52] [Render thread/DEBUG] (FabricRegistrySync) Reading registry data from D:\...Vialumix Dev\Vialumix 1.20.1\vialumix_main-1.20.1-dev0.11.14\run\saves\Nouveau monde\data\fabricRegistry.dat.2
[14:44:52] [Render thread/DEBUG] (FabricRegistrySync) Starting registry save
[14:44:52] [Render thread/DEBUG] (FabricRegistrySync) Not saving registry: minecraft:command_argument_type
[14:44:52] [Render thread/DEBUG] (FabricRegistrySync) Not saving registry: minecraft:item
[14:44:52] [Render thread/DEBUG] (FabricRegistrySync) Not saving registry: minecraft:block_entity_type
[14:44:52] [Render thread/DEBUG] (FabricRegistrySync) Not saving registry: minecraft:custom_stat
[14:44:52] [Render thread/DEBUG] (FabricRegistrySync) Not saving registry: minecraft:worldgen/foliage_placer_type
[14:44:52] [Render thread/DEBUG] (FabricRegistrySync) Not saving registry: minecraft:stat_type
[14:44:52] [Render thread/DEBUG] (FabricRegistrySync) Not saving registry: minecraft:worldgen/material_rule
[14:44:52] [Render thread/DEBUG] (FabricRegistrySync) Not saving registry: minecraft:worldgen/structure_type
[14:44:52] [Render thread/DEBUG] (FabricRegistrySync) Not saving registry: minecraft:attribute
[14:44:52] [Render thread/DEBUG] (FabricRegistrySync) Not saving registry: minecraft:position_source_type
[14:44:52] [Render thread/DEBUG] (FabricRegistrySync) Not saving registry: minecraft:height_provider_type
[14:44:52] [Render thread/DEBUG] (FabricRegistrySync) Not saving registry: minecraft:rule_block_entity_modifier
[14:44:52] [Render thread/DEBUG] (FabricRegistrySync) Not saving registry: minecraft:worldgen/density_function_type
[14:44:52] [Render thread/DEBUG] (FabricRegistrySync) Not saving registry: minecraft:fluid
[14:44:52] [Render thread/DEBUG] (FabricRegistrySync) Not saving registry: minecraft:loot_condition_type
[14:44:52] [Render thread/DEBUG] (FabricRegistrySync) Not saving registry: minecraft:worldgen/structure_pool_element
[14:44:52] [Render thread/DEBUG] (FabricRegistrySync) Not saving registry: minecraft:activity
[14:44:52] [Render thread/DEBUG] (FabricRegistrySync) Not saving registry: minecraft:recipe_serializer
[14:44:52] [Render thread/DEBUG] (FabricRegistrySync) Not saving registry: minecraft:frog_variant
[14:44:52] [Render thread/DEBUG] (FabricRegistrySync) Not saving registry: minecraft:banner_pattern
[14:44:52] [Render thread/DEBUG] (FabricRegistrySync) Not saving registry: minecraft:instrument
[14:44:52] [Render thread/DEBUG] (FabricRegistrySync) Not saving registry: minecraft:decorated_pot_patterns
[14:44:52] [Render thread/DEBUG] (FabricRegistrySync) Not saving registry: minecraft:worldgen/feature_size_type
[14:44:52] [Render thread/DEBUG] (FabricRegistrySync) Not saving registry: minecraft:point_of_interest_type
[14:44:52] [Render thread/DEBUG] (FabricRegistrySync) Skipping un-modded registry: minecraft:mob_effect
[14:44:52] [Render thread/DEBUG] (FabricRegistrySync) Not saving registry: minecraft:loot_pool_entry_type
[14:44:52] [Render thread/DEBUG] (FabricRegistrySync) Not saving registry: minecraft:worldgen/block_state_provider_type
[14:44:52] [Render thread/DEBUG] (FabricRegistrySync) Not saving registry: minecraft:worldgen/chunk_generator
[14:44:52] [Render thread/DEBUG] (FabricRegistrySync) Not saving registry: minecraft:float_provider_type
[14:44:52] [Render thread/DEBUG] (FabricRegistrySync) Not saving registry: minecraft:chunk_status
[14:44:52] [Render thread/DEBUG] (FabricRegistrySync) Not saving registry: minecraft:enchantment
[14:44:52] [Render thread/DEBUG] (FabricRegistrySync) Not saving registry: minecraft:loot_function_type
[14:44:52] [Render thread/DEBUG] (FabricRegistrySync) Not saving registry: minecraft:worldgen/structure_processor
[14:44:52] [Render thread/DEBUG] (FabricRegistrySync) Not saving registry: minecraft:loot_score_provider_type
[14:44:52] [Render thread/DEBUG] (FabricRegistrySync) Not saving registry: minecraft:worldgen/tree_decorator_type
[14:44:52] [Render thread/DEBUG] (FabricRegistrySync) Not saving registry: minecraft:schedule
[14:44:52] [Render thread/DEBUG] (FabricRegistrySync) Not saving registry: minecraft:worldgen/material_condition
[14:44:52] [Render thread/DEBUG] (FabricRegistrySync) Not saving registry: minecraft:entity_type
[14:44:52] [Render thread/DEBUG] (FabricRegistrySync) Not saving registry: minecraft:villager_profession
[14:44:52] [Render thread/DEBUG] (FabricRegistrySync) Not saving registry: minecraft:potion
[14:44:52] [Render thread/DEBUG] (FabricRegistrySync) Not saving registry: minecraft:recipe_type
[14:44:52] [Render thread/DEBUG] (FabricRegistrySync) Not saving registry: minecraft:int_provider_type
[14:44:52] [Render thread/DEBUG] (FabricRegistrySync) Not saving registry: minecraft:worldgen/feature
[14:44:52] [Render thread/DEBUG] (FabricRegistrySync) Not saving registry: minecraft:cat_variant
[14:44:52] [Render thread/DEBUG] (FabricRegistrySync) Not saving registry: minecraft:pos_rule_test
[14:44:52] [Render thread/DEBUG] (FabricRegistrySync) Not saving registry: minecraft:worldgen/structure_placement
[14:44:52] [Render thread/DEBUG] (FabricRegistrySync) Not saving registry: minecraft:loot_nbt_provider_type
[14:44:52] [Render thread/DEBUG] (FabricRegistrySync) Not saving registry: minecraft:menu
[14:44:52] [Render thread/DEBUG] (FabricRegistrySync) Not saving registry: minecraft:worldgen/trunk_placer_type
[14:44:52] [Render thread/DEBUG] (FabricRegistrySync) Not saving registry: minecraft:creative_mode_tab
[14:44:52] [Render thread/DEBUG] (FabricRegistrySync) Not saving registry: minecraft:worldgen/placement_modifier_type
[14:44:52] [Render thread/DEBUG] (FabricRegistrySync) Not saving registry: minecraft:worldgen/carver
[14:44:52] [Render thread/DEBUG] (FabricRegistrySync) Not saving registry: minecraft:loot_number_provider_type
[14:44:52] [Render thread/DEBUG] (FabricRegistrySync) Not saving registry: minecraft:worldgen/structure_piece
[14:44:52] [Render thread/DEBUG] (FabricRegistrySync) Not saving registry: minecraft:sound_event
[14:44:52] [Render thread/DEBUG] (FabricRegistrySync) Not saving registry: minecraft:particle_type
[14:44:52] [Render thread/DEBUG] (FabricRegistrySync) Not saving registry: minecraft:game_event
[14:44:52] [Render thread/DEBUG] (FabricRegistrySync) Not saving registry: minecraft:worldgen/biome_source
[14:44:52] [Render thread/DEBUG] (FabricRegistrySync) Not saving registry: minecraft:worldgen/root_placer_type
[14:44:52] [Render thread/DEBUG] (FabricRegistrySync) Not saving registry: minecraft:villager_type
[14:44:52] [Render thread/DEBUG] (FabricRegistrySync) Not saving registry: minecraft:painting_variant
[14:44:52] [Render thread/DEBUG] (FabricRegistrySync) Not saving registry: minecraft:block_predicate_type
[14:44:52] [Render thread/DEBUG] (FabricRegistrySync) Not saving registry: minecraft:block
[14:44:52] [Render thread/DEBUG] (FabricRegistrySync) Not saving registry: minecraft:sensor_type
[14:44:52] [Render thread/DEBUG] (FabricRegistrySync) Not saving registry: minecraft:rule_test
[14:44:52] [Render thread/DEBUG] (FabricRegistrySync) Not saving registry: minecraft:memory_module_type
[14:44:52] [Render thread/DEBUG] (FabricRegistrySync) Not saving empty registry data
[14:44:52] [Render thread/DEBUG] (FabricLoader/Mixin) Mixing KeyedResourceReloadListenerMixin from fabric-resource-loader-v0.mixins.json into net.minecraft.recipe.RecipeManager
[14:44:52] [Render thread/DEBUG] (FabricLoader/Mixin) fabric-resource-loader-v0.mixins.json:KeyedResourceReloadListenerMixin from mod fabric-resource-loader-v0: Class version 61 required is higher than the class version supported by the current version of Mixin (JAVA_16 supports class version 60)
[14:44:52] [Render thread/DEBUG] (FabricLoader/Mixin) Mixing JsonDataLoaderMixin from fabric-resource-conditions-api-v1.mixins.json into net.minecraft.resource.JsonDataLoader
[14:44:52] [Render thread/DEBUG] (FabricLoader/Mixin) fabric-resource-conditions-api-v1.mixins.json:JsonDataLoaderMixin from mod fabric-resource-conditions-api-v1: Class version 61 required is higher than the class version supported by the current version of Mixin (JAVA_16 supports class version 60)
[14:44:52] [Render thread/DEBUG] (FabricLoader/Mixin) Mixing LootPoolAccessor from fabric-loot-api-v2.mixins.json into net.minecraft.loot.LootPool
[14:44:52] [Render thread/DEBUG] (FabricLoader/Mixin) fabric-loot-api-v2.mixins.json:LootPoolAccessor from mod fabric-loot-api-v2: Class version 61 required is higher than the class version supported by the current version of Mixin (JAVA_8 supports class version 52)
[14:44:52] [Render thread/DEBUG] (FabricLoader/Mixin) Mixing LootPoolMixin from fabric-loot-tables-v1.mixins.json into net.minecraft.loot.LootPool
[14:44:52] [Render thread/DEBUG] (FabricLoader/Mixin) fabric-loot-tables-v1.mixins.json:LootPoolMixin from mod fabric-loot-tables-v1: Class version 61 required is higher than the class version supported by the current version of Mixin (JAVA_16 supports class version 60)
[14:44:52] [Render thread/DEBUG] (FabricLoader/Mixin) Mixing KeyedResourceReloadListenerMixin from fabric-resource-loader-v0.mixins.json into net.minecraft.server.ServerAdvancementLoader
[14:44:52] [Render thread/DEBUG] (FabricLoader/Mixin) fabric-resource-loader-v0.mixins.json:KeyedResourceReloadListenerMixin from mod fabric-resource-loader-v0: Class version 61 required is higher than the class version supported by the current version of Mixin (JAVA_16 supports class version 60)
[14:44:52] [Render thread/DEBUG] (FabricLoader/Mixin) Mixing TagManagerLoaderMixin from fabric-registry-sync-v0.mixins.json into net.minecraft.registry.tag.TagManagerLoader
[14:44:52] [Render thread/DEBUG] (FabricLoader/Mixin) fabric-registry-sync-v0.mixins.json:TagManagerLoaderMixin from mod fabric-registry-sync-v0: Class version 61 required is higher than the class version supported by the current version of Mixin (JAVA_16 supports class version 60)
[14:44:52] [Render thread/DEBUG] (FabricLoader/Mixin) Mixing TagManagerLoaderMixin from fabric-resource-conditions-api-v1.mixins.json into net.minecraft.registry.tag.TagManagerLoader
[14:44:52] [Render thread/DEBUG] (FabricLoader/Mixin) fabric-resource-conditions-api-v1.mixins.json:TagManagerLoaderMixin from mod fabric-resource-conditions-api-v1: Class version 61 required is higher than the class version supported by the current version of Mixin (JAVA_16 supports class version 60)
[14:44:52] [Render thread/DEBUG] (FabricLoader/Mixin) Mixing KeyedResourceReloadListenerMixin from fabric-resource-loader-v0.mixins.json into net.minecraft.registry.tag.TagManagerLoader
[14:44:52] [Render thread/DEBUG] (FabricLoader/Mixin) fabric-resource-loader-v0.mixins.json:KeyedResourceReloadListenerMixin from mod fabric-resource-loader-v0: Class version 61 required is higher than the class version supported by the current version of Mixin (JAVA_16 supports class version 60)
[14:44:52] [Render thread/DEBUG] (FabricLoader/Mixin) fabric-registry-sync-v0.mixins.json:TagManagerLoaderMixin from mod fabric-registry-sync-v0->@Inject::onGetPath(Lnet/minecraft/registry/RegistryKey;Lorg/spongepowered/asm/mixin/injection/callback/CallbackInfoReturnable;)V does use it's CallbackInfoReturnable
[14:44:52] [Render thread/DEBUG] (FabricLoader/Mixin) fabric-resource-conditions-api-v1.mixins.json:TagManagerLoaderMixin from mod fabric-resource-conditions-api-v1->@Inject::hookApply(Ljava/util/List;Ljava/lang/Void;Lorg/spongepowered/asm/mixin/injection/callback/CallbackInfo;)V doesn't use it's CallbackInfo
[14:44:52] [Render thread/DEBUG] (FabricLoader/Mixin) fabric-resource-conditions-api-v1.mixins.json:TagManagerLoaderMixin from mod fabric-resource-conditions-api-v1->@Inject::hookApply(Ljava/util/List;Ljava/lang/Void;Lorg/spongepowered/asm/mixin/injection/callback/CallbackInfo;)V has 0 override(s) in child classes
[14:44:52] [Render thread/DEBUG] (FabricLoader/Mixin) fabric-resource-conditions-api-v1.mixins.json:TagManagerLoaderMixin from mod fabric-resource-conditions-api-v1->@Inject::hookApply(Ljava/util/List;Ljava/lang/Void;Lorg/spongepowered/asm/mixin/injection/callback/CallbackInfo;)V won't be passed a CallbackInfo as a result
[14:44:52] [Render thread/DEBUG] (FabricLoader/Mixin) Mixing CommandManagerMixin from fabric-gametest-api-v1.mixins.json into net.minecraft.server.command.CommandManager
[14:44:52] [Render thread/DEBUG] (FabricLoader/Mixin) fabric-gametest-api-v1.mixins.json:CommandManagerMixin from mod fabric-gametest-api-v1: Class version 61 required is higher than the class version supported by the current version of Mixin (JAVA_16 supports class version 60)
[14:44:52] [Render thread/DEBUG] (FabricLoader/Mixin) Mixing CommandManagerMixin from fabric-command-api-v2.mixins.json into net.minecraft.server.command.CommandManager
[14:44:52] [Render thread/DEBUG] (FabricLoader/Mixin) fabric-command-api-v2.mixins.json:CommandManagerMixin from mod fabric-command-api-v2: Class version 61 required is higher than the class version supported by the current version of Mixin (JAVA_16 supports class version 60)
[14:44:52] [Render thread/DEBUG] (FabricLoader/Mixin) fabric-gametest-api-v1.mixins.json:CommandManagerMixin from mod fabric-gametest-api-v1->@Inject::construct(Lnet/minecraft/server/command/CommandManager$RegistrationEnvironment;Lnet/minecraft/command/CommandRegistryAccess;Lorg/spongepowered/asm/mixin/injection/callback/CallbackInfo;)V doesn't use it's CallbackInfo
[14:44:52] [Render thread/DEBUG] (FabricLoader/Mixin) fabric-gametest-api-v1.mixins.json:CommandManagerMixin from mod fabric-gametest-api-v1->@Inject::construct(Lnet/minecraft/server/command/CommandManager$RegistrationEnvironment;Lnet/minecraft/command/CommandRegistryAccess;Lorg/spongepowered/asm/mixin/injection/callback/CallbackInfo;)V has 0 override(s) in child classes
[14:44:52] [Render thread/DEBUG] (FabricLoader/Mixin) fabric-gametest-api-v1.mixins.json:CommandManagerMixin from mod fabric-gametest-api-v1->@Inject::construct(Lnet/minecraft/server/command/CommandManager$RegistrationEnvironment;Lnet/minecraft/command/CommandRegistryAccess;Lorg/spongepowered/asm/mixin/injection/callback/CallbackInfo;)V won't be passed a CallbackInfo as a result
[14:44:52] [Render thread/DEBUG] (FabricLoader/Mixin) fabric-command-api-v2.mixins.json:CommandManagerMixin from mod fabric-command-api-v2->@Inject::fabric_addCommands(Lnet/minecraft/server/command/CommandManager$RegistrationEnvironment;Lnet/minecraft/command/CommandRegistryAccess;Lorg/spongepowered/asm/mixin/injection/callback/CallbackInfo;)V doesn't use it's CallbackInfo
[14:44:52] [Render thread/DEBUG] (FabricLoader/Mixin) fabric-command-api-v2.mixins.json:CommandManagerMixin from mod fabric-command-api-v2->@Inject::fabric_addCommands(Lnet/minecraft/server/command/CommandManager$RegistrationEnvironment;Lnet/minecraft/command/CommandRegistryAccess;Lorg/spongepowered/asm/mixin/injection/callback/CallbackInfo;)V has 0 override(s) in child classes
[14:44:52] [Render thread/DEBUG] (FabricLoader/Mixin) fabric-command-api-v2.mixins.json:CommandManagerMixin from mod fabric-command-api-v2->@Inject::fabric_addCommands(Lnet/minecraft/server/command/CommandManager$RegistrationEnvironment;Lnet/minecraft/command/CommandRegistryAccess;Lorg/spongepowered/asm/mixin/injection/callback/CallbackInfo;)V won't be passed a CallbackInfo as a result
[14:44:52] [Render thread/DEBUG] (FabricLoader/Mixin) Mixing GameRuleCommandAccessor from fabric-game-rule-api-v1.mixins.json into net.minecraft.server.command.GameRuleCommand
[14:44:52] [Render thread/DEBUG] (FabricLoader/Mixin) fabric-game-rule-api-v1.mixins.json:GameRuleCommandAccessor from mod fabric-game-rule-api-v1: Class version 61 required is higher than the class version supported by the current version of Mixin (JAVA_16 supports class version 60)
[14:44:52] [Render thread/DEBUG] (FabricLoader/Mixin) Renaming @Invoker method invokeExecuteSet(Lcom/mojang/brigadier/context/CommandContext;Lnet/minecraft/world/GameRules$Key;)I to invokeExecuteSet$fabric-game-rule-api-v1_$md$a9fcf3$0 in fabric-game-rule-api-v1.mixins.json:GameRuleCommandAccessor from mod fabric-game-rule-api-v1
[14:44:52] [Render thread/DEBUG] (FabricLoader/Mixin) Renaming @Invoker method invokeExecuteQuery(Lnet/minecraft/server/command/ServerCommandSource;Lnet/minecraft/world/GameRules$Key;)I to invokeExecuteQuery$fabric-game-rule-api-v1_$md$a9fcf3$1 in fabric-game-rule-api-v1.mixins.json:GameRuleCommandAccessor from mod fabric-game-rule-api-v1
[14:44:52] [Render thread/DEBUG] (FabricLoader/Mixin) Mixing GameRuleCommandVisitorMixin from fabric-game-rule-api-v1.mixins.json into net.minecraft.server.command.GameRuleCommand$1
[14:44:52] [Render thread/DEBUG] (FabricLoader/Mixin) fabric-game-rule-api-v1.mixins.json:GameRuleCommandVisitorMixin from mod fabric-game-rule-api-v1: Class version 61 required is higher than the class version supported by the current version of Mixin (JAVA_16 supports class version 60)
[14:44:52] [Render thread/DEBUG] (FabricLoader/Mixin) fabric-game-rule-api-v1.mixins.json:GameRuleCommandVisitorMixin from mod fabric-game-rule-api-v1->@Inject::onRegisterCommand(Lnet/minecraft/world/GameRules$Key;Lnet/minecraft/world/GameRules$Type;Lorg/spongepowered/asm/mixin/injection/callback/CallbackInfo;)V does use it's CallbackInfo
[14:44:52] [Render thread/DEBUG] (FabricLoader/Mixin) Mixing HelpCommandAccessor from fabric-command-api-v2.mixins.json into net.minecraft.server.command.HelpCommand
[14:44:52] [Render thread/DEBUG] (FabricLoader/Mixin) fabric-command-api-v2.mixins.json:HelpCommandAccessor from mod fabric-command-api-v2: Class version 61 required is higher than the class version supported by the current version of Mixin (JAVA_16 supports class version 60)
[14:44:52] [Render thread/DEBUG] (FabricLoader/Mixin) Renaming @Accessor method getFailedException()Lcom/mojang/brigadier/exceptions/SimpleCommandExceptionType; to getFailedException$fabric-command-api-v2_$md$a9fcf3$0 in fabric-command-api-v2.mixins.json:HelpCommandAccessor from mod fabric-command-api-v2
[14:44:52] [Render thread/DEBUG] (FabricLoader/Mixin) Mixing KeyedResourceReloadListenerMixin from fabric-resource-loader-v0.mixins.json into net.minecraft.server.function.FunctionLoader
[14:44:52] [Render thread/DEBUG] (FabricLoader/Mixin) fabric-resource-loader-v0.mixins.json:KeyedResourceReloadListenerMixin from mod fabric-resource-loader-v0: Class version 61 required is higher than the class version supported by the current version of Mixin (JAVA_16 supports class version 60)
[14:44:52] [Render thread/DEBUG] (FabricLoader/Mixin) Mixing TagGroupLoaderMixin from fabric-tag-api-v1.mixins.json into net.minecraft.registry.tag.TagGroupLoader
[14:44:52] [Render thread/DEBUG] (FabricLoader/Mixin) Renaming synthetic method lambda$addTagRemovalReferencesToDependencyTracker$1(Ljava/util/function/BiConsumer;Lnet/minecraft/util/Identifier;Ljava/util/List;)V to mda9fcf3$fabric-tag-api-v1$lambda$addTagRemovalReferencesToDependencyTracker$1$0 in fabric-tag-api-v1.mixins.json:TagGroupLoaderMixin from mod fabric-tag-api-v1
[14:44:52] [Render thread/DEBUG] (FabricLoader/Mixin) Renaming synthetic method lambda$scopeIdAroundOrderByDependencies$0(Ljava/util/function/BiConsumer;Lnet/minecraft/util/Identifier;Lnet/minecraft/registry/tag/TagGroupLoader$TagDependencies;)V to mda9fcf3$fabric-tag-api-v1$lambda$scopeIdAroundOrderByDependencies$0$1 in fabric-tag-api-v1.mixins.json:TagGroupLoaderMixin from mod fabric-tag-api-v1
[14:44:52] [Render thread/DEBUG] (FabricLoader/Mixin) fabric-tag-api-v1.mixins.json:TagGroupLoaderMixin from mod fabric-tag-api-v1->@Inject::loadRemoveEntries(Lnet/minecraft/resource/ResourceManager;Lorg/spongepowered/asm/mixin/injection/callback/CallbackInfoReturnable;)V doesn't use it's CallbackInfoReturnable
[14:44:52] [Render thread/DEBUG] (FabricLoader/Mixin) fabric-tag-api-v1.mixins.json:TagGroupLoaderMixin from mod fabric-tag-api-v1->@Inject::loadRemoveEntries(Lnet/minecraft/resource/ResourceManager;Lorg/spongepowered/asm/mixin/injection/callback/CallbackInfoReturnable;)V has 0 override(s) in child classes
[14:44:52] [Render thread/DEBUG] (FabricLoader/Mixin) fabric-tag-api-v1.mixins.json:TagGroupLoaderMixin from mod fabric-tag-api-v1->@Inject::loadRemoveEntries(Lnet/minecraft/resource/ResourceManager;Lorg/spongepowered/asm/mixin/injection/callback/CallbackInfoReturnable;)V won't be passed a CallbackInfoReturnable as a result
[14:44:52] [Render thread/DEBUG] (FabricLoader/Mixin) fabric-tag-api-v1.mixins.json:TagGroupLoaderMixin from mod fabric-tag-api-v1->@Inject::initCurrentValues(Lnet/minecraft/registry/tag/TagEntry$ValueGetter;Ljava/util/List;Lorg/spongepowered/asm/mixin/injection/callback/CallbackInfoReturnable;)V doesn't use it's CallbackInfoReturnable
[14:44:52] [Render thread/DEBUG] (FabricLoader/Mixin) fabric-tag-api-v1.mixins.json:TagGroupLoaderMixin from mod fabric-tag-api-v1->@Inject::initCurrentValues(Lnet/minecraft/registry/tag/TagEntry$ValueGetter;Ljava/util/List;Lorg/spongepowered/asm/mixin/injection/callback/CallbackInfoReturnable;)V has 0 override(s) in child classes
[14:44:52] [Render thread/DEBUG] (FabricLoader/Mixin) fabric-tag-api-v1.mixins.json:TagGroupLoaderMixin from mod fabric-tag-api-v1->@Inject::initCurrentValues(Lnet/minecraft/registry/tag/TagEntry$ValueGetter;Ljava/util/List;Lorg/spongepowered/asm/mixin/injection/callback/CallbackInfoReturnable;)V won't be passed a CallbackInfoReturnable as a result
[14:44:52] [Render thread/DEBUG] (FabricLoader/Mixin) fabric-tag-api-v1.mixins.json:TagGroupLoaderMixin from mod fabric-tag-api-v1->@Inject::replaceRightReturn(Lnet/minecraft/registry/tag/TagEntry$ValueGetter;Ljava/util/List;Lorg/spongepowered/asm/mixin/injection/callback/CallbackInfoReturnable;)V does use it's CallbackInfoReturnable
[14:44:52] [Render thread/DEBUG] (FabricLoader/Mixin) fabric-tag-api-v1.mixins.json:TagGroupLoaderMixin from mod fabric-tag-api-v1->@Inject::removeTagRemovalReferencesWhenFinished(Ljava/util/Map;Lorg/spongepowered/asm/mixin/injection/callback/CallbackInfoReturnable;)V doesn't use it's CallbackInfoReturnable
[14:44:52] [Render thread/DEBUG] (FabricLoader/Mixin) fabric-tag-api-v1.mixins.json:TagGroupLoaderMixin from mod fabric-tag-api-v1->@Inject::removeTagRemovalReferencesWhenFinished(Ljava/util/Map;Lorg/spongepowered/asm/mixin/injection/callback/CallbackInfoReturnable;)V has 0 override(s) in child classes
[14:44:52] [Render thread/DEBUG] (FabricLoader/Mixin) fabric-tag-api-v1.mixins.json:TagGroupLoaderMixin from mod fabric-tag-api-v1->@Inject::removeTagRemovalReferencesWhenFinished(Ljava/util/Map;Lorg/spongepowered/asm/mixin/injection/callback/CallbackInfoReturnable;)V won't be passed a CallbackInfoReturnable as a result
[14:44:52] [Worker-Main-5/DEBUG] (FabricLoader/Mixin) Mixing TagFileMixin from fabric-tag-api-v1.mixins.json into net.minecraft.registry.tag.TagFile
[14:44:52] [Worker-Main-15/DEBUG] (FabricLoader/Mixin) Mixing TagEntryAccessor from fabric-tag-api-v1.mixins.json into net.minecraft.registry.tag.TagEntry
[14:44:53] [Render thread/DEBUG] (FabricLoader/Mixin) Mixing ingredient.ShapelessRecipeMixin from fabric-recipe-api-v1.mixins.json into net.minecraft.recipe.ShapelessRecipe
[14:44:53] [Render thread/DEBUG] (FabricLoader/Mixin) fabric-recipe-api-v1.mixins.json:ingredient.ShapelessRecipeMixin from mod fabric-recipe-api-v1->@Inject::cacheRequiresTesting(Lnet/minecraft/util/Identifier;Ljava/lang/String;Lnet/minecraft/recipe/book/CraftingRecipeCategory;Lnet/minecraft/item/ItemStack;Lnet/minecraft/util/collection/DefaultedList;Lorg/spongepowered/asm/mixin/injection/callback/CallbackInfo;)V doesn't use it's CallbackInfo
[14:44:53] [Render thread/DEBUG] (FabricLoader/Mixin) fabric-recipe-api-v1.mixins.json:ingredient.ShapelessRecipeMixin from mod fabric-recipe-api-v1->@Inject::cacheRequiresTesting(Lnet/minecraft/util/Identifier;Ljava/lang/String;Lnet/minecraft/recipe/book/CraftingRecipeCategory;Lnet/minecraft/item/ItemStack;Lnet/minecraft/util/collection/DefaultedList;Lorg/spongepowered/asm/mixin/injection/callback/CallbackInfo;)V has 0 override(s) in child classes
[14:44:53] [Render thread/DEBUG] (FabricLoader/Mixin) fabric-recipe-api-v1.mixins.json:ingredient.ShapelessRecipeMixin from mod fabric-recipe-api-v1->@Inject::cacheRequiresTesting(Lnet/minecraft/util/Identifier;Ljava/lang/String;Lnet/minecraft/recipe/book/CraftingRecipeCategory;Lnet/minecraft/item/ItemStack;Lnet/minecraft/util/collection/DefaultedList;Lorg/spongepowered/asm/mixin/injection/callback/CallbackInfo;)V won't be passed a CallbackInfo as a result
[14:44:53] [Render thread/DEBUG] (FabricLoader/Mixin) fabric-recipe-api-v1.mixins.json:ingredient.ShapelessRecipeMixin from mod fabric-recipe-api-v1->@Inject::customIngredientMatch(Lnet/minecraft/inventory/RecipeInputInventory;Lnet/minecraft/world/World;Lorg/spongepowered/asm/mixin/injection/callback/CallbackInfoReturnable;)V does use it's CallbackInfoReturnable
[14:44:53] [Render thread/INFO] (net.minecraft.recipe.RecipeManager) Loaded 7 recipes
[14:44:53] [Render thread/DEBUG] (FabricLoader/Mixin) Mixing CriteriaAccessor from fabric-object-builder-v1.mixins.json into net.minecraft.advancement.criterion.Criteria
[14:44:53] [Render thread/DEBUG] (FabricLoader/Mixin) fabric-object-builder-v1.mixins.json:CriteriaAccessor from mod fabric-object-builder-api-v1: Class version 61 required is higher than the class version supported by the current version of Mixin (JAVA_16 supports class version 60)
[14:44:53] [Render thread/DEBUG] (FabricLoader/Mixin) Renaming @Invoker method callRegister(Lnet/minecraft/advancement/criterion/Criterion;)Lnet/minecraft/advancement/criterion/Criterion; to callRegister$fabric-object-builder-api-v1_$md$a9fcf3$0 in fabric-object-builder-v1.mixins.json:CriteriaAccessor from mod fabric-object-builder-api-v1
[14:44:53] [Render thread/INFO] (net.minecraft.advancement.AdvancementManager) Loaded 1271 advancements
[14:44:53] [Render thread/DEBUG] (FabricLoader/Mixin) Mixing shader_overrides.MixinGlRenderDevice from mixins.iris.compat.sodium.json into me.jellysquid.mods.sodium.client.gl.device.GLRenderDevice$ImmediateDrawCommandList
[14:44:53] [Render thread/DEBUG] (FabricLoader/Mixin) mixins.iris.compat.sodium.json:shader_overrides.MixinGlRenderDevice from mod iris: Class version 61 required is higher than the class version supported by the current version of Mixin (JAVA_8 supports class version 52)
[14:44:53] [Render thread/DEBUG] (FabricRegistrySync) Starting registry save
[14:44:53] [Render thread/DEBUG] (FabricRegistrySync) Not saving registry: minecraft:command_argument_type
[14:44:53] [Render thread/DEBUG] (FabricRegistrySync) Not saving registry: minecraft:item
[14:44:53] [Render thread/DEBUG] (FabricRegistrySync) Not saving registry: minecraft:block_entity_type
[14:44:53] [Render thread/DEBUG] (FabricRegistrySync) Not saving registry: minecraft:custom_stat
[14:44:53] [Render thread/DEBUG] (FabricRegistrySync) Not saving registry: minecraft:worldgen/foliage_placer_type
[14:44:53] [Render thread/DEBUG] (FabricRegistrySync) Not saving registry: minecraft:stat_type
[14:44:53] [Render thread/DEBUG] (FabricRegistrySync) Not saving registry: minecraft:worldgen/material_rule
[14:44:53] [Render thread/DEBUG] (FabricRegistrySync) Not saving registry: minecraft:worldgen/structure_type
[14:44:53] [Render thread/DEBUG] (FabricRegistrySync) Not saving registry: minecraft:attribute
[14:44:53] [Render thread/DEBUG] (FabricRegistrySync) Not saving registry: minecraft:position_source_type
[14:44:53] [Render thread/DEBUG] (FabricRegistrySync) Not saving registry: minecraft:height_provider_type
[14:44:53] [Render thread/DEBUG] (FabricRegistrySync) Not saving registry: minecraft:rule_block_entity_modifier
[14:44:53] [Render thread/DEBUG] (FabricRegistrySync) Not saving registry: minecraft:worldgen/density_function_type
[14:44:53] [Render thread/DEBUG] (FabricRegistrySync) Not saving registry: minecraft:fluid
[14:44:53] [Render thread/DEBUG] (FabricRegistrySync) Not saving registry: minecraft:loot_condition_type
[14:44:53] [Render thread/DEBUG] (FabricRegistrySync) Not saving registry: minecraft:worldgen/structure_pool_element
[14:44:53] [Render thread/DEBUG] (FabricRegistrySync) Not saving registry: minecraft:activity
[14:44:53] [Render thread/DEBUG] (FabricRegistrySync) Not saving registry: minecraft:recipe_serializer
[14:44:53] [Render thread/DEBUG] (FabricRegistrySync) Not saving registry: minecraft:frog_variant
[14:44:53] [Render thread/DEBUG] (FabricRegistrySync) Not saving registry: minecraft:banner_pattern
[14:44:53] [Render thread/DEBUG] (FabricRegistrySync) Not saving registry: minecraft:instrument
[14:44:53] [Render thread/DEBUG] (FabricRegistrySync) Not saving registry: minecraft:decorated_pot_patterns
[14:44:53] [Render thread/DEBUG] (FabricRegistrySync) Not saving registry: minecraft:worldgen/feature_size_type
[14:44:53] [Render thread/DEBUG] (FabricRegistrySync) Not saving registry: minecraft:point_of_interest_type
[14:44:53] [Render thread/DEBUG] (FabricRegistrySync) Skipping un-modded registry: minecraft:mob_effect
[14:44:53] [Render thread/DEBUG] (FabricRegistrySync) Not saving registry: minecraft:loot_pool_entry_type
[14:44:53] [Render thread/DEBUG] (FabricRegistrySync) Not saving registry: minecraft:worldgen/block_state_provider_type
[14:44:53] [Render thread/DEBUG] (FabricRegistrySync) Not saving registry: minecraft:worldgen/chunk_generator
[14:44:53] [Render thread/DEBUG] (FabricRegistrySync) Not saving registry: minecraft:float_provider_type
[14:44:53] [Render thread/DEBUG] (FabricRegistrySync) Not saving registry: minecraft:chunk_status
[14:44:53] [Render thread/DEBUG] (FabricRegistrySync) Not saving registry: minecraft:enchantment
[14:44:53] [Render thread/DEBUG] (FabricRegistrySync) Not saving registry: minecraft:loot_function_type
[14:44:53] [Render thread/DEBUG] (FabricRegistrySync) Not saving registry: minecraft:worldgen/structure_processor
[14:44:53] [Render thread/DEBUG] (FabricRegistrySync) Not saving registry: minecraft:loot_score_provider_type
[14:44:53] [Render thread/DEBUG] (FabricRegistrySync) Not saving registry: minecraft:worldgen/tree_decorator_type
[14:44:53] [Render thread/DEBUG] (FabricRegistrySync) Not saving registry: minecraft:schedule
[14:44:53] [Render thread/DEBUG] (FabricRegistrySync) Not saving registry: minecraft:worldgen/material_condition
[14:44:53] [Render thread/DEBUG] (FabricRegistrySync) Not saving registry: minecraft:entity_type
[14:44:53] [Render thread/DEBUG] (FabricRegistrySync) Not saving registry: minecraft:villager_profession
[14:44:53] [Render thread/DEBUG] (FabricRegistrySync) Not saving registry: minecraft:potion
[14:44:53] [Render thread/DEBUG] (FabricRegistrySync) Not saving registry: minecraft:recipe_type
[14:44:53] [Render thread/DEBUG] (FabricRegistrySync) Not saving registry: minecraft:int_provider_type
[14:44:53] [Render thread/DEBUG] (FabricRegistrySync) Not saving registry: minecraft:worldgen/feature
[14:44:53] [Render thread/DEBUG] (FabricRegistrySync) Not saving registry: minecraft:cat_variant
[14:44:53] [Render thread/DEBUG] (FabricRegistrySync) Not saving registry: minecraft:pos_rule_test
[14:44:53] [Render thread/DEBUG] (FabricRegistrySync) Not saving registry: minecraft:worldgen/structure_placement
[14:44:53] [Render thread/DEBUG] (FabricRegistrySync) Not saving registry: minecraft:loot_nbt_provider_type
[14:44:53] [Render thread/DEBUG] (FabricRegistrySync) Not saving registry: minecraft:menu
[14:44:53] [Render thread/DEBUG] (FabricRegistrySync) Not saving registry: minecraft:worldgen/trunk_placer_type
[14:44:53] [Render thread/DEBUG] (FabricRegistrySync) Not saving registry: minecraft:creative_mode_tab
[14:44:53] [Render thread/DEBUG] (FabricRegistrySync) Not saving registry: minecraft:worldgen/placement_modifier_type
[14:44:53] [Render thread/DEBUG] (FabricRegistrySync) Not saving registry: minecraft:worldgen/carver
[14:44:53] [Render thread/DEBUG] (FabricRegistrySync) Not saving registry: minecraft:loot_number_provider_type
[14:44:53] [Render thread/DEBUG] (FabricRegistrySync) Not saving registry: minecraft:worldgen/structure_piece
[14:44:53] [Render thread/DEBUG] (FabricRegistrySync) Not saving registry: minecraft:sound_event
[14:44:53] [Render thread/DEBUG] (FabricRegistrySync) Not saving registry: minecraft:particle_type
[14:44:53] [Render thread/DEBUG] (FabricRegistrySync) Not saving registry: minecraft:game_event
[14:44:53] [Render thread/DEBUG] (FabricRegistrySync) Not saving registry: minecraft:worldgen/biome_source
[14:44:53] [Render thread/DEBUG] (FabricRegistrySync) Not saving registry: minecraft:worldgen/root_placer_type
[14:44:53] [Render thread/DEBUG] (FabricRegistrySync) Not saving registry: minecraft:villager_type
[14:44:53] [Render thread/DEBUG] (FabricRegistrySync) Not saving registry: minecraft:painting_variant
[14:44:53] [Render thread/DEBUG] (FabricRegistrySync) Not saving registry: minecraft:block_predicate_type
[14:44:53] [Render thread/DEBUG] (FabricRegistrySync) Not saving registry: minecraft:block
[14:44:53] [Render thread/DEBUG] (FabricRegistrySync) Not saving registry: minecraft:sensor_type
[14:44:53] [Render thread/DEBUG] (FabricRegistrySync) Not saving registry: minecraft:rule_test
[14:44:53] [Render thread/DEBUG] (FabricRegistrySync) Not saving registry: minecraft:memory_module_type
[14:44:53] [Render thread/DEBUG] (FabricRegistrySync) Not saving empty registry data
[14:44:53] [Render thread/DEBUG] (FabricLoader/Mixin) Mixing PlayerManagerMixin from fabric-lifecycle-events-v1.mixins.json into net.minecraft.server.PlayerManager
[14:44:53] [Render thread/DEBUG] (FabricLoader/Mixin) fabric-lifecycle-events-v1.mixins.json:PlayerManagerMixin from mod fabric-lifecycle-events-v1: Class version 61 required is higher than the class version supported by the current version of Mixin (JAVA_16 supports class version 60)
[14:44:53] [Render thread/DEBUG] (FabricLoader/Mixin) Mixing PlayerManagerMixin from fabric-entity-events-v1.mixins.json into net.minecraft.server.PlayerManager
[14:44:53] [Render thread/DEBUG] (FabricLoader/Mixin) fabric-entity-events-v1.mixins.json:PlayerManagerMixin from mod fabric-entity-events-v1: Class version 61 required is higher than the class version supported by the current version of Mixin (JAVA_16 supports class version 60)
[14:44:53] [Render thread/DEBUG] (FabricLoader/Mixin) Mixing PlayerManagerMixin from fabric-message-api-v1.mixins.json into net.minecraft.server.PlayerManager
[14:44:53] [Render thread/DEBUG] (FabricLoader/Mixin) fabric-message-api-v1.mixins.json:PlayerManagerMixin from mod fabric-message-api-v1: Class version 61 required is higher than the class version supported by the current version of Mixin (JAVA_16 supports class version 60)
[14:44:53] [Render thread/DEBUG] (FabricLoader/Mixin) Mixing PlayerManagerMixin from fabric-networking-api-v1.mixins.json into net.minecraft.server.PlayerManager
[14:44:53] [Render thread/DEBUG] (FabricLoader/Mixin) fabric-networking-api-v1.mixins.json:PlayerManagerMixin from mod fabric-networking-api-v1: Class version 61 required is higher than the class version supported by the current version of Mixin (JAVA_16 supports class version 60)
[14:44:53] [Render thread/DEBUG] (FabricLoader/Mixin) fabric-lifecycle-events-v1.mixins.json:PlayerManagerMixin from mod fabric-lifecycle-events-v1->@Inject::hookOnPlayerConnect(Lnet/minecraft/network/ClientConnection;Lnet/minecraft/server/network/ServerPlayerEntity;Lorg/spongepowered/asm/mixin/injection/callback/CallbackInfo;)V doesn't use it's CallbackInfo
[14:44:53] [Render thread/DEBUG] (FabricLoader/Mixin) fabric-lifecycle-events-v1.mixins.json:PlayerManagerMixin from mod fabric-lifecycle-events-v1->@Inject::hookOnPlayerConnect(Lnet/minecraft/network/ClientConnection;Lnet/minecraft/server/network/ServerPlayerEntity;Lorg/spongepowered/asm/mixin/injection/callback/CallbackInfo;)V has 0 override(s) in child classes
[14:44:53] [Render thread/DEBUG] (FabricLoader/Mixin) fabric-lifecycle-events-v1.mixins.json:PlayerManagerMixin from mod fabric-lifecycle-events-v1->@Inject::hookOnPlayerConnect(Lnet/minecraft/network/ClientConnection;Lnet/minecraft/server/network/ServerPlayerEntity;Lorg/spongepowered/asm/mixin/injection/callback/CallbackInfo;)V won't be passed a CallbackInfo as a result
[14:44:53] [Render thread/DEBUG] (FabricLoader/Mixin) fabric-lifecycle-events-v1.mixins.json:PlayerManagerMixin from mod fabric-lifecycle-events-v1->@Inject::hookOnDataPacksReloaded(Lorg/spongepowered/asm/mixin/injection/callback/CallbackInfo;)V doesn't use it's CallbackInfo
[14:44:53] [Render thread/DEBUG] (FabricLoader/Mixin) fabric-lifecycle-events-v1.mixins.json:PlayerManagerMixin from mod fabric-lifecycle-events-v1->@Inject::hookOnDataPacksReloaded(Lorg/spongepowered/asm/mixin/injection/callback/CallbackInfo;)V has 0 override(s) in child classes
[14:44:53] [Render thread/DEBUG] (FabricLoader/Mixin) fabric-lifecycle-events-v1.mixins.json:PlayerManagerMixin from mod fabric-lifecycle-events-v1->@Inject::hookOnDataPacksReloaded(Lorg/spongepowered/asm/mixin/injection/callback/CallbackInfo;)V won't be passed a CallbackInfo as a result
[14:44:53] [Render thread/DEBUG] (FabricLoader/Mixin) fabric-entity-events-v1.mixins.json:PlayerManagerMixin from mod fabric-entity-events-v1->@Inject::afterRespawn(Lnet/minecraft/server/network/ServerPlayerEntity;ZLorg/spongepowered/asm/mixin/injection/callback/CallbackInfoReturnable;)V does use it's CallbackInfoReturnable
[14:44:53] [Render thread/DEBUG] (FabricLoader/Mixin) fabric-message-api-v1.mixins.json:PlayerManagerMixin from mod fabric-message-api-v1->@Inject::onSendChatMessage(Lnet/minecraft/network/message/SignedMessage;Lnet/minecraft/server/network/ServerPlayerEntity;Lnet/minecraft/network/message/MessageType$Parameters;Lorg/spongepowered/asm/mixin/injection/callback/CallbackInfo;)V does use it's CallbackInfo
[14:44:53] [Render thread/DEBUG] (FabricLoader/Mixin) fabric-message-api-v1.mixins.json:PlayerManagerMixin from mod fabric-message-api-v1->@Inject::onSendGameMessage(Lnet/minecraft/text/Text;Ljava/util/function/Function;ZLorg/spongepowered/asm/mixin/injection/callback/CallbackInfo;)V does use it's CallbackInfo
[14:44:53] [Render thread/DEBUG] (FabricLoader/Mixin) fabric-message-api-v1.mixins.json:PlayerManagerMixin from mod fabric-message-api-v1->@Inject::onSendCommandMessage(Lnet/minecraft/network/message/SignedMessage;Lnet/minecraft/server/command/ServerCommandSource;Lnet/minecraft/network/message/MessageType$Parameters;Lorg/spongepowered/asm/mixin/injection/callback/CallbackInfo;)V does use it's CallbackInfo
[14:44:53] [Render thread/DEBUG] (FabricLoader/Mixin) fabric-networking-api-v1.mixins.json:PlayerManagerMixin from mod fabric-networking-api-v1->@Inject::handlePlayerConnection(Lnet/minecraft/network/ClientConnection;Lnet/minecraft/server/network/ServerPlayerEntity;Lorg/spongepowered/asm/mixin/injection/callback/CallbackInfo;)V doesn't use it's CallbackInfo
[14:44:53] [Render thread/DEBUG] (FabricLoader/Mixin) fabric-networking-api-v1.mixins.json:PlayerManagerMixin from mod fabric-networking-api-v1->@Inject::handlePlayerConnection(Lnet/minecraft/network/ClientConnection;Lnet/minecraft/server/network/ServerPlayerEntity;Lorg/spongepowered/asm/mixin/injection/callback/CallbackInfo;)V has 0 override(s) in child classes
[14:44:53] [Render thread/DEBUG] (FabricLoader/Mixin) fabric-networking-api-v1.mixins.json:PlayerManagerMixin from mod fabric-networking-api-v1->@Inject::handlePlayerConnection(Lnet/minecraft/network/ClientConnection;Lnet/minecraft/server/network/ServerPlayerEntity;Lorg/spongepowered/asm/mixin/injection/callback/CallbackInfo;)V won't be passed a CallbackInfo as a result
[14:44:53] [Render thread/INFO] (net.fabricmc.fabric.impl.biome.modification.BiomeModificationImpl) Applied 0 biome modifications to 0 of 64 new biomes in 806.4 μs
[14:44:53] [Render thread/DEBUG] (FabricLoader/Mixin) Mixing SerializableRegistriesMixin from fabric-registry-sync-v0.mixins.json into net.minecraft.registry.SerializableRegistries
[14:44:53] [Render thread/DEBUG] (FabricLoader/Mixin) fabric-registry-sync-v0.mixins.json:SerializableRegistriesMixin from mod fabric-registry-sync-v0: Class version 61 required is higher than the class version supported by the current version of Mixin (JAVA_16 supports class version 60)
[14:44:53] [Render thread/DEBUG] (FabricLoader/Mixin) Renaming synthetic method lambda$filterNonSyncedEntries$0(Lnet/minecraft/registry/DynamicRegistryManager$Entry;)Z to mda9fcf3$fabric-registry-sync-v0$lambda$filterNonSyncedEntries$0$0 in fabric-registry-sync-v0.mixins.json:SerializableRegistriesMixin from mod fabric-registry-sync-v0
[14:44:53] [Server thread/INFO] (net.minecraft.server.integrated.IntegratedServer) Starting integrated minecraft server version 1.20.1
[14:44:53] [Server thread/INFO] (net.minecraft.server.MinecraftServer) Generating keypair
[14:44:53] [Render thread/DEBUG] (com.mojang.blaze3d.systems.RenderSystem) Growing IndexBuffer: Old limit 9360, new limit 26508.
[14:44:53] [Server thread/DEBUG] (FabricLoader/Mixin) Mixing ServerWorldServerEntityHandlerMixin from fabric-lifecycle-events-v1.mixins.json into net.minecraft.server.world.ServerWorld$ServerEntityHandler
[14:44:53] [Server thread/DEBUG] (FabricLoader/Mixin) fabric-lifecycle-events-v1.mixins.json:ServerWorldServerEntityHandlerMixin from mod fabric-lifecycle-events-v1: Class version 61 required is higher than the class version supported by the current version of Mixin (JAVA_16 supports class version 60)
[14:44:53] [Server thread/DEBUG] (FabricLoader/Mixin) fabric-lifecycle-events-v1.mixins.json:ServerWorldServerEntityHandlerMixin from mod fabric-lifecycle-events-v1->@Inject::invokeEntityLoadEvent(Lnet/minecraft/entity/Entity;Lorg/spongepowered/asm/mixin/injection/callback/CallbackInfo;)V doesn't use it's CallbackInfo
[14:44:53] [Server thread/DEBUG] (FabricLoader/Mixin) fabric-lifecycle-events-v1.mixins.json:ServerWorldServerEntityHandlerMixin from mod fabric-lifecycle-events-v1->@Inject::invokeEntityUnloadEvent(Lnet/minecraft/entity/Entity;Lorg/spongepowered/asm/mixin/injection/callback/CallbackInfo;)V doesn't use it's CallbackInfo
[14:44:53] [Server thread/DEBUG] (FabricLoader/Mixin) Mixing ThreadedAnvilChunkStorageMixin from fabric-lifecycle-events-v1.mixins.json into net.minecraft.server.world.ThreadedAnvilChunkStorage
[14:44:53] [Server thread/DEBUG] (FabricLoader/Mixin) fabric-lifecycle-events-v1.mixins.json:ThreadedAnvilChunkStorageMixin from mod fabric-lifecycle-events-v1: Class version 61 required is higher than the class version supported by the current version of Mixin (JAVA_16 supports class version 60)
[14:44:53] [Server thread/DEBUG] (FabricLoader/Mixin) Mixing accessor.ThreadedAnvilChunkStorageAccessor from fabric-networking-api-v1.mixins.json into net.minecraft.server.world.ThreadedAnvilChunkStorage
[14:44:53] [Server thread/DEBUG] (FabricLoader/Mixin) fabric-networking-api-v1.mixins.json:accessor.ThreadedAnvilChunkStorageAccessor from mod fabric-networking-api-v1: Class version 61 required is higher than the class version supported by the current version of Mixin (JAVA_16 supports class version 60)
[14:44:53] [Server thread/DEBUG] (FabricLoader/Mixin) fabric-lifecycle-events-v1.mixins.json:ThreadedAnvilChunkStorageMixin from mod fabric-lifecycle-events-v1->@Inject::onChunkUnload(Lnet/minecraft/server/world/ChunkHolder;Ljava/util/concurrent/CompletableFuture;JLnet/minecraft/world/chunk/Chunk;Lorg/spongepowered/asm/mixin/injection/callback/CallbackInfo;)V doesn't use it's CallbackInfo
[14:44:53] [Server thread/DEBUG] (FabricLoader/Mixin) fabric-lifecycle-events-v1.mixins.json:ThreadedAnvilChunkStorageMixin from mod fabric-lifecycle-events-v1->@Inject::onChunkUnload(Lnet/minecraft/server/world/ChunkHolder;Ljava/util/concurrent/CompletableFuture;JLnet/minecraft/world/chunk/Chunk;Lorg/spongepowered/asm/mixin/injection/callback/CallbackInfo;)V has 0 override(s) in child classes
[14:44:53] [Server thread/DEBUG] (FabricLoader/Mixin) fabric-lifecycle-events-v1.mixins.json:ThreadedAnvilChunkStorageMixin from mod fabric-lifecycle-events-v1->@Inject::onChunkUnload(Lnet/minecraft/server/world/ChunkHolder;Ljava/util/concurrent/CompletableFuture;JLnet/minecraft/world/chunk/Chunk;Lorg/spongepowered/asm/mixin/injection/callback/CallbackInfo;)V won't be passed a CallbackInfo as a result
[14:44:53] [Server thread/DEBUG] (FabricLoader/Mixin) fabric-lifecycle-events-v1.mixins.json:ThreadedAnvilChunkStorageMixin from mod fabric-lifecycle-events-v1->@Inject::onChunkLoad(Lnet/minecraft/server/world/ChunkHolder;Lnet/minecraft/world/chunk/Chunk;Lorg/spongepowered/asm/mixin/injection/callback/CallbackInfoReturnable;)V does use it's CallbackInfoReturnable
[14:44:53] [Server thread/DEBUG] (FabricLoader/Mixin) Mixing NoiseConfigMixin from fabric-biome-api-v1.mixins.json into net.minecraft.world.gen.noise.NoiseConfig
[14:44:53] [Server thread/DEBUG] (FabricLoader/Mixin) fabric-biome-api-v1.mixins.json:NoiseConfigMixin from mod fabric-biome-api-v1: Class version 61 required is higher than the class version supported by the current version of Mixin (JAVA_16 supports class version 60)
[14:44:53] [Server thread/DEBUG] (FabricLoader/Mixin) fabric-biome-api-v1.mixins.json:NoiseConfigMixin from mod fabric-biome-api-v1->@Inject::init(Lnet/minecraft/world/gen/chunk/ChunkGeneratorSettings;Lnet/minecraft/registry/RegistryEntryLookup;JLorg/spongepowered/asm/mixin/injection/callback/CallbackInfo;)V doesn't use it's CallbackInfo
[14:44:53] [Server thread/DEBUG] (FabricLoader/Mixin) Mixing MultiNoiseUtilMultiNoiseSamplerMixin from fabric-biome-api-v1.mixins.json into net.minecraft.world.biome.source.util.MultiNoiseUtil$MultiNoiseSampler
[14:44:53] [Server thread/DEBUG] (FabricLoader/Mixin) fabric-biome-api-v1.mixins.json:MultiNoiseUtilMultiNoiseSamplerMixin from mod fabric-biome-api-v1: Class version 61 required is higher than the class version supported by the current version of Mixin (JAVA_16 supports class version 60)
[14:44:53] [Server thread/DEBUG] (FabricLoader/Mixin) Mixing core.world.chunk.PackedIntegerArrayMixin from sodium.mixins.json into net.minecraft.util.collection.PackedIntegerArray
[14:44:54] [Server thread/INFO] (net.minecraft.server.MinecraftServer) Preparing start region for dimension minecraft:overworld
[14:44:54] [Server thread/DEBUG] (FabricLoader/Mixin) Mixing ChunkSerializerMixin from fabric-registry-sync-v0.mixins.json into net.minecraft.world.ChunkSerializer
[14:44:54] [Server thread/DEBUG] (FabricLoader/Mixin) fabric-registry-sync-v0.mixins.json:ChunkSerializerMixin from mod fabric-registry-sync-v0: Class version 61 required is higher than the class version supported by the current version of Mixin (JAVA_16 supports class version 60)
[14:44:54] [Server thread/DEBUG] (FabricLoader/Mixin) Mixing ChunkSerializerMixin from fabric-data-attachment-api-v1.mixins.json into net.minecraft.world.ChunkSerializer
[14:44:54] [Server thread/DEBUG] (FabricLoader/Mixin) fabric-data-attachment-api-v1.mixins.json:ChunkSerializerMixin from mod fabric-data-attachment-api-v1->@Inject::writeChunkAttachments(Lnet/minecraft/server/world/ServerWorld;Lnet/minecraft/world/chunk/Chunk;Lorg/spongepowered/asm/mixin/injection/callback/CallbackInfoReturnable;)V does use it's CallbackInfoReturnable
[14:44:54] [Server thread/DEBUG] (FabricLoader/Mixin) Mixing WrapperProtoChunkMixin from fabric-data-attachment-api-v1.mixins.json into net.minecraft.world.chunk.WrapperProtoChunk
[14:44:54] [Server thread/DEBUG] (FabricLoader/Mixin) Mixing core.world.chunk.PalettedContainerMixin from sodium.mixins.json into net.minecraft.world.chunk.PalettedContainer
[14:44:54] [Server thread/DEBUG] (FabricLoader/Mixin) Mixing core.world.chunk.EmptyPaletteStorageMixin from sodium.mixins.json into net.minecraft.util.collection.EmptyPaletteStorage
[14:44:55] [Render thread/INFO] (net.minecraft.server.WorldGenerationProgressLogger) Préparation de la zone d'apparition : 0 %
[14:44:55] [Render thread/INFO] (net.minecraft.server.WorldGenerationProgressLogger) Préparation de la zone d'apparition : 0 %
[14:44:55] [Render thread/INFO] (net.minecraft.server.WorldGenerationProgressLogger) Préparation de la zone d'apparition : 0 %
[14:44:55] [Render thread/INFO] (net.minecraft.server.WorldGenerationProgressLogger) Préparation de la zone d'apparition : 0 %
[14:44:55] [Server thread/DEBUG] (FabricLoader/Mixin) Mixing LandPathNodeMakerMixin from fabric-content-registries-v0.mixins.json into net.minecraft.entity.ai.pathing.LandPathNodeMaker
[14:44:55] [Server thread/DEBUG] (FabricLoader/Mixin) fabric-content-registries-v0.mixins.json:LandPathNodeMakerMixin from mod fabric-content-registries-v0: Class version 61 required is higher than the class version supported by the current version of Mixin (JAVA_16 supports class version 60)
[14:44:55] [Server thread/DEBUG] (FabricLoader/Mixin) fabric-content-registries-v0.mixins.json:LandPathNodeMakerMixin from mod fabric-content-registries-v0->@Inject::getCommonNodeType(Lnet/minecraft/world/BlockView;Lnet/minecraft/util/math/BlockPos;Lorg/spongepowered/asm/mixin/injection/callback/CallbackInfoReturnable;Lnet/minecraft/block/BlockState;)V does use it's CallbackInfoReturnable
[14:44:55] [Server thread/DEBUG] (FabricLoader/Mixin) fabric-content-registries-v0.mixins.json:LandPathNodeMakerMixin from mod fabric-content-registries-v0->@Inject::getNodeTypeFromNeighbors(Lnet/minecraft/world/BlockView;Lnet/minecraft/util/math/BlockPos$Mutable;Lnet/minecraft/entity/ai/pathing/PathNodeType;Lorg/spongepowered/asm/mixin/injection/callback/CallbackInfoReturnable;IIIIIILnet/minecraft/block/BlockState;)V does use it's CallbackInfoReturnable
[14:44:56] [Render thread/INFO] (net.minecraft.server.WorldGenerationProgressLogger) Time elapsed: 1945 ms
[14:44:56] [Server thread/DEBUG] (FabricLoader/Mixin) Mixing accessor.EntityTrackerAccessor from fabric-networking-api-v1.mixins.json into net.minecraft.server.world.ThreadedAnvilChunkStorage$EntityTracker
[14:44:56] [Server thread/DEBUG] (FabricLoader/Mixin) fabric-networking-api-v1.mixins.json:accessor.EntityTrackerAccessor from mod fabric-networking-api-v1: Class version 61 required is higher than the class version supported by the current version of Mixin (JAVA_16 supports class version 60)
[14:44:56] [Server thread/DEBUG] (FabricLoader/Mixin) Mixing EntityTrackerEntryMixin from fabric-networking-api-v1.mixins.json into net.minecraft.server.network.EntityTrackerEntry
[14:44:56] [Server thread/DEBUG] (FabricLoader/Mixin) fabric-networking-api-v1.mixins.json:EntityTrackerEntryMixin from mod fabric-networking-api-v1: Class version 61 required is higher than the class version supported by the current version of Mixin (JAVA_16 supports class version 60)
[14:44:56] [Server thread/DEBUG] (FabricLoader/Mixin) fabric-networking-api-v1.mixins.json:EntityTrackerEntryMixin from mod fabric-networking-api-v1->@Inject::onStartTracking(Lnet/minecraft/server/network/ServerPlayerEntity;Lorg/spongepowered/asm/mixin/injection/callback/CallbackInfo;)V doesn't use it's CallbackInfo
[14:44:56] [Server thread/DEBUG] (FabricLoader/Mixin) fabric-networking-api-v1.mixins.json:EntityTrackerEntryMixin from mod fabric-networking-api-v1->@Inject::onStartTracking(Lnet/minecraft/server/network/ServerPlayerEntity;Lorg/spongepowered/asm/mixin/injection/callback/CallbackInfo;)V has 0 override(s) in child classes
[14:44:56] [Server thread/DEBUG] (FabricLoader/Mixin) fabric-networking-api-v1.mixins.json:EntityTrackerEntryMixin from mod fabric-networking-api-v1->@Inject::onStartTracking(Lnet/minecraft/server/network/ServerPlayerEntity;Lorg/spongepowered/asm/mixin/injection/callback/CallbackInfo;)V won't be passed a CallbackInfo as a result
[14:44:56] [Server thread/DEBUG] (FabricLoader/Mixin) fabric-networking-api-v1.mixins.json:EntityTrackerEntryMixin from mod fabric-networking-api-v1->@Inject::onStopTracking(Lnet/minecraft/server/network/ServerPlayerEntity;Lorg/spongepowered/asm/mixin/injection/callback/CallbackInfo;)V doesn't use it's CallbackInfo
[14:44:56] [Server thread/DEBUG] (FabricLoader/Mixin) fabric-networking-api-v1.mixins.json:EntityTrackerEntryMixin from mod fabric-networking-api-v1->@Inject::onStopTracking(Lnet/minecraft/server/network/ServerPlayerEntity;Lorg/spongepowered/asm/mixin/injection/callback/CallbackInfo;)V has 0 override(s) in child classes
[14:44:56] [Server thread/DEBUG] (FabricLoader/Mixin) fabric-networking-api-v1.mixins.json:EntityTrackerEntryMixin from mod fabric-networking-api-v1->@Inject::onStopTracking(Lnet/minecraft/server/network/ServerPlayerEntity;Lorg/spongepowered/asm/mixin/injection/callback/CallbackInfo;)V won't be passed a CallbackInfo as a result
[14:44:56] [Server thread/INFO] (net.minecraft.server.integrated.IntegratedServer) Changing view distance to 32, from 10
[14:44:56] [Server thread/INFO] (net.minecraft.server.integrated.IntegratedServer) Changing simulation distance to 32, from 0
[14:44:56] [Render thread/DEBUG] (io.netty.channel.MultithreadEventLoopGroup) -Dio.netty.eventLoopThreads: 56
[14:44:56] [Render thread/DEBUG] (io.netty.util.internal.InternalThreadLocalMap) -Dio.netty.threadLocalMap.stringBuilder.initialSize: 1024
[14:44:56] [Render thread/DEBUG] (io.netty.util.internal.InternalThreadLocalMap) -Dio.netty.threadLocalMap.stringBuilder.maxSize: 4096
[14:44:56] [Render thread/DEBUG] (io.netty.util.internal.PlatformDependent0) -Dio.netty.noUnsafe: false
[14:44:56] [Render thread/DEBUG] (io.netty.util.internal.PlatformDependent0) Java version: 17
[14:44:56] [Render thread/DEBUG] (io.netty.util.internal.PlatformDependent0) sun.misc.Unsafe.theUnsafe: available
[14:44:56] [Render thread/DEBUG] (io.netty.util.internal.PlatformDependent0) sun.misc.Unsafe.copyMemory: available
[14:44:56] [Render thread/DEBUG] (io.netty.util.internal.PlatformDependent0) sun.misc.Unsafe.storeFence: available
[14:44:56] [Render thread/DEBUG] (io.netty.util.internal.PlatformDependent0) java.nio.Buffer.address: available
[14:44:56] [Render thread/DEBUG] (io.netty.util.internal.PlatformDependent0) direct buffer constructor: unavailable
java.lang.UnsupportedOperationException: Reflective setAccessible(true) disabled
	at io.netty.util.internal.ReflectionUtil.trySetAccessible(ReflectionUtil.java:31) ~[netty-common-4.1.82.Final.jar:4.1.82.Final]
	at io.netty.util.internal.PlatformDependent0$5.run(PlatformDependent0.java:288) ~[netty-common-4.1.82.Final.jar:4.1.82.Final]
	at java.security.AccessController.doPrivileged(AccessController.java:318) ~[?:?]
	at io.netty.util.internal.PlatformDependent0.<clinit>(PlatformDependent0.java:282) ~[netty-common-4.1.82.Final.jar:4.1.82.Final]
	at io.netty.util.internal.PlatformDependent.isAndroid(PlatformDependent.java:333) ~[netty-common-4.1.82.Final.jar:4.1.82.Final]
	at io.netty.util.internal.PlatformDependent.<clinit>(PlatformDependent.java:88) ~[netty-common-4.1.82.Final.jar:4.1.82.Final]
	at io.netty.channel.nio.NioEventLoop.<clinit>(NioEventLoop.java:84) ~[netty-transport-4.1.82.Final.jar:4.1.82.Final]
	at io.netty.channel.nio.NioEventLoopGroup.newChild(NioEventLoopGroup.java:182) ~[netty-transport-4.1.82.Final.jar:4.1.82.Final]
	at io.netty.channel.nio.NioEventLoopGroup.newChild(NioEventLoopGroup.java:38) ~[netty-transport-4.1.82.Final.jar:4.1.82.Final]
	at io.netty.util.concurrent.MultithreadEventExecutorGroup.<init>(MultithreadEventExecutorGroup.java:84) ~[netty-common-4.1.82.Final.jar:4.1.82.Final]
	at io.netty.util.concurrent.MultithreadEventExecutorGroup.<init>(MultithreadEventExecutorGroup.java:60) ~[netty-common-4.1.82.Final.jar:4.1.82.Final]
	at io.netty.util.concurrent.MultithreadEventExecutorGroup.<init>(MultithreadEventExecutorGroup.java:49) ~[netty-common-4.1.82.Final.jar:4.1.82.Final]
	at io.netty.channel.MultithreadEventLoopGroup.<init>(MultithreadEventLoopGroup.java:59) ~[netty-transport-4.1.82.Final.jar:4.1.82.Final]
	at io.netty.channel.nio.NioEventLoopGroup.<init>(NioEventLoopGroup.java:87) ~[netty-transport-4.1.82.Final.jar:4.1.82.Final]
	at io.netty.channel.nio.NioEventLoopGroup.<init>(NioEventLoopGroup.java:82) ~[netty-transport-4.1.82.Final.jar:4.1.82.Final]
	at io.netty.channel.nio.NioEventLoopGroup.<init>(NioEventLoopGroup.java:69) ~[netty-transport-4.1.82.Final.jar:4.1.82.Final]
	at net.minecraft.server.ServerNetworkIo.method_14348(ServerNetworkIo.java:53) ~[minecraft-merged-95601a0411-1.20.1-net.fabricmc.yarn.1_20_1.1.20.1+build.10-v2.jar:?]
	at com.google.common.base.Suppliers$NonSerializableMemoizingSupplier.get(Suppliers.java:183) ~[guava-31.1-jre.jar:?]
	at net.minecraft.util.Lazy.get(Lazy.java:19) ~[minecraft-merged-95601a0411-1.20.1-net.fabricmc.yarn.1_20_1.1.20.1+build.10-v2.jar:?]
	at net.minecraft.server.ServerNetworkIo.bindLocal(ServerNetworkIo.java:137) ~[minecraft-merged-95601a0411-1.20.1-net.fabricmc.yarn.1_20_1.1.20.1+build.10-v2.jar:?]
	at net.minecraft.client.MinecraftClient.startIntegratedServer(MinecraftClient.java:2134) ~[minecraft-merged-95601a0411-1.20.1-net.fabricmc.yarn.1_20_1.1.20.1+build.10-v2.jar:?]
	at net.minecraft.server.integrated.IntegratedServerLoader.method_43326(IntegratedServerLoader.java:235) ~[minecraft-merged-95601a0411-1.20.1-net.fabricmc.yarn.1_20_1.1.20.1+build.10-v2.jar:?]
	at java.util.concurrent.CompletableFuture$UniAccept.tryFire(CompletableFuture.java:718) ~[?:?]
	at java.util.concurrent.CompletableFuture$Completion.run(CompletableFuture.java:482) ~[?:?]
	at net.minecraft.util.thread.ThreadExecutor.executeTask(ThreadExecutor.java:156) ~[minecraft-merged-95601a0411-1.20.1-net.fabricmc.yarn.1_20_1.1.20.1+build.10-v2.jar:?]
	at net.minecraft.util.thread.ReentrantThreadExecutor.executeTask(ReentrantThreadExecutor.java:23) ~[minecraft-merged-95601a0411-1.20.1-net.fabricmc.yarn.1_20_1.1.20.1+build.10-v2.jar:?]
	at net.minecraft.util.thread.ThreadExecutor.runTask(ThreadExecutor.java:130) ~[minecraft-merged-95601a0411-1.20.1-net.fabricmc.yarn.1_20_1.1.20.1+build.10-v2.jar:?]
	at net.minecraft.util.thread.ThreadExecutor.runTasks(ThreadExecutor.java:115) ~[minecraft-merged-95601a0411-1.20.1-net.fabricmc.yarn.1_20_1.1.20.1+build.10-v2.jar:?]
	at net.minecraft.client.MinecraftClient.render(MinecraftClient.java:1175) ~[minecraft-merged-95601a0411-1.20.1-net.fabricmc.yarn.1_20_1.1.20.1+build.10-v2.jar:?]
	at net.minecraft.client.MinecraftClient.run(MinecraftClient.java:802) ~[minecraft-merged-95601a0411-1.20.1-net.fabricmc.yarn.1_20_1.1.20.1+build.10-v2.jar:?]
	at net.minecraft.client.main.Main.main(Main.java:250) ~[minecraft-merged-95601a0411-1.20.1-net.fabricmc.yarn.1_20_1.1.20.1+build.10-v2.jar:?]
	at net.fabricmc.loader.impl.game.minecraft.MinecraftGameProvider.launch(MinecraftGameProvider.java:480) ~[fabric-loader-0.16.10.jar:?]
	at net.fabricmc.loader.impl.launch.knot.Knot.launch(Knot.java:74) ~[fabric-loader-0.16.10.jar:?]
	at net.fabricmc.loader.impl.launch.knot.KnotClient.main(KnotClient.java:23) ~[fabric-loader-0.16.10.jar:?]
	at net.fabricmc.devlaunchinjector.Main.main(Main.java:86) ~[dev-launch-injector-0.2.1+build.8.jar:?]
[14:44:56] [Render thread/DEBUG] (io.netty.util.internal.PlatformDependent0) java.nio.Bits.unaligned: available, true
[14:44:56] [Render thread/DEBUG] (io.netty.util.internal.PlatformDependent0) jdk.internal.misc.Unsafe.allocateUninitializedArray(int): unavailable
java.lang.IllegalAccessException: class io.netty.util.internal.PlatformDependent0$7 cannot access class jdk.internal.misc.Unsafe (in module java.base) because module java.base does not export jdk.internal.misc to unnamed module @757acd7b
	at jdk.internal.reflect.Reflection.newIllegalAccessException(Reflection.java:392) ~[?:?]
	at java.lang.reflect.AccessibleObject.checkAccess(AccessibleObject.java:674) ~[?:?]
	at java.lang.reflect.Method.invoke(Method.java:560) ~[?:?]
	at io.netty.util.internal.PlatformDependent0$7.run(PlatformDependent0.java:410) ~[netty-common-4.1.82.Final.jar:4.1.82.Final]
	at java.security.AccessController.doPrivileged(AccessController.java:318) ~[?:?]
	at io.netty.util.internal.PlatformDependent0.<clinit>(PlatformDependent0.java:401) ~[netty-common-4.1.82.Final.jar:4.1.82.Final]
	at io.netty.util.internal.PlatformDependent.isAndroid(PlatformDependent.java:333) ~[netty-common-4.1.82.Final.jar:4.1.82.Final]
	at io.netty.util.internal.PlatformDependent.<clinit>(PlatformDependent.java:88) ~[netty-common-4.1.82.Final.jar:4.1.82.Final]
	at io.netty.channel.nio.NioEventLoop.<clinit>(NioEventLoop.java:84) ~[netty-transport-4.1.82.Final.jar:4.1.82.Final]
	at io.netty.channel.nio.NioEventLoopGroup.newChild(NioEventLoopGroup.java:182) ~[netty-transport-4.1.82.Final.jar:4.1.82.Final]
	at io.netty.channel.nio.NioEventLoopGroup.newChild(NioEventLoopGroup.java:38) ~[netty-transport-4.1.82.Final.jar:4.1.82.Final]
	at io.netty.util.concurrent.MultithreadEventExecutorGroup.<init>(MultithreadEventExecutorGroup.java:84) ~[netty-common-4.1.82.Final.jar:4.1.82.Final]
	at io.netty.util.concurrent.MultithreadEventExecutorGroup.<init>(MultithreadEventExecutorGroup.java:60) ~[netty-common-4.1.82.Final.jar:4.1.82.Final]
	at io.netty.util.concurrent.MultithreadEventExecutorGroup.<init>(MultithreadEventExecutorGroup.java:49) ~[netty-common-4.1.82.Final.jar:4.1.82.Final]
	at io.netty.channel.MultithreadEventLoopGroup.<init>(MultithreadEventLoopGroup.java:59) ~[netty-transport-4.1.82.Final.jar:4.1.82.Final]
	at io.netty.channel.nio.NioEventLoopGroup.<init>(NioEventLoopGroup.java:87) ~[netty-transport-4.1.82.Final.jar:4.1.82.Final]
	at io.netty.channel.nio.NioEventLoopGroup.<init>(NioEventLoopGroup.java:82) ~[netty-transport-4.1.82.Final.jar:4.1.82.Final]
	at io.netty.channel.nio.NioEventLoopGroup.<init>(NioEventLoopGroup.java:69) ~[netty-transport-4.1.82.Final.jar:4.1.82.Final]
	at net.minecraft.server.ServerNetworkIo.method_14348(ServerNetworkIo.java:53) ~[minecraft-merged-95601a0411-1.20.1-net.fabricmc.yarn.1_20_1.1.20.1+build.10-v2.jar:?]
	at com.google.common.base.Suppliers$NonSerializableMemoizingSupplier.get(Suppliers.java:183) ~[guava-31.1-jre.jar:?]
	at net.minecraft.util.Lazy.get(Lazy.java:19) ~[minecraft-merged-95601a0411-1.20.1-net.fabricmc.yarn.1_20_1.1.20.1+build.10-v2.jar:?]
	at net.minecraft.server.ServerNetworkIo.bindLocal(ServerNetworkIo.java:137) ~[minecraft-merged-95601a0411-1.20.1-net.fabricmc.yarn.1_20_1.1.20.1+build.10-v2.jar:?]
	at net.minecraft.client.MinecraftClient.startIntegratedServer(MinecraftClient.java:2134) ~[minecraft-merged-95601a0411-1.20.1-net.fabricmc.yarn.1_20_1.1.20.1+build.10-v2.jar:?]
	at net.minecraft.server.integrated.IntegratedServerLoader.method_43326(IntegratedServerLoader.java:235) ~[minecraft-merged-95601a0411-1.20.1-net.fabricmc.yarn.1_20_1.1.20.1+build.10-v2.jar:?]
	at java.util.concurrent.CompletableFuture$UniAccept.tryFire(CompletableFuture.java:718) ~[?:?]
	at java.util.concurrent.CompletableFuture$Completion.run(CompletableFuture.java:482) ~[?:?]
	at net.minecraft.util.thread.ThreadExecutor.executeTask(ThreadExecutor.java:156) ~[minecraft-merged-95601a0411-1.20.1-net.fabricmc.yarn.1_20_1.1.20.1+build.10-v2.jar:?]
	at net.minecraft.util.thread.ReentrantThreadExecutor.executeTask(ReentrantThreadExecutor.java:23) ~[minecraft-merged-95601a0411-1.20.1-net.fabricmc.yarn.1_20_1.1.20.1+build.10-v2.jar:?]
	at net.minecraft.util.thread.ThreadExecutor.runTask(ThreadExecutor.java:130) ~[minecraft-merged-95601a0411-1.20.1-net.fabricmc.yarn.1_20_1.1.20.1+build.10-v2.jar:?]
	at net.minecraft.util.thread.ThreadExecutor.runTasks(ThreadExecutor.java:115) ~[minecraft-merged-95601a0411-1.20.1-net.fabricmc.yarn.1_20_1.1.20.1+build.10-v2.jar:?]
	at net.minecraft.client.MinecraftClient.render(MinecraftClient.java:1175) ~[minecraft-merged-95601a0411-1.20.1-net.fabricmc.yarn.1_20_1.1.20.1+build.10-v2.jar:?]
	at net.minecraft.client.MinecraftClient.run(MinecraftClient.java:802) ~[minecraft-merged-95601a0411-1.20.1-net.fabricmc.yarn.1_20_1.1.20.1+build.10-v2.jar:?]
	at net.minecraft.client.main.Main.main(Main.java:250) ~[minecraft-merged-95601a0411-1.20.1-net.fabricmc.yarn.1_20_1.1.20.1+build.10-v2.jar:?]
	at net.fabricmc.loader.impl.game.minecraft.MinecraftGameProvider.launch(MinecraftGameProvider.java:480) ~[fabric-loader-0.16.10.jar:?]
	at net.fabricmc.loader.impl.launch.knot.Knot.launch(Knot.java:74) ~[fabric-loader-0.16.10.jar:?]
	at net.fabricmc.loader.impl.launch.knot.KnotClient.main(KnotClient.java:23) ~[fabric-loader-0.16.10.jar:?]
	at net.fabricmc.devlaunchinjector.Main.main(Main.java:86) ~[dev-launch-injector-0.2.1+build.8.jar:?]
[14:44:56] [Render thread/DEBUG] (io.netty.util.internal.PlatformDependent0) java.nio.DirectByteBuffer.<init>(long, int): unavailable
[14:44:56] [Render thread/DEBUG] (io.netty.util.internal.PlatformDependent) sun.misc.Unsafe: available
[14:44:56] [Render thread/DEBUG] (io.netty.util.internal.PlatformDependent) maxDirectMemory: 17112760320 bytes (maybe)
[14:44:56] [Render thread/DEBUG] (io.netty.util.internal.PlatformDependent) -Dio.netty.tmpdir: C:\Users\gael\AppData\Local\Temp (java.io.tmpdir)
[14:44:56] [Render thread/DEBUG] (io.netty.util.internal.PlatformDependent) -Dio.netty.bitMode: 64 (sun.arch.data.model)
[14:44:56] [Render thread/DEBUG] (io.netty.util.internal.PlatformDependent) Platform: Windows
[14:44:56] [Render thread/DEBUG] (io.netty.util.internal.PlatformDependent) -Dio.netty.maxDirectMemory: -1 bytes
[14:44:56] [Render thread/DEBUG] (io.netty.util.internal.PlatformDependent) -Dio.netty.uninitializedArrayAllocationThreshold: -1
[14:44:56] [Render thread/DEBUG] (io.netty.util.internal.CleanerJava9) java.nio.ByteBuffer.cleaner(): available
[14:44:56] [Render thread/DEBUG] (io.netty.util.internal.PlatformDependent) -Dio.netty.noPreferDirect: false
[14:44:56] [Render thread/DEBUG] (io.netty.channel.nio.NioEventLoop) -Dio.netty.noKeySetOptimization: false
[14:44:56] [Render thread/DEBUG] (io.netty.channel.nio.NioEventLoop) -Dio.netty.selectorAutoRebuildThreshold: 512
[14:44:56] [Render thread/DEBUG] (io.netty.util.internal.PlatformDependent) org.jctools-core.MpscChunkedArrayQueue: available
[14:44:56] [Render thread/DEBUG] (io.netty.channel.DefaultChannelId) -Dio.netty.processId: 10116 (auto-detected)
[14:44:56] [Render thread/DEBUG] (io.netty.util.NetUtil) -Djava.net.preferIPv4Stack: false
[14:44:56] [Render thread/DEBUG] (io.netty.util.NetUtil) -Djava.net.preferIPv6Addresses: false
[14:44:56] [Render thread/DEBUG] (io.netty.util.NetUtilInitializations) Loopback interface: lo (Software Loopback Interface 1, 127.0.0.1)
[14:44:56] [Render thread/DEBUG] (io.netty.util.NetUtil) Failed to get SOMAXCONN from sysctl and file \proc\sys\net\core\somaxconn. Default: 200
[14:44:56] [Render thread/DEBUG] (io.netty.channel.DefaultChannelId) -Dio.netty.machineId: c8:7f:54:ff:fe:04:82:22 (auto-detected)
[14:44:56] [Render thread/DEBUG] (io.netty.buffer.PooledByteBufAllocator) -Dio.netty.allocator.numHeapArenas: 56
[14:44:56] [Render thread/DEBUG] (io.netty.buffer.PooledByteBufAllocator) -Dio.netty.allocator.numDirectArenas: 56
[14:44:56] [Render thread/DEBUG] (io.netty.buffer.PooledByteBufAllocator) -Dio.netty.allocator.pageSize: 8192
[14:44:56] [Render thread/DEBUG] (io.netty.buffer.PooledByteBufAllocator) -Dio.netty.allocator.maxOrder: 9
[14:44:56] [Render thread/DEBUG] (io.netty.buffer.PooledByteBufAllocator) -Dio.netty.allocator.chunkSize: 4194304
[14:44:56] [Render thread/DEBUG] (io.netty.buffer.PooledByteBufAllocator) -Dio.netty.allocator.smallCacheSize: 256
[14:44:56] [Render thread/DEBUG] (io.netty.buffer.PooledByteBufAllocator) -Dio.netty.allocator.normalCacheSize: 64
[14:44:56] [Render thread/DEBUG] (io.netty.buffer.PooledByteBufAllocator) -Dio.netty.allocator.maxCachedBufferCapacity: 32768
[14:44:56] [Render thread/DEBUG] (io.netty.buffer.PooledByteBufAllocator) -Dio.netty.allocator.cacheTrimInterval: 8192
[14:44:56] [Render thread/DEBUG] (io.netty.buffer.PooledByteBufAllocator) -Dio.netty.allocator.cacheTrimIntervalMillis: 0
[14:44:56] [Render thread/DEBUG] (io.netty.buffer.PooledByteBufAllocator) -Dio.netty.allocator.useCacheForAllThreads: false
[14:44:56] [Render thread/DEBUG] (io.netty.buffer.PooledByteBufAllocator) -Dio.netty.allocator.maxCachedByteBuffersPerChunk: 1023
[14:44:56] [Render thread/DEBUG] (io.netty.buffer.ByteBufUtil) -Dio.netty.allocator.type: pooled
[14:44:56] [Render thread/DEBUG] (io.netty.buffer.ByteBufUtil) -Dio.netty.threadLocalDirectBufferSize: 0
[14:44:56] [Render thread/DEBUG] (io.netty.buffer.ByteBufUtil) -Dio.netty.maxThreadLocalCharBufferSize: 16384
[14:44:56] [Netty Local Client IO #0/DEBUG] (FabricLoader/Mixin) Mixing BlockEntityUpdateS2CPacketMixin from fabric-data-attachment-api-v1.mixins.json into net.minecraft.network.packet.s2c.play.BlockEntityUpdateS2CPacket
[14:44:56] [Netty Local Client IO #0/DEBUG] (FabricLoader/Mixin) Renaming synthetic method lambda$stripPersistentAttachmentData$0(Ljava/util/function/Function;Lnet/minecraft/block/entity/BlockEntity;)Lnet/minecraft/nbt/NbtCompound; to mda9fcf3$fabric-data-attachment-api-v1$lambda$stripPersistentAttachmentData$0$0 in fabric-data-attachment-api-v1.mixins.json:BlockEntityUpdateS2CPacketMixin from mod fabric-data-attachment-api-v1
[14:44:56] [Netty Local Client IO #0/DEBUG] (FabricLoader/Mixin) Mixing accessor.CustomPayloadC2SPacketAccessor from fabric-networking-api-v1.mixins.json into net.minecraft.network.packet.c2s.play.CustomPayloadC2SPacket
[14:44:56] [Netty Local Client IO #0/DEBUG] (FabricLoader/Mixin) fabric-networking-api-v1.mixins.json:accessor.CustomPayloadC2SPacketAccessor from mod fabric-networking-api-v1: Class version 61 required is higher than the class version supported by the current version of Mixin (JAVA_16 supports class version 60)
[14:44:56] [Netty Local Client IO #0/DEBUG] (FabricLoader/Mixin) Mixing accessor.LoginQueryResponseC2SPacketAccessor from fabric-networking-api-v1.mixins.json into net.minecraft.network.packet.c2s.login.LoginQueryResponseC2SPacket
[14:44:56] [Netty Local Client IO #0/DEBUG] (FabricLoader/Mixin) fabric-networking-api-v1.mixins.json:accessor.LoginQueryResponseC2SPacketAccessor from mod fabric-networking-api-v1: Class version 61 required is higher than the class version supported by the current version of Mixin (JAVA_16 supports class version 60)
[14:44:56] [Netty Local Client IO #0/DEBUG] (io.netty.util.Recycler) -Dio.netty.recycler.maxCapacityPerThread: 4096
[14:44:56] [Netty Local Client IO #0/DEBUG] (io.netty.util.Recycler) -Dio.netty.recycler.ratio: 8
[14:44:56] [Netty Local Client IO #0/DEBUG] (io.netty.util.Recycler) -Dio.netty.recycler.chunkSize: 32
[14:44:56] [Netty Local Client IO #0/DEBUG] (io.netty.util.Recycler) -Dio.netty.recycler.blocking: false
[14:44:56] [Server thread/DEBUG] (io.netty.buffer.AbstractByteBuf) -Dio.netty.buffer.checkAccessible: true
[14:44:56] [Server thread/DEBUG] (io.netty.buffer.AbstractByteBuf) -Dio.netty.buffer.checkBounds: true
[14:44:56] [Server thread/DEBUG] (io.netty.util.ResourceLeakDetectorFactory) Loaded default ResourceLeakDetector: io.netty.util.ResourceLeakDetector@37a799e3
[14:44:56] [Netty Local Client IO #0/DEBUG] (ClientLoginNetworkAddon for Client) Handling inbound login response with id 0 and channel with name fabric:custom_ingredient_sync
[14:44:56] [Netty Local Client IO #0/DEBUG] (ClientLoginNetworkAddon for Client) Handling inbound login response with id 1 and channel with name fabric-networking-api-v1:early_registration
[14:44:56] [Netty Local Client IO #0/DEBUG] (fabric-networking-api-v1) Received accepted channels from the server
[14:44:56] [Netty Server IO #1/DEBUG] (ServerLoginNetworkAddon for local:E:b80d0b54) Handling inbound login query with id 0
[14:44:56] [Netty Local Client IO #0/DEBUG] (fabric-networking-api-v1) Sent accepted channels to the server
[14:44:56] [Netty Server IO #1/DEBUG] (ServerLoginNetworkAddon for local:E:b80d0b54) Handling inbound login query with id 1
[14:44:56] [Server thread/DEBUG] (fabric-networking-api-v1) Sent accepted channels to the client for "com.mojang.authlib.GameProfile@31e7bc55[id=1b8d41ee-20e2-3849-a434-0d774a740ae1,name=Player355,properties={},legacy=false] (local:E:b80d0b54)"
[14:44:56] [Netty Server IO #1/DEBUG] (fabric-networking-api-v1) Received accepted channels from the client for "com.mojang.authlib.GameProfile@31e7bc55[id=1b8d41ee-20e2-3849-a434-0d774a740ae1,name=Player355,properties={},legacy=false] (local:E:b80d0b54)"
[14:44:56] [Netty Local Client IO #0/DEBUG] (FabricLoader/Mixin) Mixing core.gui.DownloadingTerrainScreenMixin from sodium.mixins.json into net.minecraft.client.gui.screen.DownloadingTerrainScreen
[14:44:56] [Server thread/DEBUG] (FabricLoader/Mixin) Mixing PlayerAdvancementTrackerMixin from fabric-events-interaction-v0.mixins.json into net.minecraft.advancement.PlayerAdvancementTracker
[14:44:56] [Server thread/DEBUG] (FabricLoader/Mixin) fabric-events-interaction-v0.mixins.json:PlayerAdvancementTrackerMixin from mod fabric-events-interaction-v0: Class version 61 required is higher than the class version supported by the current version of Mixin (JAVA_16 supports class version 60)
[14:44:56] [Server thread/DEBUG] (FabricLoader/Mixin) fabric-events-interaction-v0.mixins.json:PlayerAdvancementTrackerMixin from mod fabric-events-interaction-v0->@Inject::preventOwnerOverride(Lnet/minecraft/server/network/ServerPlayerEntity;Lorg/spongepowered/asm/mixin/injection/callback/CallbackInfo;)V does use it's CallbackInfo
[14:44:56] [Server thread/DEBUG] (FabricLoader/Mixin) fabric-events-interaction-v0.mixins.json:PlayerAdvancementTrackerMixin from mod fabric-events-interaction-v0->@Inject::preventGrantCriterion(Lnet/minecraft/advancement/Advancement;Ljava/lang/String;Lorg/spongepowered/asm/mixin/injection/callback/CallbackInfoReturnable;)V does use it's CallbackInfoReturnable
[14:44:56] [Netty Local Client IO #0/DEBUG] (FabricLoader/Mixin) Mixing ClientCommandSourceMixin from fabric-command-api-v2.client.mixins.json into net.minecraft.client.network.ClientCommandSource
[14:44:56] [Netty Local Client IO #0/DEBUG] (FabricLoader/Mixin) fabric-command-api-v2.client.mixins.json:ClientCommandSourceMixin from mod fabric-command-api-v2: Class version 61 required is higher than the class version supported by the current version of Mixin (JAVA_16 supports class version 60)
[14:44:56] [Server thread/INFO] (net.minecraft.server.PlayerManager) Player355[local:E:b80d0b54] logged in with entity id 60 at (333.23827815469167, 80.0, 107.57893994777199)
[14:44:56] [Netty Local Client IO #0/DEBUG] (ClientPlayNetworkAddon for Player355) Handling inbound packet from channel with name "minecraft:brand"
[14:44:56] [Render thread/DEBUG] (FabricLoader/Mixin) Mixing ClientPlayerInteractionManagerMixin from fabric-events-interaction-v0.client.mixins.json into net.minecraft.client.network.ClientPlayerInteractionManager
[14:44:56] [Render thread/DEBUG] (FabricLoader/Mixin) fabric-events-interaction-v0.client.mixins.json:ClientPlayerInteractionManagerMixin from mod fabric-events-interaction-v0: Class version 61 required is higher than the class version supported by the current version of Mixin (JAVA_16 supports class version 60)
[14:44:56] [Render thread/DEBUG] (FabricLoader/Mixin) Renaming synthetic method lambda$interactItem$2(Lnet/minecraft/util/Hand;I)Lnet/minecraft/network/packet/Packet; to mda9fcf3$fabric-events-interaction-v0$lambda$interactItem$2$0 in fabric-events-interaction-v0.client.mixins.json:ClientPlayerInteractionManagerMixin from mod fabric-events-interaction-v0
[14:44:56] [Render thread/DEBUG] (FabricLoader/Mixin) Renaming synthetic method lambda$interactBlock$1(Lnet/minecraft/util/Hand;Lnet/minecraft/util/hit/BlockHitResult;I)Lnet/minecraft/network/packet/Packet; to mda9fcf3$fabric-events-interaction-v0$lambda$interactBlock$1$1 in fabric-events-interaction-v0.client.mixins.json:ClientPlayerInteractionManagerMixin from mod fabric-events-interaction-v0
[14:44:56] [Render thread/DEBUG] (FabricLoader/Mixin) Renaming synthetic method lambda$fabric_fireAttackBlockCallback$0(Lnet/minecraft/util/math/BlockPos;Lnet/minecraft/util/math/Direction;I)Lnet/minecraft/network/packet/Packet; to mda9fcf3$fabric-events-interaction-v0$lambda$fabric_fireAttackBlockCallback$0$2 in fabric-events-interaction-v0.client.mixins.json:ClientPlayerInteractionManagerMixin from mod fabric-events-interaction-v0
[14:44:56] [Render thread/DEBUG] (FabricLoader/Mixin) Mixing ClientPlayerInteractionManagerMixin from fabric-item-api-v1.client.mixins.json into net.minecraft.client.network.ClientPlayerInteractionManager
[14:44:56] [Render thread/DEBUG] (FabricLoader/Mixin) fabric-item-api-v1.client.mixins.json:ClientPlayerInteractionManagerMixin from mod fabric-item-api-v1: Class version 61 required is higher than the class version supported by the current version of Mixin (JAVA_16 supports class version 60)
[14:44:56] [Render thread/DEBUG] (FabricLoader/Mixin) fabric-events-interaction-v0.client.mixins.json:ClientPlayerInteractionManagerMixin from mod fabric-events-interaction-v0->@Inject::attackBlock(Lnet/minecraft/util/math/BlockPos;Lnet/minecraft/util/math/Direction;Lorg/spongepowered/asm/mixin/injection/callback/CallbackInfoReturnable;)V does use it's CallbackInfoReturnable
[14:44:56] [Render thread/DEBUG] (FabricLoader/Mixin) fabric-events-interaction-v0.client.mixins.json:ClientPlayerInteractionManagerMixin from mod fabric-events-interaction-v0->@Inject::method_2902(Lnet/minecraft/util/math/BlockPos;Lnet/minecraft/util/math/Direction;Lorg/spongepowered/asm/mixin/injection/callback/CallbackInfoReturnable;)V does use it's CallbackInfoReturnable
[14:44:56] [Render thread/DEBUG] (FabricLoader/Mixin) fabric-events-interaction-v0.client.mixins.json:ClientPlayerInteractionManagerMixin from mod fabric-events-interaction-v0->@Inject::interactBlock(Lnet/minecraft/client/network/ClientPlayerEntity;Lnet/minecraft/util/Hand;Lnet/minecraft/util/hit/BlockHitResult;Lorg/spongepowered/asm/mixin/injection/callback/CallbackInfoReturnable;)V does use it's CallbackInfoReturnable
[14:44:56] [Render thread/DEBUG] (FabricLoader/Mixin) fabric-events-interaction-v0.client.mixins.json:ClientPlayerInteractionManagerMixin from mod fabric-events-interaction-v0->@Inject::interactItem(Lnet/minecraft/entity/player/PlayerEntity;Lnet/minecraft/util/Hand;Lorg/spongepowered/asm/mixin/injection/callback/CallbackInfoReturnable;)V does use it's CallbackInfoReturnable
[14:44:56] [Render thread/DEBUG] (FabricLoader/Mixin) fabric-events-interaction-v0.client.mixins.json:ClientPlayerInteractionManagerMixin from mod fabric-events-interaction-v0->@Inject::attackEntity(Lnet/minecraft/entity/player/PlayerEntity;Lnet/minecraft/entity/Entity;Lorg/spongepowered/asm/mixin/injection/callback/CallbackInfo;)V does use it's CallbackInfo
[14:44:56] [Render thread/DEBUG] (FabricLoader/Mixin) Mixing sky.MixinClientLevelData_DisableVoidPlane from mixins.iris.json into net.minecraft.client.world.ClientWorld$Properties
[14:44:56] [Render thread/DEBUG] (FabricLoader/Mixin) mixins.iris.json:sky.MixinClientLevelData_DisableVoidPlane from mod iris: Class version 61 required is higher than the class version supported by the current version of Mixin (JAVA_8 supports class version 52)
[14:44:56] [Render thread/DEBUG] (FabricLoader/Mixin) mixins.iris.json:sky.MixinClientLevelData_DisableVoidPlane from mod iris->@Inject::iris$getHorizonHeight(Lorg/spongepowered/asm/mixin/injection/callback/CallbackInfoReturnable;)V does use it's CallbackInfoReturnable
[14:44:56] [Render thread/DEBUG] (FabricLoader/Mixin) Mixing ClientChunkManagerMixin from fabric-lifecycle-events-v1.client.mixins.json into net.minecraft.client.world.ClientChunkManager
[14:44:56] [Render thread/DEBUG] (FabricLoader/Mixin) fabric-lifecycle-events-v1.client.mixins.json:ClientChunkManagerMixin from mod fabric-lifecycle-events-v1: Class version 61 required is higher than the class version supported by the current version of Mixin (JAVA_16 supports class version 60)
[14:44:56] [Render thread/DEBUG] (FabricLoader/Mixin) Mixing core.world.map.ClientChunkManagerMixin from sodium.mixins.json into net.minecraft.client.world.ClientChunkManager
[14:44:56] [Render thread/DEBUG] (FabricLoader/Mixin) fabric-lifecycle-events-v1.client.mixins.json:ClientChunkManagerMixin from mod fabric-lifecycle-events-v1->@Inject::onChunkLoad(IILnet/minecraft/network/PacketByteBuf;Lnet/minecraft/nbt/NbtCompound;Ljava/util/function/Consumer;Lorg/spongepowered/asm/mixin/injection/callback/CallbackInfoReturnable;)V does use it's CallbackInfoReturnable
[14:44:56] [Render thread/DEBUG] (FabricLoader/Mixin) fabric-lifecycle-events-v1.client.mixins.json:ClientChunkManagerMixin from mod fabric-lifecycle-events-v1->@Inject::onChunkUnload(IILnet/minecraft/network/PacketByteBuf;Lnet/minecraft/nbt/NbtCompound;Ljava/util/function/Consumer;Lorg/spongepowered/asm/mixin/injection/callback/CallbackInfoReturnable;ILnet/minecraft/world/chunk/WorldChunk;Lnet/minecraft/util/math/ChunkPos;)V doesn't use it's CallbackInfoReturnable
[14:44:56] [Render thread/DEBUG] (FabricLoader/Mixin) fabric-lifecycle-events-v1.client.mixins.json:ClientChunkManagerMixin from mod fabric-lifecycle-events-v1->@Inject::onChunkUnload(IILnet/minecraft/network/PacketByteBuf;Lnet/minecraft/nbt/NbtCompound;Ljava/util/function/Consumer;Lorg/spongepowered/asm/mixin/injection/callback/CallbackInfoReturnable;ILnet/minecraft/world/chunk/WorldChunk;Lnet/minecraft/util/math/ChunkPos;)V has 0 override(s) in child classes
[14:44:56] [Render thread/DEBUG] (FabricLoader/Mixin) fabric-lifecycle-events-v1.client.mixins.json:ClientChunkManagerMixin from mod fabric-lifecycle-events-v1->@Inject::onChunkUnload(IILnet/minecraft/network/PacketByteBuf;Lnet/minecraft/nbt/NbtCompound;Ljava/util/function/Consumer;Lorg/spongepowered/asm/mixin/injection/callback/CallbackInfoReturnable;ILnet/minecraft/world/chunk/WorldChunk;Lnet/minecraft/util/math/ChunkPos;)V won't be passed a CallbackInfoReturnable as a result
[14:44:56] [Render thread/DEBUG] (FabricLoader/Mixin) fabric-lifecycle-events-v1.client.mixins.json:ClientChunkManagerMixin from mod fabric-lifecycle-events-v1->@Inject::onChunkUnload(IILorg/spongepowered/asm/mixin/injection/callback/CallbackInfo;ILnet/minecraft/world/chunk/WorldChunk;)V doesn't use it's CallbackInfo
[14:44:56] [Render thread/DEBUG] (FabricLoader/Mixin) fabric-lifecycle-events-v1.client.mixins.json:ClientChunkManagerMixin from mod fabric-lifecycle-events-v1->@Inject::onChunkUnload(IILorg/spongepowered/asm/mixin/injection/callback/CallbackInfo;ILnet/minecraft/world/chunk/WorldChunk;)V has 0 override(s) in child classes
[14:44:56] [Render thread/DEBUG] (FabricLoader/Mixin) fabric-lifecycle-events-v1.client.mixins.json:ClientChunkManagerMixin from mod fabric-lifecycle-events-v1->@Inject::onChunkUnload(IILorg/spongepowered/asm/mixin/injection/callback/CallbackInfo;ILnet/minecraft/world/chunk/WorldChunk;)V won't be passed a CallbackInfo as a result
[14:44:56] [Render thread/DEBUG] (FabricLoader/Mixin) fabric-lifecycle-events-v1.client.mixins.json:ClientChunkManagerMixin from mod fabric-lifecycle-events-v1->@Inject::onUpdateLoadDistance(ILorg/spongepowered/asm/mixin/injection/callback/CallbackInfo;IILnet/minecraft/client/world/ClientChunkManager$ClientChunkMap;ILnet/minecraft/world/chunk/WorldChunk;Lnet/minecraft/util/math/ChunkPos;)V doesn't use it's CallbackInfo
[14:44:56] [Render thread/DEBUG] (FabricLoader/Mixin) fabric-lifecycle-events-v1.client.mixins.json:ClientChunkManagerMixin from mod fabric-lifecycle-events-v1->@Inject::onUpdateLoadDistance(ILorg/spongepowered/asm/mixin/injection/callback/CallbackInfo;IILnet/minecraft/client/world/ClientChunkManager$ClientChunkMap;ILnet/minecraft/world/chunk/WorldChunk;Lnet/minecraft/util/math/ChunkPos;)V has 0 override(s) in child classes
[14:44:56] [Render thread/DEBUG] (FabricLoader/Mixin) fabric-lifecycle-events-v1.client.mixins.json:ClientChunkManagerMixin from mod fabric-lifecycle-events-v1->@Inject::onUpdateLoadDistance(ILorg/spongepowered/asm/mixin/injection/callback/CallbackInfo;IILnet/minecraft/client/world/ClientChunkManager$ClientChunkMap;ILnet/minecraft/world/chunk/WorldChunk;Lnet/minecraft/util/math/ChunkPos;)V won't be passed a CallbackInfo as a result
[14:44:56] [Render thread/DEBUG] (FabricLoader/Mixin) sodium.mixins.json:core.world.map.ClientChunkManagerMixin from mod sodium->@Inject::onChunkUnloaded(IILorg/spongepowered/asm/mixin/injection/callback/CallbackInfo;)V doesn't use it's CallbackInfo
[14:44:56] [Render thread/DEBUG] (FabricLoader/Mixin) sodium.mixins.json:core.world.map.ClientChunkManagerMixin from mod sodium->@Inject::onChunkUnloaded(IILorg/spongepowered/asm/mixin/injection/callback/CallbackInfo;)V has 0 override(s) in child classes
[14:44:56] [Render thread/DEBUG] (FabricLoader/Mixin) sodium.mixins.json:core.world.map.ClientChunkManagerMixin from mod sodium->@Inject::onChunkUnloaded(IILorg/spongepowered/asm/mixin/injection/callback/CallbackInfo;)V won't be passed a CallbackInfo as a result
[14:44:56] [Render thread/DEBUG] (FabricLoader/Mixin) sodium.mixins.json:core.world.map.ClientChunkManagerMixin from mod sodium->@Inject::onChunkLoaded(IILnet/minecraft/network/PacketByteBuf;Lnet/minecraft/nbt/NbtCompound;Ljava/util/function/Consumer;Lorg/spongepowered/asm/mixin/injection/callback/CallbackInfoReturnable;)V doesn't use it's CallbackInfoReturnable
[14:44:56] [Render thread/DEBUG] (FabricLoader/Mixin) sodium.mixins.json:core.world.map.ClientChunkManagerMixin from mod sodium->@Inject::onChunkLoaded(IILnet/minecraft/network/PacketByteBuf;Lnet/minecraft/nbt/NbtCompound;Ljava/util/function/Consumer;Lorg/spongepowered/asm/mixin/injection/callback/CallbackInfoReturnable;)V has 0 override(s) in child classes
[14:44:56] [Render thread/DEBUG] (FabricLoader/Mixin) sodium.mixins.json:core.world.map.ClientChunkManagerMixin from mod sodium->@Inject::onChunkLoaded(IILnet/minecraft/network/PacketByteBuf;Lnet/minecraft/nbt/NbtCompound;Ljava/util/function/Consumer;Lorg/spongepowered/asm/mixin/injection/callback/CallbackInfoReturnable;)V won't be passed a CallbackInfoReturnable as a result
[14:44:56] [Render thread/DEBUG] (FabricLoader/Mixin) Mixing ClientWorldClientEntityHandlerMixin from fabric-lifecycle-events-v1.client.mixins.json into net.minecraft.client.world.ClientWorld$ClientEntityHandler
[14:44:56] [Render thread/DEBUG] (FabricLoader/Mixin) fabric-lifecycle-events-v1.client.mixins.json:ClientWorldClientEntityHandlerMixin from mod fabric-lifecycle-events-v1: Class version 61 required is higher than the class version supported by the current version of Mixin (JAVA_16 supports class version 60)
[14:44:56] [Render thread/DEBUG] (FabricLoader/Mixin) fabric-lifecycle-events-v1.client.mixins.json:ClientWorldClientEntityHandlerMixin from mod fabric-lifecycle-events-v1->@Inject::invokeLoadEntity(Lnet/minecraft/entity/Entity;Lorg/spongepowered/asm/mixin/injection/callback/CallbackInfo;)V doesn't use it's CallbackInfo
[14:44:56] [Render thread/DEBUG] (FabricLoader/Mixin) fabric-lifecycle-events-v1.client.mixins.json:ClientWorldClientEntityHandlerMixin from mod fabric-lifecycle-events-v1->@Inject::invokeUnloadEntity(Lnet/minecraft/entity/Entity;Lorg/spongepowered/asm/mixin/injection/callback/CallbackInfo;)V doesn't use it's CallbackInfo
[14:44:56] [Server thread/INFO] (net.minecraft.server.MinecraftServer) Player355 a rejoint la partie
[14:44:56] [Render thread/DEBUG] (FabricLoader/Mixin) Mixing sky.MixinDimensionSpecialEffects from mixins.iris.json into net.minecraft.client.render.DimensionEffects
[14:44:56] [Render thread/DEBUG] (FabricLoader/Mixin) mixins.iris.json:sky.MixinDimensionSpecialEffects from mod iris: Class version 61 required is higher than the class version supported by the current version of Mixin (JAVA_8 supports class version 52)
[14:44:56] [Render thread/DEBUG] (FabricLoader/Mixin) Mixing DimensionEffectsAccessor from fabric-rendering-v1.mixins.json into net.minecraft.client.render.DimensionEffects
[14:44:56] [Render thread/DEBUG] (FabricLoader/Mixin) fabric-rendering-v1.mixins.json:DimensionEffectsAccessor from mod fabric-rendering-v1: Class version 61 required is higher than the class version supported by the current version of Mixin (JAVA_16 supports class version 60)
[14:44:56] [Render thread/DEBUG] (FabricLoader/Mixin) Renaming @Accessor method getIdentifierMap()Lit/unimi/dsi/fastutil/objects/Object2ObjectMap; to getIdentifierMap$fabric-rendering-v1_$md$a9fcf3$0 in fabric-rendering-v1.mixins.json:DimensionEffectsAccessor from mod fabric-rendering-v1
[14:44:56] [Render thread/DEBUG] (FabricLoader/Mixin) mixins.iris.json:sky.MixinDimensionSpecialEffects from mod iris->@Inject::iris$getSunriseColor(FFLorg/spongepowered/asm/mixin/injection/callback/CallbackInfoReturnable;)V does use it's CallbackInfoReturnable
[14:44:56] [Render thread/INFO] (Iris) Reloading pipeline on dimension change: null => minecraft:overworld
[14:44:56] [Render thread/INFO] (Iris) Creating pipeline for dimension minecraft:overworld
[14:44:56] [Render thread/DEBUG] (FabricLoader/Mixin) Mixing core.render.world.ChunkBuilderMixin from sodium.mixins.json into net.minecraft.client.render.chunk.ChunkBuilder
[14:44:56] [Render thread/DEBUG] (FabricLoader/Mixin) Mixing RenderLayersMixin from fabric-blockrenderlayer-v1.mixins.json into net.minecraft.client.render.RenderLayers
[14:44:56] [Render thread/DEBUG] (FabricLoader/Mixin) fabric-blockrenderlayer-v1.mixins.json:RenderLayersMixin from mod fabric-blockrenderlayer-v1: Class version 61 required is higher than the class version supported by the current version of Mixin (JAVA_16 supports class version 60)
[14:44:56] [Render thread/DEBUG] (FabricLoader/Mixin) Mixing MixinItemBlockRenderTypes from mixins.iris.json into net.minecraft.client.render.RenderLayers
[14:44:56] [Render thread/DEBUG] (FabricLoader/Mixin) mixins.iris.json:MixinItemBlockRenderTypes from mod iris: Class version 61 required is higher than the class version supported by the current version of Mixin (JAVA_8 supports class version 52)
[14:44:56] [Render thread/DEBUG] (FabricLoader/Mixin) Mixing features.options.render_layers.RenderLayersMixin from sodium.mixins.json into net.minecraft.client.render.RenderLayers
[14:44:56] [Render thread/DEBUG] (FabricLoader/Mixin) Mixing features.render.model.RenderLayersMixin from sodium.mixins.json into net.minecraft.client.render.RenderLayers
[14:44:56] [Render thread/DEBUG] (FabricLoader/Mixin) fabric-blockrenderlayer-v1.mixins.json:RenderLayersMixin from mod fabric-blockrenderlayer-v1->@Inject::onInitialize(Lorg/spongepowered/asm/mixin/injection/callback/CallbackInfo;)V doesn't use it's CallbackInfo
[14:44:56] [Render thread/DEBUG] (FabricLoader/Mixin) mixins.iris.json:MixinItemBlockRenderTypes from mod iris->@Inject::iris$setCustomRenderType(Lnet/minecraft/block/BlockState;Lorg/spongepowered/asm/mixin/injection/callback/CallbackInfoReturnable;)V does use it's CallbackInfoReturnable
[14:44:56] [Render thread/DEBUG] (FabricLoader/Mixin) sodium.mixins.json:features.options.render_layers.RenderLayersMixin from mod sodium->@Inject::onSetFancyGraphicsOrBetter(ZLorg/spongepowered/asm/mixin/injection/callback/CallbackInfo;)V doesn't use it's CallbackInfo
[14:44:56] [Render thread/DEBUG] (FabricLoader/Mixin) Mixing block_rendering.MixinChunkRebuildTask from mixins.iris.vertexformat.json into net.minecraft.client.render.chunk.ChunkBuilder$BuiltChunk$RebuildTask
[14:44:56] [Render thread/DEBUG] (FabricLoader/Mixin) mixins.iris.vertexformat.json:block_rendering.MixinChunkRebuildTask from mod iris: Class version 61 required is higher than the class version supported by the current version of Mixin (JAVA_8 supports class version 52)
[14:44:56] [Render thread/DEBUG] (FabricLoader/Mixin) mixins.iris.vertexformat.json:block_rendering.MixinChunkRebuildTask from mod iris->@Inject::iris$onRenderLiquid(FFFLnet/minecraft/client/render/chunk/BlockBufferBuilderStorage;Lorg/spongepowered/asm/mixin/injection/callback/CallbackInfoReturnable;Lnet/minecraft/client/render/chunk/ChunkBuilder$BuiltChunk$RebuildTask$RenderData;ILnet/minecraft/util/math/BlockPos;Lnet/minecraft/util/math/BlockPos;Lnet/minecraft/client/render/chunk/ChunkOcclusionDataBuilder;Lnet/minecraft/client/render/chunk/ChunkRendererRegion;Lnet/minecraft/client/util/math/MatrixStack;Ljava/util/Set;Lnet/minecraft/util/math/random/Random;Lnet/minecraft/client/render/block/BlockRenderManager;Ljava/util/Iterator;Lnet/minecraft/util/math/BlockPos;Lnet/minecraft/block/BlockState;Lnet/minecraft/block/BlockState;Lnet/minecraft/fluid/FluidState;Lnet/minecraft/client/render/RenderLayer;Lnet/minecraft/client/render/BufferBuilder;)V doesn't use it's CallbackInfoReturnable
[14:44:56] [Render thread/DEBUG] (FabricLoader/Mixin) mixins.iris.vertexformat.json:block_rendering.MixinChunkRebuildTask from mod iris->@Inject::iris$onRenderLiquid(FFFLnet/minecraft/client/render/chunk/BlockBufferBuilderStorage;Lorg/spongepowered/asm/mixin/injection/callback/CallbackInfoReturnable;Lnet/minecraft/client/render/chunk/ChunkBuilder$BuiltChunk$RebuildTask$RenderData;ILnet/minecraft/util/math/BlockPos;Lnet/minecraft/util/math/BlockPos;Lnet/minecraft/client/render/chunk/ChunkOcclusionDataBuilder;Lnet/minecraft/client/render/chunk/ChunkRendererRegion;Lnet/minecraft/client/util/math/MatrixStack;Ljava/util/Set;Lnet/minecraft/util/math/random/Random;Lnet/minecraft/client/render/block/BlockRenderManager;Ljava/util/Iterator;Lnet/minecraft/util/math/BlockPos;Lnet/minecraft/block/BlockState;Lnet/minecraft/block/BlockState;Lnet/minecraft/fluid/FluidState;Lnet/minecraft/client/render/RenderLayer;Lnet/minecraft/client/render/BufferBuilder;)V has 0 override(s) in child classes
[14:44:56] [Render thread/DEBUG] (FabricLoader/Mixin) mixins.iris.vertexformat.json:block_rendering.MixinChunkRebuildTask from mod iris->@Inject::iris$onRenderLiquid(FFFLnet/minecraft/client/render/chunk/BlockBufferBuilderStorage;Lorg/spongepowered/asm/mixin/injection/callback/CallbackInfoReturnable;Lnet/minecraft/client/render/chunk/ChunkBuilder$BuiltChunk$RebuildTask$RenderData;ILnet/minecraft/util/math/BlockPos;Lnet/minecraft/util/math/BlockPos;Lnet/minecraft/client/render/chunk/ChunkOcclusionDataBuilder;Lnet/minecraft/client/render/chunk/ChunkRendererRegion;Lnet/minecraft/client/util/math/MatrixStack;Ljava/util/Set;Lnet/minecraft/util/math/random/Random;Lnet/minecraft/client/render/block/BlockRenderManager;Ljava/util/Iterator;Lnet/minecraft/util/math/BlockPos;Lnet/minecraft/block/BlockState;Lnet/minecraft/block/BlockState;Lnet/minecraft/fluid/FluidState;Lnet/minecraft/client/render/RenderLayer;Lnet/minecraft/client/render/BufferBuilder;)V won't be passed a CallbackInfoReturnable as a result
[14:44:56] [Render thread/DEBUG] (FabricLoader/Mixin) mixins.iris.vertexformat.json:block_rendering.MixinChunkRebuildTask from mod iris->@Inject::iris$finishRenderingLiquid(FFFLnet/minecraft/client/render/chunk/BlockBufferBuilderStorage;Lorg/spongepowered/asm/mixin/injection/callback/CallbackInfoReturnable;)V doesn't use it's CallbackInfoReturnable
[14:44:56] [Render thread/DEBUG] (FabricLoader/Mixin) mixins.iris.vertexformat.json:block_rendering.MixinChunkRebuildTask from mod iris->@Inject::iris$finishRenderingLiquid(FFFLnet/minecraft/client/render/chunk/BlockBufferBuilderStorage;Lorg/spongepowered/asm/mixin/injection/callback/CallbackInfoReturnable;)V has 0 override(s) in child classes
[14:44:56] [Render thread/DEBUG] (FabricLoader/Mixin) mixins.iris.vertexformat.json:block_rendering.MixinChunkRebuildTask from mod iris->@Inject::iris$finishRenderingLiquid(FFFLnet/minecraft/client/render/chunk/BlockBufferBuilderStorage;Lorg/spongepowered/asm/mixin/injection/callback/CallbackInfoReturnable;)V won't be passed a CallbackInfoReturnable as a result
[14:44:56] [Render thread/DEBUG] (FabricLoader/Mixin) mixins.iris.vertexformat.json:block_rendering.MixinChunkRebuildTask from mod iris->@Inject::iris$onRenderBlock(FFFLnet/minecraft/client/render/chunk/BlockBufferBuilderStorage;Lorg/spongepowered/asm/mixin/injection/callback/CallbackInfoReturnable;Lnet/minecraft/client/render/chunk/ChunkBuilder$BuiltChunk$RebuildTask$RenderData;ILnet/minecraft/util/math/BlockPos;Lnet/minecraft/util/math/BlockPos;Lnet/minecraft/client/render/chunk/ChunkOcclusionDataBuilder;Lnet/minecraft/client/render/chunk/ChunkRendererRegion;Lnet/minecraft/client/util/math/MatrixStack;Ljava/util/Set;Lnet/minecraft/util/math/random/Random;Lnet/minecraft/client/render/block/BlockRenderManager;Ljava/util/Iterator;Lnet/minecraft/util/math/BlockPos;Lnet/minecraft/block/BlockState;Lnet/minecraft/block/BlockState;Lnet/minecraft/fluid/FluidState;Lnet/minecraft/client/render/RenderLayer;Lnet/minecraft/client/render/BufferBuilder;)V doesn't use it's CallbackInfoReturnable
[14:44:56] [Render thread/DEBUG] (FabricLoader/Mixin) mixins.iris.vertexformat.json:block_rendering.MixinChunkRebuildTask from mod iris->@Inject::iris$onRenderBlock(FFFLnet/minecraft/client/render/chunk/BlockBufferBuilderStorage;Lorg/spongepowered/asm/mixin/injection/callback/CallbackInfoReturnable;Lnet/minecraft/client/render/chunk/ChunkBuilder$BuiltChunk$RebuildTask$RenderData;ILnet/minecraft/util/math/BlockPos;Lnet/minecraft/util/math/BlockPos;Lnet/minecraft/client/render/chunk/ChunkOcclusionDataBuilder;Lnet/minecraft/client/render/chunk/ChunkRendererRegion;Lnet/minecraft/client/util/math/MatrixStack;Ljava/util/Set;Lnet/minecraft/util/math/random/Random;Lnet/minecraft/client/render/block/BlockRenderManager;Ljava/util/Iterator;Lnet/minecraft/util/math/BlockPos;Lnet/minecraft/block/BlockState;Lnet/minecraft/block/BlockState;Lnet/minecraft/fluid/FluidState;Lnet/minecraft/client/render/RenderLayer;Lnet/minecraft/client/render/BufferBuilder;)V has 0 override(s) in child classes
[14:44:56] [Render thread/DEBUG] (FabricLoader/Mixin) mixins.iris.vertexformat.json:block_rendering.MixinChunkRebuildTask from mod iris->@Inject::iris$onRenderBlock(FFFLnet/minecraft/client/render/chunk/BlockBufferBuilderStorage;Lorg/spongepowered/asm/mixin/injection/callback/CallbackInfoReturnable;Lnet/minecraft/client/render/chunk/ChunkBuilder$BuiltChunk$RebuildTask$RenderData;ILnet/minecraft/util/math/BlockPos;Lnet/minecraft/util/math/BlockPos;Lnet/minecraft/client/render/chunk/ChunkOcclusionDataBuilder;Lnet/minecraft/client/render/chunk/ChunkRendererRegion;Lnet/minecraft/client/util/math/MatrixStack;Ljava/util/Set;Lnet/minecraft/util/math/random/Random;Lnet/minecraft/client/render/block/BlockRenderManager;Ljava/util/Iterator;Lnet/minecraft/util/math/BlockPos;Lnet/minecraft/block/BlockState;Lnet/minecraft/block/BlockState;Lnet/minecraft/fluid/FluidState;Lnet/minecraft/client/render/RenderLayer;Lnet/minecraft/client/render/BufferBuilder;)V won't be passed a CallbackInfoReturnable as a result
[14:44:56] [Render thread/DEBUG] (FabricLoader/Mixin) mixins.iris.vertexformat.json:block_rendering.MixinChunkRebuildTask from mod iris->@Inject::iris$finishRenderingBlock(FFFLnet/minecraft/client/render/chunk/BlockBufferBuilderStorage;Lorg/spongepowered/asm/mixin/injection/callback/CallbackInfoReturnable;)V doesn't use it's CallbackInfoReturnable
[14:44:56] [Render thread/DEBUG] (FabricLoader/Mixin) mixins.iris.vertexformat.json:block_rendering.MixinChunkRebuildTask from mod iris->@Inject::iris$finishRenderingBlock(FFFLnet/minecraft/client/render/chunk/BlockBufferBuilderStorage;Lorg/spongepowered/asm/mixin/injection/callback/CallbackInfoReturnable;)V has 0 override(s) in child classes
[14:44:56] [Render thread/DEBUG] (FabricLoader/Mixin) mixins.iris.vertexformat.json:block_rendering.MixinChunkRebuildTask from mod iris->@Inject::iris$finishRenderingBlock(FFFLnet/minecraft/client/render/chunk/BlockBufferBuilderStorage;Lorg/spongepowered/asm/mixin/injection/callback/CallbackInfoReturnable;)V won't be passed a CallbackInfoReturnable as a result
[14:44:56] [Render thread/DEBUG] (FabricLoader/Mixin) Mixing options.MixinRenderSectionManager from mixins.iris.compat.sodium.json into me.jellysquid.mods.sodium.client.render.chunk.RenderSectionManager
[14:44:56] [Render thread/DEBUG] (FabricLoader/Mixin) mixins.iris.compat.sodium.json:options.MixinRenderSectionManager from mod iris: Class version 61 required is higher than the class version supported by the current version of Mixin (JAVA_8 supports class version 52)
[14:44:56] [Render thread/DEBUG] (FabricLoader/Mixin) Mixing shadow_map.MixinRenderSectionManager from mixins.iris.compat.sodium.json into me.jellysquid.mods.sodium.client.render.chunk.RenderSectionManager
[14:44:56] [Render thread/DEBUG] (FabricLoader/Mixin) mixins.iris.compat.sodium.json:shadow_map.MixinRenderSectionManager from mod iris: Class version 61 required is higher than the class version supported by the current version of Mixin (JAVA_8 supports class version 52)
[14:44:56] [Render thread/DEBUG] (FabricLoader/Mixin) Mixing vertex_format.MixinRenderSectionManager from mixins.iris.compat.sodium.json into me.jellysquid.mods.sodium.client.render.chunk.RenderSectionManager
[14:44:56] [Render thread/DEBUG] (FabricLoader/Mixin) mixins.iris.compat.sodium.json:vertex_format.MixinRenderSectionManager from mod iris: Class version 61 required is higher than the class version supported by the current version of Mixin (JAVA_8 supports class version 52)
[14:44:56] [Render thread/DEBUG] (FabricLoader/Mixin) mixins.iris.compat.sodium.json:shadow_map.MixinRenderSectionManager from mod iris->@Inject::cancelIfShadow(Lnet/minecraft/client/render/Camera;Lme/jellysquid/mods/sodium/client/render/viewport/Viewport;IZLorg/spongepowered/asm/mixin/injection/callback/CallbackInfo;)V does use it's CallbackInfo
[14:44:56] [Render thread/DEBUG] (FabricLoader/Mixin) Mixing block_id.MixinChunkRenderRebuildTask from mixins.iris.compat.sodium.json into me.jellysquid.mods.sodium.client.render.chunk.compile.tasks.ChunkBuilderMeshingTask
[14:44:56] [Render thread/DEBUG] (FabricLoader/Mixin) mixins.iris.compat.sodium.json:block_id.MixinChunkRenderRebuildTask from mod iris: Class version 61 required is higher than the class version supported by the current version of Mixin (JAVA_8 supports class version 52)
[14:44:56] [Render thread/DEBUG] (FabricLoader/Mixin) mixins.iris.compat.sodium.json:block_id.MixinChunkRenderRebuildTask from mod iris->@Inject::iris$setLocalPos(Lme/jellysquid/mods/sodium/client/render/chunk/compile/ChunkBuildContext;Lme/jellysquid/mods/sodium/client/util/task/CancellationToken;Lorg/spongepowered/asm/mixin/injection/callback/CallbackInfoReturnable;Lme/jellysquid/mods/sodium/client/render/chunk/data/BuiltSectionInfo$Builder;Lnet/minecraft/client/render/chunk/ChunkOcclusionDataBuilder;Lme/jellysquid/mods/sodium/client/render/chunk/compile/ChunkBuildBuffers;Lme/jellysquid/mods/sodium/client/render/chunk/compile/pipeline/BlockRenderCache;Lme/jellysquid/mods/sodium/client/world/WorldSlice;IIIIIILnet/minecraft/util/math/BlockPos$Mutable;Lnet/minecraft/util/math/BlockPos$Mutable;Lme/jellysquid/mods/sodium/client/render/chunk/compile/pipeline/BlockRenderContext;IIILnet/minecraft/block/BlockState;)V doesn't use it's CallbackInfoReturnable
[14:44:56] [Render thread/DEBUG] (FabricLoader/Mixin) mixins.iris.compat.sodium.json:block_id.MixinChunkRenderRebuildTask from mod iris->@Inject::iris$setLocalPos(Lme/jellysquid/mods/sodium/client/render/chunk/compile/ChunkBuildContext;Lme/jellysquid/mods/sodium/client/util/task/CancellationToken;Lorg/spongepowered/asm/mixin/injection/callback/CallbackInfoReturnable;Lme/jellysquid/mods/sodium/client/render/chunk/data/BuiltSectionInfo$Builder;Lnet/minecraft/client/render/chunk/ChunkOcclusionDataBuilder;Lme/jellysquid/mods/sodium/client/render/chunk/compile/ChunkBuildBuffers;Lme/jellysquid/mods/sodium/client/render/chunk/compile/pipeline/BlockRenderCache;Lme/jellysquid/mods/sodium/client/world/WorldSlice;IIIIIILnet/minecraft/util/math/BlockPos$Mutable;Lnet/minecraft/util/math/BlockPos$Mutable;Lme/jellysquid/mods/sodium/client/render/chunk/compile/pipeline/BlockRenderContext;IIILnet/minecraft/block/BlockState;)V has 0 override(s) in child classes
[14:44:56] [Render thread/DEBUG] (FabricLoader/Mixin) mixins.iris.compat.sodium.json:block_id.MixinChunkRenderRebuildTask from mod iris->@Inject::iris$setLocalPos(Lme/jellysquid/mods/sodium/client/render/chunk/compile/ChunkBuildContext;Lme/jellysquid/mods/sodium/client/util/task/CancellationToken;Lorg/spongepowered/asm/mixin/injection/callback/CallbackInfoReturnable;Lme/jellysquid/mods/sodium/client/render/chunk/data/BuiltSectionInfo$Builder;Lnet/minecraft/client/render/chunk/ChunkOcclusionDataBuilder;Lme/jellysquid/mods/sodium/client/render/chunk/compile/ChunkBuildBuffers;Lme/jellysquid/mods/sodium/client/render/chunk/compile/pipeline/BlockRenderCache;Lme/jellysquid/mods/sodium/client/world/WorldSlice;IIIIIILnet/minecraft/util/math/BlockPos$Mutable;Lnet/minecraft/util/math/BlockPos$Mutable;Lme/jellysquid/mods/sodium/client/render/chunk/compile/pipeline/BlockRenderContext;IIILnet/minecraft/block/BlockState;)V won't be passed a CallbackInfoReturnable as a result
[14:44:56] [Render thread/DEBUG] (FabricLoader/Mixin) mixins.iris.compat.sodium.json:block_id.MixinChunkRenderRebuildTask from mod iris->@Inject::iris$wrapGetBlockLayer(Lme/jellysquid/mods/sodium/client/render/chunk/compile/ChunkBuildContext;Lme/jellysquid/mods/sodium/client/util/task/CancellationToken;Lorg/spongepowered/asm/mixin/injection/callback/CallbackInfoReturnable;Lme/jellysquid/mods/sodium/client/render/chunk/data/BuiltSectionInfo$Builder;Lnet/minecraft/client/render/chunk/ChunkOcclusionDataBuilder;Lme/jellysquid/mods/sodium/client/render/chunk/compile/ChunkBuildBuffers;Lme/jellysquid/mods/sodium/client/render/chunk/compile/pipeline/BlockRenderCache;Lme/jellysquid/mods/sodium/client/world/WorldSlice;IIIIIILnet/minecraft/util/math/BlockPos$Mutable;Lnet/minecraft/util/math/BlockPos$Mutable;Lme/jellysquid/mods/sodium/client/render/chunk/compile/pipeline/BlockRenderContext;IIILnet/minecraft/block/BlockState;)V doesn't use it's CallbackInfoReturnable
[14:44:56] [Render thread/DEBUG] (FabricLoader/Mixin) mixins.iris.compat.sodium.json:block_id.MixinChunkRenderRebuildTask from mod iris->@Inject::iris$wrapGetBlockLayer(Lme/jellysquid/mods/sodium/client/render/chunk/compile/ChunkBuildContext;Lme/jellysquid/mods/sodium/client/util/task/CancellationToken;Lorg/spongepowered/asm/mixin/injection/callback/CallbackInfoReturnable;Lme/jellysquid/mods/sodium/client/render/chunk/data/BuiltSectionInfo$Builder;Lnet/minecraft/client/render/chunk/ChunkOcclusionDataBuilder;Lme/jellysquid/mods/sodium/client/render/chunk/compile/ChunkBuildBuffers;Lme/jellysquid/mods/sodium/client/render/chunk/compile/pipeline/BlockRenderCache;Lme/jellysquid/mods/sodium/client/world/WorldSlice;IIIIIILnet/minecraft/util/math/BlockPos$Mutable;Lnet/minecraft/util/math/BlockPos$Mutable;Lme/jellysquid/mods/sodium/client/render/chunk/compile/pipeline/BlockRenderContext;IIILnet/minecraft/block/BlockState;)V has 0 override(s) in child classes
[14:44:56] [Render thread/DEBUG] (FabricLoader/Mixin) mixins.iris.compat.sodium.json:block_id.MixinChunkRenderRebuildTask from mod iris->@Inject::iris$wrapGetBlockLayer(Lme/jellysquid/mods/sodium/client/render/chunk/compile/ChunkBuildContext;Lme/jellysquid/mods/sodium/client/util/task/CancellationToken;Lorg/spongepowered/asm/mixin/injection/callback/CallbackInfoReturnable;Lme/jellysquid/mods/sodium/client/render/chunk/data/BuiltSectionInfo$Builder;Lnet/minecraft/client/render/chunk/ChunkOcclusionDataBuilder;Lme/jellysquid/mods/sodium/client/render/chunk/compile/ChunkBuildBuffers;Lme/jellysquid/mods/sodium/client/render/chunk/compile/pipeline/BlockRenderCache;Lme/jellysquid/mods/sodium/client/world/WorldSlice;IIIIIILnet/minecraft/util/math/BlockPos$Mutable;Lnet/minecraft/util/math/BlockPos$Mutable;Lme/jellysquid/mods/sodium/client/render/chunk/compile/pipeline/BlockRenderContext;IIILnet/minecraft/block/BlockState;)V won't be passed a CallbackInfoReturnable as a result
[14:44:56] [Render thread/DEBUG] (FabricLoader/Mixin) mixins.iris.compat.sodium.json:block_id.MixinChunkRenderRebuildTask from mod iris->@Inject::iris$wrapGetFluidLayer(Lme/jellysquid/mods/sodium/client/render/chunk/compile/ChunkBuildContext;Lme/jellysquid/mods/sodium/client/util/task/CancellationToken;Lorg/spongepowered/asm/mixin/injection/callback/CallbackInfoReturnable;Lme/jellysquid/mods/sodium/client/render/chunk/data/BuiltSectionInfo$Builder;Lnet/minecraft/client/render/chunk/ChunkOcclusionDataBuilder;Lme/jellysquid/mods/sodium/client/render/chunk/compile/ChunkBuildBuffers;Lme/jellysquid/mods/sodium/client/render/chunk/compile/pipeline/BlockRenderCache;Lme/jellysquid/mods/sodium/client/world/WorldSlice;IIIIIILnet/minecraft/util/math/BlockPos$Mutable;Lnet/minecraft/util/math/BlockPos$Mutable;Lme/jellysquid/mods/sodium/client/render/chunk/compile/pipeline/BlockRenderContext;IIILnet/minecraft/block/BlockState;Lnet/minecraft/fluid/FluidState;)V doesn't use it's CallbackInfoReturnable
[14:44:56] [Render thread/DEBUG] (FabricLoader/Mixin) mixins.iris.compat.sodium.json:block_id.MixinChunkRenderRebuildTask from mod iris->@Inject::iris$wrapGetFluidLayer(Lme/jellysquid/mods/sodium/client/render/chunk/compile/ChunkBuildContext;Lme/jellysquid/mods/sodium/client/util/task/CancellationToken;Lorg/spongepowered/asm/mixin/injection/callback/CallbackInfoReturnable;Lme/jellysquid/mods/sodium/client/render/chunk/data/BuiltSectionInfo$Builder;Lnet/minecraft/client/render/chunk/ChunkOcclusionDataBuilder;Lme/jellysquid/mods/sodium/client/render/chunk/compile/ChunkBuildBuffers;Lme/jellysquid/mods/sodium/client/render/chunk/compile/pipeline/BlockRenderCache;Lme/jellysquid/mods/sodium/client/world/WorldSlice;IIIIIILnet/minecraft/util/math/BlockPos$Mutable;Lnet/minecraft/util/math/BlockPos$Mutable;Lme/jellysquid/mods/sodium/client/render/chunk/compile/pipeline/BlockRenderContext;IIILnet/minecraft/block/BlockState;Lnet/minecraft/fluid/FluidState;)V has 0 override(s) in child classes
[14:44:56] [Render thread/DEBUG] (FabricLoader/Mixin) mixins.iris.compat.sodium.json:block_id.MixinChunkRenderRebuildTask from mod iris->@Inject::iris$wrapGetFluidLayer(Lme/jellysquid/mods/sodium/client/render/chunk/compile/ChunkBuildContext;Lme/jellysquid/mods/sodium/client/util/task/CancellationToken;Lorg/spongepowered/asm/mixin/injection/callback/CallbackInfoReturnable;Lme/jellysquid/mods/sodium/client/render/chunk/data/BuiltSectionInfo$Builder;Lnet/minecraft/client/render/chunk/ChunkOcclusionDataBuilder;Lme/jellysquid/mods/sodium/client/render/chunk/compile/ChunkBuildBuffers;Lme/jellysquid/mods/sodium/client/render/chunk/compile/pipeline/BlockRenderCache;Lme/jellysquid/mods/sodium/client/world/WorldSlice;IIIIIILnet/minecraft/util/math/BlockPos$Mutable;Lnet/minecraft/util/math/BlockPos$Mutable;Lme/jellysquid/mods/sodium/client/render/chunk/compile/pipeline/BlockRenderContext;IIILnet/minecraft/block/BlockState;Lnet/minecraft/fluid/FluidState;)V won't be passed a CallbackInfoReturnable as a result
[14:44:56] [Render thread/DEBUG] (FabricLoader/Mixin) mixins.iris.compat.sodium.json:block_id.MixinChunkRenderRebuildTask from mod iris->@Inject::iris$resetContext(Lme/jellysquid/mods/sodium/client/render/chunk/compile/ChunkBuildContext;Lme/jellysquid/mods/sodium/client/util/task/CancellationToken;Lorg/spongepowered/asm/mixin/injection/callback/CallbackInfoReturnable;)V doesn't use it's CallbackInfoReturnable
[14:44:56] [Render thread/DEBUG] (FabricLoader/Mixin) mixins.iris.compat.sodium.json:block_id.MixinChunkRenderRebuildTask from mod iris->@Inject::iris$resetContext(Lme/jellysquid/mods/sodium/client/render/chunk/compile/ChunkBuildContext;Lme/jellysquid/mods/sodium/client/util/task/CancellationToken;Lorg/spongepowered/asm/mixin/injection/callback/CallbackInfoReturnable;)V has 0 override(s) in child classes
[14:44:56] [Render thread/DEBUG] (FabricLoader/Mixin) mixins.iris.compat.sodium.json:block_id.MixinChunkRenderRebuildTask from mod iris->@Inject::iris$resetContext(Lme/jellysquid/mods/sodium/client/render/chunk/compile/ChunkBuildContext;Lme/jellysquid/mods/sodium/client/util/task/CancellationToken;Lorg/spongepowered/asm/mixin/injection/callback/CallbackInfoReturnable;)V won't be passed a CallbackInfoReturnable as a result
[14:44:56] [Render thread/DEBUG] (FabricLoader/Mixin) mixins.iris.compat.sodium.json:block_id.MixinChunkRenderRebuildTask from mod iris->@Inject::iris$resetContext(Lme/jellysquid/mods/sodium/client/render/chunk/compile/ChunkBuildContext;Lme/jellysquid/mods/sodium/client/util/task/CancellationToken;Lorg/spongepowered/asm/mixin/injection/callback/CallbackInfoReturnable;)V doesn't use it's CallbackInfoReturnable
[14:44:56] [Render thread/DEBUG] (FabricLoader/Mixin) mixins.iris.compat.sodium.json:block_id.MixinChunkRenderRebuildTask from mod iris->@Inject::iris$resetContext(Lme/jellysquid/mods/sodium/client/render/chunk/compile/ChunkBuildContext;Lme/jellysquid/mods/sodium/client/util/task/CancellationToken;Lorg/spongepowered/asm/mixin/injection/callback/CallbackInfoReturnable;)V has 0 override(s) in child classes
[14:44:56] [Render thread/DEBUG] (FabricLoader/Mixin) mixins.iris.compat.sodium.json:block_id.MixinChunkRenderRebuildTask from mod iris->@Inject::iris$resetContext(Lme/jellysquid/mods/sodium/client/render/chunk/compile/ChunkBuildContext;Lme/jellysquid/mods/sodium/client/util/task/CancellationToken;Lorg/spongepowered/asm/mixin/injection/callback/CallbackInfoReturnable;)V won't be passed a CallbackInfoReturnable as a result
[14:44:56] [Render thread/DEBUG] (FabricLoader/Mixin) Mixing shader_overrides.MixinRegionChunkRenderer from mixins.iris.compat.sodium.json into me.jellysquid.mods.sodium.client.render.chunk.DefaultChunkRenderer
[14:44:56] [Render thread/DEBUG] (FabricLoader/Mixin) mixins.iris.compat.sodium.json:shader_overrides.MixinRegionChunkRenderer from mod iris: Class version 61 required is higher than the class version supported by the current version of Mixin (JAVA_8 supports class version 52)
[14:44:56] [Render thread/DEBUG] (FabricLoader/Mixin) Mixing shadow_map.MixinDefaultChunkRenderer from mixins.iris.compat.sodium.json into me.jellysquid.mods.sodium.client.render.chunk.DefaultChunkRenderer
[14:44:56] [Render thread/DEBUG] (FabricLoader/Mixin) mixins.iris.compat.sodium.json:shadow_map.MixinDefaultChunkRenderer from mod iris: Class version 61 required is higher than the class version supported by the current version of Mixin (JAVA_8 supports class version 52)
[14:44:56] [Render thread/DEBUG] (FabricLoader/Mixin) Mixing vertex_format.MixinRegionChunkRenderer from mixins.iris.compat.sodium.json into me.jellysquid.mods.sodium.client.render.chunk.DefaultChunkRenderer
[14:44:56] [Render thread/DEBUG] (FabricLoader/Mixin) mixins.iris.compat.sodium.json:vertex_format.MixinRegionChunkRenderer from mod iris: Class version 61 required is higher than the class version supported by the current version of Mixin (JAVA_8 supports class version 52)
[14:44:56] [Render thread/DEBUG] (FabricLoader/Mixin) Mixing shader_overrides.MixinShaderChunkRenderer from mixins.iris.compat.sodium.json into me.jellysquid.mods.sodium.client.render.chunk.ShaderChunkRenderer
[14:44:56] [Render thread/DEBUG] (FabricLoader/Mixin) mixins.iris.compat.sodium.json:shader_overrides.MixinShaderChunkRenderer from mod iris: Class version 61 required is higher than the class version supported by the current version of Mixin (JAVA_8 supports class version 52)
[14:44:56] [Render thread/DEBUG] (FabricLoader/Mixin) mixins.iris.compat.sodium.json:shader_overrides.MixinShaderChunkRenderer from mod iris->@Inject::iris$onInit(Lme/jellysquid/mods/sodium/client/gl/device/RenderDevice;Lme/jellysquid/mods/sodium/client/render/chunk/vertex/format/ChunkVertexType;Lorg/spongepowered/asm/mixin/injection/callback/CallbackInfo;)V doesn't use it's CallbackInfo
[14:44:56] [Render thread/DEBUG] (FabricLoader/Mixin) mixins.iris.compat.sodium.json:shader_overrides.MixinShaderChunkRenderer from mod iris->@Inject::iris$onInit(Lme/jellysquid/mods/sodium/client/gl/device/RenderDevice;Lme/jellysquid/mods/sodium/client/render/chunk/vertex/format/ChunkVertexType;Lorg/spongepowered/asm/mixin/injection/callback/CallbackInfo;)V has 0 override(s) in child classes
[14:44:56] [Render thread/DEBUG] (FabricLoader/Mixin) mixins.iris.compat.sodium.json:shader_overrides.MixinShaderChunkRenderer from mod iris->@Inject::iris$onInit(Lme/jellysquid/mods/sodium/client/gl/device/RenderDevice;Lme/jellysquid/mods/sodium/client/render/chunk/vertex/format/ChunkVertexType;Lorg/spongepowered/asm/mixin/injection/callback/CallbackInfo;)V won't be passed a CallbackInfo as a result
[14:44:56] [Render thread/DEBUG] (FabricLoader/Mixin) mixins.iris.compat.sodium.json:shader_overrides.MixinShaderChunkRenderer from mod iris->@Inject::iris$begin(Lme/jellysquid/mods/sodium/client/render/chunk/terrain/TerrainRenderPass;Lorg/spongepowered/asm/mixin/injection/callback/CallbackInfo;)V does use it's CallbackInfo
[14:44:56] [Render thread/DEBUG] (FabricLoader/Mixin) mixins.iris.compat.sodium.json:shader_overrides.MixinShaderChunkRenderer from mod iris->@Inject::iris$onEnd(Lme/jellysquid/mods/sodium/client/render/chunk/terrain/TerrainRenderPass;Lorg/spongepowered/asm/mixin/injection/callback/CallbackInfo;)V does use it's CallbackInfo
[14:44:56] [Render thread/DEBUG] (FabricLoader/Mixin) mixins.iris.compat.sodium.json:shader_overrides.MixinShaderChunkRenderer from mod iris->@Inject::iris$onDelete(Lorg/spongepowered/asm/mixin/injection/callback/CallbackInfo;)V doesn't use it's CallbackInfo
[14:44:56] [Render thread/DEBUG] (FabricLoader/Mixin) mixins.iris.compat.sodium.json:shader_overrides.MixinShaderChunkRenderer from mod iris->@Inject::iris$onDelete(Lorg/spongepowered/asm/mixin/injection/callback/CallbackInfo;)V has 0 override(s) in child classes
[14:44:56] [Render thread/DEBUG] (FabricLoader/Mixin) mixins.iris.compat.sodium.json:shader_overrides.MixinShaderChunkRenderer from mod iris->@Inject::iris$onDelete(Lorg/spongepowered/asm/mixin/injection/callback/CallbackInfo;)V won't be passed a CallbackInfo as a result
[14:44:56] [Render thread/DEBUG] (FabricLoader/Mixin) Mixing vertex_format.ChunkMeshAttributeAccessor from mixins.iris.compat.sodium.json into me.jellysquid.mods.sodium.client.render.chunk.vertex.format.ChunkMeshAttribute
[14:44:56] [Render thread/DEBUG] (FabricLoader/Mixin) mixins.iris.compat.sodium.json:vertex_format.ChunkMeshAttributeAccessor from mod iris: Class version 61 required is higher than the class version supported by the current version of Mixin (JAVA_8 supports class version 52)
[14:44:56] [Render thread/DEBUG] (FabricLoader/Mixin) Renaming @Invoker method createChunkMeshAttribute(Ljava/lang/String;I)Lme/jellysquid/mods/sodium/client/render/chunk/vertex/format/ChunkMeshAttribute; to createChunkMeshAttribute$iris_$md$a9fcf3$0 in mixins.iris.compat.sodium.json:vertex_format.ChunkMeshAttributeAccessor from mod iris
[14:44:56] [Render thread/DEBUG] (FabricLoader/Mixin) Mixing vertex_format.MixinChunkMeshAttribute from mixins.iris.compat.sodium.json into me.jellysquid.mods.sodium.client.render.chunk.vertex.format.ChunkMeshAttribute
[14:44:56] [Render thread/DEBUG] (FabricLoader/Mixin) mixins.iris.compat.sodium.json:vertex_format.MixinChunkMeshAttribute from mod iris: Class version 61 required is higher than the class version supported by the current version of Mixin (JAVA_8 supports class version 52)
[14:44:56] [Render thread/DEBUG] (FabricLoader/Mixin) Mixing vertex_format.MixinVertexTransform from mixins.iris.compat.sodium.json into me.jellysquid.mods.sodium.client.render.chunk.vertex.format.ChunkMeshFormats
[14:44:56] [Render thread/DEBUG] (FabricLoader/Mixin) mixins.iris.compat.sodium.json:vertex_format.MixinVertexTransform from mod iris: Class version 61 required is higher than the class version supported by the current version of Mixin (JAVA_8 supports class version 52)
[14:44:56] [Render thread/DEBUG] (FabricLoader/Mixin) Mixing vertex_format.MixinGlVertexFormatBuilder from mixins.iris.compat.sodium.json into me.jellysquid.mods.sodium.client.gl.attribute.GlVertexFormat$Builder
[14:44:56] [Render thread/DEBUG] (FabricLoader/Mixin) mixins.iris.compat.sodium.json:vertex_format.MixinGlVertexFormatBuilder from mod iris: Class version 61 required is higher than the class version supported by the current version of Mixin (JAVA_8 supports class version 52)
[14:44:56] [Render thread/DEBUG] (FabricLoader/Mixin) Mixing vertex_format.GlVertexAttributeFormatAccessor from mixins.iris.compat.sodium.json into me.jellysquid.mods.sodium.client.gl.attribute.GlVertexAttributeFormat
[14:44:56] [Render thread/DEBUG] (FabricLoader/Mixin) mixins.iris.compat.sodium.json:vertex_format.GlVertexAttributeFormatAccessor from mod iris: Class version 61 required is higher than the class version supported by the current version of Mixin (JAVA_8 supports class version 52)
[14:44:56] [Render thread/DEBUG] (FabricLoader/Mixin) Renaming @Invoker method createGlVertexAttributeFormat(II)Lme/jellysquid/mods/sodium/client/gl/attribute/GlVertexAttributeFormat; to createGlVertexAttributeFormat$iris_$md$a9fcf3$0 in mixins.iris.compat.sodium.json:vertex_format.GlVertexAttributeFormatAccessor from mod iris
[14:44:56] [Render thread/DEBUG] (FabricLoader/Mixin) Mixing block_id.MixinChunkBuildBuffers from mixins.iris.compat.sodium.json into me.jellysquid.mods.sodium.client.render.chunk.compile.ChunkBuildBuffers
[14:44:56] [Render thread/DEBUG] (FabricLoader/Mixin) mixins.iris.compat.sodium.json:block_id.MixinChunkBuildBuffers from mod iris: Class version 61 required is higher than the class version supported by the current version of Mixin (JAVA_8 supports class version 52)
[14:44:56] [Render thread/DEBUG] (FabricLoader/Mixin) mixins.iris.compat.sodium.json:block_id.MixinChunkBuildBuffers from mod iris->@Inject::iris$onConstruct(Lme/jellysquid/mods/sodium/client/render/chunk/vertex/format/ChunkVertexType;Lorg/spongepowered/asm/mixin/injection/callback/CallbackInfo;)V doesn't use it's CallbackInfo
[14:44:56] [Render thread/DEBUG] (FabricLoader/Mixin) mixins.iris.compat.sodium.json:block_id.MixinChunkBuildBuffers from mod iris->@Inject::iris$onConstruct(Lme/jellysquid/mods/sodium/client/render/chunk/vertex/format/ChunkVertexType;Lorg/spongepowered/asm/mixin/injection/callback/CallbackInfo;)V has 0 override(s) in child classes
[14:44:56] [Render thread/DEBUG] (FabricLoader/Mixin) mixins.iris.compat.sodium.json:block_id.MixinChunkBuildBuffers from mod iris->@Inject::iris$onConstruct(Lme/jellysquid/mods/sodium/client/render/chunk/vertex/format/ChunkVertexType;Lorg/spongepowered/asm/mixin/injection/callback/CallbackInfo;)V won't be passed a CallbackInfo as a result
[14:44:56] [Render thread/DEBUG] (FabricLoader/Mixin) mixins.iris.compat.sodium.json:block_id.MixinChunkBuildBuffers from mod iris->@Inject::iris$redirectWriterCreation(Lme/jellysquid/mods/sodium/client/render/chunk/vertex/format/ChunkVertexType;Lorg/spongepowered/asm/mixin/injection/callback/CallbackInfo;)V doesn't use it's CallbackInfo
[14:44:56] [Render thread/DEBUG] (FabricLoader/Mixin) mixins.iris.compat.sodium.json:block_id.MixinChunkBuildBuffers from mod iris->@Inject::iris$redirectWriterCreation(Lme/jellysquid/mods/sodium/client/render/chunk/vertex/format/ChunkVertexType;Lorg/spongepowered/asm/mixin/injection/callback/CallbackInfo;)V has 0 override(s) in child classes
[14:44:56] [Render thread/DEBUG] (FabricLoader/Mixin) mixins.iris.compat.sodium.json:block_id.MixinChunkBuildBuffers from mod iris->@Inject::iris$redirectWriterCreation(Lme/jellysquid/mods/sodium/client/render/chunk/vertex/format/ChunkVertexType;Lorg/spongepowered/asm/mixin/injection/callback/CallbackInfo;)V won't be passed a CallbackInfo as a result
[14:44:56] [Render thread/DEBUG] (FabricLoader/Mixin) Mixing block_id.MixinChunkVertexBufferBuilder from mixins.iris.compat.sodium.json into me.jellysquid.mods.sodium.client.render.chunk.vertex.builder.ChunkMeshBufferBuilder
[14:44:56] [Render thread/DEBUG] (FabricLoader/Mixin) mixins.iris.compat.sodium.json:block_id.MixinChunkVertexBufferBuilder from mod iris: Class version 61 required is higher than the class version supported by the current version of Mixin (JAVA_8 supports class version 52)
[14:44:56] [Render thread/DEBUG] (FabricLoader/Mixin) Mixing block_id.MixinBakedChunkModelBuilder from mixins.iris.compat.sodium.json into me.jellysquid.mods.sodium.client.render.chunk.compile.buffers.BakedChunkModelBuilder
[14:44:56] [Render thread/DEBUG] (FabricLoader/Mixin) mixins.iris.compat.sodium.json:block_id.MixinBakedChunkModelBuilder from mod iris: Class version 61 required is higher than the class version supported by the current version of Mixin (JAVA_8 supports class version 52)
[14:44:56] [Render thread/DEBUG] (FabricLoader/Mixin) Mixing directional_shading.MixinSmoothLightPipeline from mixins.iris.compat.sodium.json into me.jellysquid.mods.sodium.client.model.light.smooth.SmoothLightPipeline
[14:44:56] [Render thread/DEBUG] (FabricLoader/Mixin) mixins.iris.compat.sodium.json:directional_shading.MixinSmoothLightPipeline from mod iris: Class version 61 required is higher than the class version supported by the current version of Mixin (JAVA_8 supports class version 52)
[14:44:56] [Render thread/DEBUG] (FabricLoader/Mixin) mixins.iris.compat.sodium.json:directional_shading.MixinSmoothLightPipeline from mod iris->@Inject::iris$disableDirectionalShading(Lme/jellysquid/mods/sodium/client/model/light/data/QuadLightData;Lnet/minecraft/util/math/Direction;ZLorg/spongepowered/asm/mixin/injection/callback/CallbackInfo;)V does use it's CallbackInfo
[14:44:56] [Render thread/DEBUG] (FabricLoader/Mixin) Mixing directional_shading.MixinFlatLightPipeline from mixins.iris.compat.sodium.json into me.jellysquid.mods.sodium.client.model.light.flat.FlatLightPipeline
[14:44:56] [Render thread/DEBUG] (FabricLoader/Mixin) mixins.iris.compat.sodium.json:directional_shading.MixinFlatLightPipeline from mod iris: Class version 61 required is higher than the class version supported by the current version of Mixin (JAVA_8 supports class version 52)
[14:44:56] [Render thread/INFO] (ChunkBuilder) Started 10 worker threads
[14:44:56] [Render thread/DEBUG] (FabricLoader/Mixin) Mixing HangingSignEditScreenMixin from fabric-object-builder-v1.client.mixins.json into net.minecraft.client.gui.screen.ingame.HangingSignEditScreen
[14:44:56] [Render thread/DEBUG] (FabricLoader/Mixin) fabric-object-builder-v1.client.mixins.json:HangingSignEditScreenMixin from mod fabric-object-builder-api-v1: Class version 61 required is higher than the class version supported by the current version of Mixin (JAVA_16 supports class version 60)
[14:44:56] [Render thread/DEBUG] (FabricLoader/Mixin) Mixing MixinBiomeAmbientSoundsHandler from mixins.iris.json into net.minecraft.client.sound.BiomeEffectSoundPlayer
[14:44:56] [Render thread/DEBUG] (FabricLoader/Mixin) mixins.iris.json:MixinBiomeAmbientSoundsHandler from mod iris: Class version 61 required is higher than the class version supported by the current version of Mixin (JAVA_8 supports class version 52)
[14:44:56] [Render thread/DEBUG] (FabricLoader/Mixin) mixins.iris.json:MixinBiomeAmbientSoundsHandler from mod iris->@Inject::calculateConstantMoodiness(Lnet/minecraft/sound/BiomeMoodSound;Lorg/spongepowered/asm/mixin/injection/callback/CallbackInfo;)V doesn't use it's CallbackInfo
[14:44:56] [Render thread/DEBUG] (FabricLoader/Mixin) mixins.iris.json:MixinBiomeAmbientSoundsHandler from mod iris->@Inject::calculateConstantMoodiness(Lnet/minecraft/sound/BiomeMoodSound;Lorg/spongepowered/asm/mixin/injection/callback/CallbackInfo;)V has 0 override(s) in child classes
[14:44:56] [Render thread/DEBUG] (FabricLoader/Mixin) mixins.iris.json:MixinBiomeAmbientSoundsHandler from mod iris->@Inject::calculateConstantMoodiness(Lnet/minecraft/sound/BiomeMoodSound;Lorg/spongepowered/asm/mixin/injection/callback/CallbackInfo;)V won't be passed a CallbackInfo as a result
[14:44:56] [Netty Server IO #1/DEBUG] (ServerPlayNetworkAddon for Player355) Handling inbound packet from channel with name "minecraft:brand"
[14:44:56] [Netty Server IO #1/DEBUG] (ServerPlayNetworkAddon for Player355) Handling inbound packet from channel with name "minecraft:register"
[14:44:56] [Render thread/DEBUG] (ClientPlayNetworkAddon for Player355) Handling inbound packet from channel with name "minecraft:brand"
[14:44:57] [Render thread/INFO] (net.minecraft.advancement.AdvancementManager) Loaded 17 advancements
[14:44:57] [Server thread/INFO] (net.minecraft.server.MinecraftServer) Le temps a été fixé à 4000 ticks
[14:44:57] [Server thread/INFO] (net.minecraft.server.MinecraftServer) Le temps s'éclaircit
[14:44:57] [Render thread/DEBUG] (FabricLoader/Mixin) Mixing ChunkRendererRegionBuilderMixin from fabric-block-view-api-v2.client.mixins.json into net.minecraft.client.render.chunk.ChunkRendererRegionBuilder
[14:44:57] [Render thread/DEBUG] (FabricLoader/Mixin) fabric-block-view-api-v2.client.mixins.json:ChunkRendererRegionBuilderMixin from mod fabric-block-view-api-v2->@Inject::createDataMap(Lnet/minecraft/world/World;Lnet/minecraft/util/math/BlockPos;Lnet/minecraft/util/math/BlockPos;ILorg/spongepowered/asm/mixin/injection/callback/CallbackInfoReturnable;IIII[[Lnet/minecraft/client/render/chunk/ChunkRendererRegionBuilder$ClientChunk;)V does use it's CallbackInfoReturnable
[14:44:57] [Render thread/DEBUG] (FabricLoader/Mixin) fabric-block-view-api-v2.client.mixins.json:ChunkRendererRegionBuilderMixin from mod fabric-block-view-api-v2->@Inject::createDataMap(Lnet/minecraft/world/World;Lnet/minecraft/util/math/BlockPos;Lnet/minecraft/util/math/BlockPos;ILorg/spongepowered/asm/mixin/injection/callback/CallbackInfoReturnable;IIII[[Lnet/minecraft/client/render/chunk/ChunkRendererRegionBuilder$ClientChunk;)V does use it's CallbackInfoReturnable
[14:44:57] [Render thread/DEBUG] (FabricLoader/Mixin) Mixing shader_overrides.MixinShaderType from mixins.iris.compat.sodium.json into me.jellysquid.mods.sodium.client.gl.shader.ShaderType
[14:44:57] [Render thread/DEBUG] (FabricLoader/Mixin) mixins.iris.compat.sodium.json:shader_overrides.MixinShaderType from mod iris: Class version 61 required is higher than the class version supported by the current version of Mixin (JAVA_8 supports class version 52)
[14:44:57] [Render thread/DEBUG] (FabricLoader/Mixin) Mixing shader_overrides.ShaderTypeAccessor from mixins.iris.compat.sodium.json into me.jellysquid.mods.sodium.client.gl.shader.ShaderType
[14:44:57] [Render thread/DEBUG] (FabricLoader/Mixin) mixins.iris.compat.sodium.json:shader_overrides.ShaderTypeAccessor from mod iris: Class version 61 required is higher than the class version supported by the current version of Mixin (JAVA_8 supports class version 52)
[14:44:57] [Render thread/DEBUG] (FabricLoader/Mixin) Renaming @Invoker method createShaderType(Ljava/lang/String;II)Lme/jellysquid/mods/sodium/client/gl/shader/ShaderType; to createShaderType$iris_$md$a9fcf3$0 in mixins.iris.compat.sodium.json:shader_overrides.ShaderTypeAccessor from mod iris
[14:44:57] [Render thread/DEBUG] (FabricLoader/Mixin) Mixing shader_overrides.MixinGlProgram from mixins.iris.compat.sodium.json into me.jellysquid.mods.sodium.client.gl.shader.GlProgram
[14:44:57] [Render thread/DEBUG] (FabricLoader/Mixin) mixins.iris.compat.sodium.json:shader_overrides.MixinGlProgram from mod iris: Class version 61 required is higher than the class version supported by the current version of Mixin (JAVA_8 supports class version 52)
[14:44:57] [Render thread/DEBUG] (FabricLoader/Mixin) Mixing clouds.MixinCloudRenderer from mixins.iris.compat.sodium.json into me.jellysquid.mods.sodium.client.render.immediate.CloudRenderer
[14:44:57] [Render thread/DEBUG] (FabricLoader/Mixin) mixins.iris.compat.sodium.json:clouds.MixinCloudRenderer from mod iris: Class version 61 required is higher than the class version supported by the current version of Mixin (JAVA_8 supports class version 52)
[14:44:57] [Render thread/DEBUG] (FabricLoader/Mixin) mixins.iris.compat.sodium.json:clouds.MixinCloudRenderer from mod iris->@Inject::writeIrisVertex(JFFFILorg/spongepowered/asm/mixin/injection/callback/CallbackInfoReturnable;)V does use it's CallbackInfoReturnable
[14:44:57] [Render thread/DEBUG] (FabricLoader/Mixin) mixins.iris.compat.sodium.json:clouds.MixinCloudRenderer from mod iris->@Inject::buildIrisVertexBuffer(Lnet/minecraft/client/world/ClientWorld;Lnet/minecraft/client/network/ClientPlayerEntity;Lnet/minecraft/client/util/math/MatrixStack;Lorg/joml/Matrix4f;FFDDDLorg/spongepowered/asm/mixin/injection/callback/CallbackInfo;)V does use it's CallbackInfo
[14:44:57] [Render thread/DEBUG] (com.mojang.blaze3d.systems.RenderSystem) Growing IndexBuffer: Old limit 26508, new limit 176328.
[14:44:57] [Render thread/DEBUG] (FabricLoader/Mixin) Mixing MixinScreenEffectRenderer from mixins.iris.json into net.minecraft.client.gui.hud.InGameOverlayRenderer
[14:44:57] [Render thread/DEBUG] (FabricLoader/Mixin) mixins.iris.json:MixinScreenEffectRenderer from mod iris: Class version 61 required is higher than the class version supported by the current version of Mixin (JAVA_8 supports class version 52)
[14:44:57] [Render thread/DEBUG] (FabricLoader/Mixin) mixins.iris.json:MixinScreenEffectRenderer from mod iris->@Inject::iris$disableUnderWaterOverlayRendering(Lnet/minecraft/client/MinecraftClient;Lnet/minecraft/client/util/math/MatrixStack;Lorg/spongepowered/asm/mixin/injection/callback/CallbackInfo;)V does use it's CallbackInfo
[14:44:57] [Render thread/INFO] (net.minecraft.client.gui.hud.ChatHud) [System] [CHAT] [Server : Le temps a été fixé à 4000 ticks]
[14:44:57] [Render thread/INFO] (net.minecraft.client.gui.hud.ChatHud) [System] [CHAT] [Server : Le temps s'éclaircit]
[14:44:57] [Render thread/DEBUG] (FabricLoader/Mixin) Mixing vertex_format.MixinRenderRegionArenas from mixins.iris.compat.sodium.json into me.jellysquid.mods.sodium.client.render.chunk.region.RenderRegion$DeviceResources
[14:44:57] [Render thread/DEBUG] (FabricLoader/Mixin) mixins.iris.compat.sodium.json:vertex_format.MixinRenderRegionArenas from mod iris: Class version 61 required is higher than the class version supported by the current version of Mixin (JAVA_8 supports class version 52)
[14:44:57] [Render thread/DEBUG] (FabricLoader/Mixin) Mixing ModelPredicateProviderRegistryAccessor from fabric-object-builder-v1.client.mixins.json into net.minecraft.client.item.ModelPredicateProviderRegistry
[14:44:57] [Render thread/DEBUG] (FabricLoader/Mixin) fabric-object-builder-v1.client.mixins.json:ModelPredicateProviderRegistryAccessor from mod fabric-object-builder-api-v1: Class version 61 required is higher than the class version supported by the current version of Mixin (JAVA_16 supports class version 60)
[14:44:57] [Render thread/DEBUG] (FabricLoader/Mixin) Renaming @Invoker method callRegister(Lnet/minecraft/util/Identifier;Lnet/minecraft/client/item/ClampedModelPredicateProvider;)Lnet/minecraft/client/item/ClampedModelPredicateProvider; to callRegister$fabric-object-builder-api-v1_$md$a9fcf3$0 in fabric-object-builder-v1.client.mixins.json:ModelPredicateProviderRegistryAccessor from mod fabric-object-builder-api-v1
[14:44:57] [Render thread/DEBUG] (FabricLoader/Mixin) Mixing ModelPredicateProviderRegistrySpecificAccessor from fabric-object-builder-v1.client.mixins.json into net.minecraft.client.item.ModelPredicateProviderRegistry
[14:44:57] [Render thread/DEBUG] (FabricLoader/Mixin) fabric-object-builder-v1.client.mixins.json:ModelPredicateProviderRegistrySpecificAccessor from mod fabric-object-builder-api-v1: Class version 61 required is higher than the class version supported by the current version of Mixin (JAVA_16 supports class version 60)
[14:44:57] [Render thread/DEBUG] (FabricLoader/Mixin) Renaming @Invoker method callRegister(Lnet/minecraft/item/Item;Lnet/minecraft/util/Identifier;Lnet/minecraft/client/item/ClampedModelPredicateProvider;)V to callRegister$fabric-object-builder-api-v1_$md$a9fcf3$1 in fabric-object-builder-v1.client.mixins.json:ModelPredicateProviderRegistrySpecificAccessor from mod fabric-object-builder-api-v1
[14:44:57] [Render thread/DEBUG] (FabricLoader/Mixin) Mixing vertex_format.entity.MixinModelVertex from mixins.iris.compat.sodium.json into me.jellysquid.mods.sodium.client.render.immediate.model.BakedModelEncoder
[14:44:57] [Render thread/DEBUG] (FabricLoader/Mixin) mixins.iris.compat.sodium.json:vertex_format.entity.MixinModelVertex from mod iris: Class version 61 required is higher than the class version supported by the current version of Mixin (JAVA_8 supports class version 52)
[14:44:57] [Render thread/DEBUG] (FabricLoader/Mixin) mixins.iris.compat.sodium.json:vertex_format.entity.MixinModelVertex from mod iris->@Inject::redirect2(Lnet/caffeinemc/mods/sodium/api/vertex/buffer/VertexBufferWriter;Lnet/minecraft/client/util/math/MatrixStack$Entry;Lme/jellysquid/mods/sodium/client/model/quad/ModelQuadView;IIILorg/spongepowered/asm/mixin/injection/callback/CallbackInfo;)V does use it's CallbackInfo
[14:44:59] [Server thread/INFO] (net.minecraft.server.integrated.IntegratedServer) Saving and pausing game...
[14:44:59] [Server thread/INFO] (net.minecraft.server.MinecraftServer) Saving chunks for level 'ServerLevel[Nouveau monde]'/minecraft:overworld
[14:45:00] [Server thread/INFO] (net.minecraft.server.MinecraftServer) Saving chunks for level 'ServerLevel[Nouveau monde]'/minecraft:the_end
[14:45:00] [Server thread/INFO] (net.minecraft.server.MinecraftServer) Saving chunks for level 'ServerLevel[Nouveau monde]'/minecraft:the_nether
[14:45:00] [Server thread/DEBUG] (FabricRegistrySync) Starting registry save
[14:45:00] [Server thread/DEBUG] (FabricRegistrySync) Not saving registry: minecraft:command_argument_type
[14:45:00] [Server thread/DEBUG] (FabricRegistrySync) Not saving registry: minecraft:item
[14:45:00] [Server thread/DEBUG] (FabricRegistrySync) Not saving registry: minecraft:block_entity_type
[14:45:00] [Server thread/DEBUG] (FabricRegistrySync) Not saving registry: minecraft:custom_stat
[14:45:00] [Server thread/DEBUG] (FabricRegistrySync) Not saving registry: minecraft:worldgen/foliage_placer_type
[14:45:00] [Server thread/DEBUG] (FabricRegistrySync) Not saving registry: minecraft:stat_type
[14:45:00] [Server thread/DEBUG] (FabricRegistrySync) Not saving registry: minecraft:worldgen/material_rule
[14:45:00] [Server thread/DEBUG] (FabricRegistrySync) Not saving registry: minecraft:worldgen/structure_type
[14:45:00] [Server thread/DEBUG] (FabricRegistrySync) Not saving registry: minecraft:attribute
[14:45:00] [Server thread/DEBUG] (FabricRegistrySync) Not saving registry: minecraft:position_source_type
[14:45:00] [Server thread/DEBUG] (FabricRegistrySync) Not saving registry: minecraft:height_provider_type
[14:45:00] [Server thread/DEBUG] (FabricRegistrySync) Not saving registry: minecraft:rule_block_entity_modifier
[14:45:00] [Server thread/DEBUG] (FabricRegistrySync) Not saving registry: minecraft:worldgen/density_function_type
[14:45:00] [Server thread/DEBUG] (FabricRegistrySync) Not saving registry: minecraft:fluid
[14:45:00] [Server thread/DEBUG] (FabricRegistrySync) Not saving registry: minecraft:loot_condition_type
[14:45:00] [Server thread/DEBUG] (FabricRegistrySync) Not saving registry: minecraft:worldgen/structure_pool_element
[14:45:00] [Server thread/DEBUG] (FabricRegistrySync) Not saving registry: minecraft:activity
[14:45:00] [Server thread/DEBUG] (FabricRegistrySync) Not saving registry: minecraft:recipe_serializer
[14:45:00] [Server thread/DEBUG] (FabricRegistrySync) Not saving registry: minecraft:frog_variant
[14:45:00] [Server thread/DEBUG] (FabricRegistrySync) Not saving registry: minecraft:banner_pattern
[14:45:00] [Server thread/DEBUG] (FabricRegistrySync) Not saving registry: minecraft:instrument
[14:45:00] [Server thread/DEBUG] (FabricRegistrySync) Not saving registry: minecraft:decorated_pot_patterns
[14:45:00] [Server thread/DEBUG] (FabricRegistrySync) Not saving registry: minecraft:worldgen/feature_size_type
[14:45:00] [Server thread/DEBUG] (FabricRegistrySync) Not saving registry: minecraft:point_of_interest_type
[14:45:00] [Server thread/DEBUG] (FabricRegistrySync) Skipping un-modded registry: minecraft:mob_effect
[14:45:00] [Server thread/DEBUG] (FabricRegistrySync) Not saving registry: minecraft:loot_pool_entry_type
[14:45:00] [Server thread/DEBUG] (FabricRegistrySync) Not saving registry: minecraft:worldgen/block_state_provider_type
[14:45:00] [Server thread/DEBUG] (FabricRegistrySync) Not saving registry: minecraft:worldgen/chunk_generator
[14:45:00] [Server thread/DEBUG] (FabricRegistrySync) Not saving registry: minecraft:float_provider_type
[14:45:00] [Server thread/DEBUG] (FabricRegistrySync) Not saving registry: minecraft:chunk_status
[14:45:00] [Server thread/DEBUG] (FabricRegistrySync) Not saving registry: minecraft:enchantment
[14:45:00] [Server thread/DEBUG] (FabricRegistrySync) Not saving registry: minecraft:loot_function_type
[14:45:00] [Server thread/DEBUG] (FabricRegistrySync) Not saving registry: minecraft:worldgen/structure_processor
[14:45:00] [Server thread/DEBUG] (FabricRegistrySync) Not saving registry: minecraft:loot_score_provider_type
[14:45:00] [Server thread/DEBUG] (FabricRegistrySync) Not saving registry: minecraft:worldgen/tree_decorator_type
[14:45:00] [Server thread/DEBUG] (FabricRegistrySync) Not saving registry: minecraft:schedule
[14:45:00] [Server thread/DEBUG] (FabricRegistrySync) Not saving registry: minecraft:worldgen/material_condition
[14:45:00] [Server thread/DEBUG] (FabricRegistrySync) Not saving registry: minecraft:entity_type
[14:45:00] [Server thread/DEBUG] (FabricRegistrySync) Not saving registry: minecraft:villager_profession
[14:45:00] [Server thread/DEBUG] (FabricRegistrySync) Not saving registry: minecraft:potion
[14:45:00] [Server thread/DEBUG] (FabricRegistrySync) Not saving registry: minecraft:recipe_type
[14:45:00] [Server thread/DEBUG] (FabricRegistrySync) Not saving registry: minecraft:int_provider_type
[14:45:00] [Server thread/DEBUG] (FabricRegistrySync) Not saving registry: minecraft:worldgen/feature
[14:45:00] [Server thread/DEBUG] (FabricRegistrySync) Not saving registry: minecraft:cat_variant
[14:45:00] [Server thread/DEBUG] (FabricRegistrySync) Not saving registry: minecraft:pos_rule_test
[14:45:00] [Server thread/DEBUG] (FabricRegistrySync) Not saving registry: minecraft:worldgen/structure_placement
[14:45:00] [Server thread/DEBUG] (FabricRegistrySync) Not saving registry: minecraft:loot_nbt_provider_type
[14:45:00] [Server thread/DEBUG] (FabricRegistrySync) Not saving registry: minecraft:menu
[14:45:00] [Server thread/DEBUG] (FabricRegistrySync) Not saving registry: minecraft:worldgen/trunk_placer_type
[14:45:00] [Server thread/DEBUG] (FabricRegistrySync) Not saving registry: minecraft:creative_mode_tab
[14:45:00] [Server thread/DEBUG] (FabricRegistrySync) Not saving registry: minecraft:worldgen/placement_modifier_type
[14:45:00] [Server thread/DEBUG] (FabricRegistrySync) Not saving registry: minecraft:worldgen/carver
[14:45:00] [Server thread/DEBUG] (FabricRegistrySync) Not saving registry: minecraft:loot_number_provider_type
[14:45:00] [Server thread/DEBUG] (FabricRegistrySync) Not saving registry: minecraft:worldgen/structure_piece
[14:45:00] [Server thread/DEBUG] (FabricRegistrySync) Not saving registry: minecraft:sound_event
[14:45:00] [Server thread/DEBUG] (FabricRegistrySync) Not saving registry: minecraft:particle_type
[14:45:00] [Server thread/DEBUG] (FabricRegistrySync) Not saving registry: minecraft:game_event
[14:45:00] [Server thread/DEBUG] (FabricRegistrySync) Not saving registry: minecraft:worldgen/biome_source
[14:45:00] [Server thread/DEBUG] (FabricRegistrySync) Not saving registry: minecraft:worldgen/root_placer_type
[14:45:00] [Server thread/DEBUG] (FabricRegistrySync) Not saving registry: minecraft:villager_type
[14:45:00] [Server thread/DEBUG] (FabricRegistrySync) Not saving registry: minecraft:painting_variant
[14:45:00] [Server thread/DEBUG] (FabricRegistrySync) Not saving registry: minecraft:block_predicate_type
[14:45:00] [Server thread/DEBUG] (FabricRegistrySync) Not saving registry: minecraft:block
[14:45:00] [Server thread/DEBUG] (FabricRegistrySync) Not saving registry: minecraft:sensor_type
[14:45:00] [Server thread/DEBUG] (FabricRegistrySync) Not saving registry: minecraft:rule_test
[14:45:00] [Server thread/DEBUG] (FabricRegistrySync) Not saving registry: minecraft:memory_module_type
[14:45:00] [Server thread/DEBUG] (FabricRegistrySync) Not saving empty registry data
[14:45:02] [Server thread/DEBUG] (FabricLoader/Mixin) Mixing FarmerWorkTaskAccessor from fabric-content-registries-v0.mixins.json into net.minecraft.entity.ai.brain.task.FarmerWorkTask
[14:45:02] [Server thread/DEBUG] (FabricLoader/Mixin) fabric-content-registries-v0.mixins.json:FarmerWorkTaskAccessor from mod fabric-content-registries-v0: Class version 61 required is higher than the class version supported by the current version of Mixin (JAVA_16 supports class version 60)
[14:45:02] [Server thread/DEBUG] (FabricLoader/Mixin) Renaming @Accessor method fabric_setCompostables(Ljava/util/List;)V to fabric_setCompostables$fabric-content-registries-v0_$md$a9fcf3$0 in fabric-content-registries-v0.mixins.json:FarmerWorkTaskAccessor from mod fabric-content-registries-v0
[14:45:02] [Server thread/DEBUG] (FabricLoader/Mixin) Renaming @Accessor method fabric_getCompostable()Ljava/util/List; to fabric_getCompostable$fabric-content-registries-v0_$md$a9fcf3$1 in fabric-content-registries-v0.mixins.json:FarmerWorkTaskAccessor from mod fabric-content-registries-v0
[14:45:02] [Server thread/DEBUG] (FabricLoader/Mixin) Mixing GiveGiftsToHeroTaskAccessor from fabric-content-registries-v0.mixins.json into net.minecraft.entity.ai.brain.task.GiveGiftsToHeroTask
[14:45:02] [Server thread/DEBUG] (FabricLoader/Mixin) fabric-content-registries-v0.mixins.json:GiveGiftsToHeroTaskAccessor from mod fabric-content-registries-v0: Class version 61 required is higher than the class version supported by the current version of Mixin (JAVA_16 supports class version 60)
[14:45:02] [Server thread/DEBUG] (FabricLoader/Mixin) Renaming @Accessor method fabric_getGifts()Ljava/util/Map; to fabric_getGifts$fabric-content-registries-v0_$md$a9fcf3$0 in fabric-content-registries-v0.mixins.json:GiveGiftsToHeroTaskAccessor from mod fabric-content-registries-v0
[14:45:05] [Render thread/INFO] (vialumix-autotest) Vialumix UI test finished.
[14:45:05] [Render thread/INFO] (net.minecraft.client.MinecraftClient) Stopping!
[14:45:05] [Server thread/INFO] (net.minecraft.server.network.ServerPlayNetworkHandler) Player355 lost connection: Déconnecté(e)
[14:45:05] [Server thread/INFO] (net.minecraft.server.MinecraftServer) Player355 a quitté la partie
[14:45:05] [Server thread/INFO] (net.minecraft.server.network.ServerPlayNetworkHandler) Stopping singleplayer server as player logged out
[14:45:05] [Server thread/INFO] (net.minecraft.server.MinecraftServer) Stopping server
[14:45:05] [Server thread/INFO] (net.minecraft.server.MinecraftServer) Saving players
[14:45:05] [Server thread/INFO] (net.minecraft.server.MinecraftServer) Saving worlds
[14:45:07] [Server thread/INFO] (net.minecraft.server.MinecraftServer) Saving chunks for level 'ServerLevel[Nouveau monde]'/minecraft:overworld
[14:45:11] [Server thread/DEBUG] (FabricLoader/Mixin) Mixing TradeOffersTypeAwareBuyForOneEmeraldFactoryMixin from fabric-object-builder-v1.mixins.json into net.minecraft.village.TradeOffers$TypeAwareBuyForOneEmeraldFactory
[14:45:11] [Server thread/DEBUG] (FabricLoader/Mixin) fabric-object-builder-v1.mixins.json:TradeOffersTypeAwareBuyForOneEmeraldFactoryMixin from mod fabric-object-builder-api-v1: Class version 61 required is higher than the class version supported by the current version of Mixin (JAVA_16 supports class version 60)
[14:45:12] [Server thread/INFO] (net.minecraft.server.MinecraftServer) Saving chunks for level 'ServerLevel[Nouveau monde]'/minecraft:the_end
[14:45:12] [Server thread/INFO] (net.minecraft.server.MinecraftServer) Saving chunks for level 'ServerLevel[Nouveau monde]'/minecraft:the_nether
[14:45:12] [Server thread/DEBUG] (FabricRegistrySync) Starting registry save
[14:45:12] [Server thread/DEBUG] (FabricRegistrySync) Not saving registry: minecraft:command_argument_type
[14:45:12] [Server thread/DEBUG] (FabricRegistrySync) Not saving registry: minecraft:item
[14:45:12] [Server thread/DEBUG] (FabricRegistrySync) Not saving registry: minecraft:block_entity_type
[14:45:12] [Server thread/DEBUG] (FabricRegistrySync) Not saving registry: minecraft:custom_stat
[14:45:12] [Server thread/DEBUG] (FabricRegistrySync) Not saving registry: minecraft:worldgen/foliage_placer_type
[14:45:12] [Server thread/DEBUG] (FabricRegistrySync) Not saving registry: minecraft:stat_type
[14:45:12] [Server thread/DEBUG] (FabricRegistrySync) Not saving registry: minecraft:worldgen/material_rule
[14:45:12] [Server thread/DEBUG] (FabricRegistrySync) Not saving registry: minecraft:worldgen/structure_type
[14:45:12] [Server thread/DEBUG] (FabricRegistrySync) Not saving registry: minecraft:attribute
[14:45:12] [Server thread/DEBUG] (FabricRegistrySync) Not saving registry: minecraft:position_source_type
[14:45:12] [Server thread/DEBUG] (FabricRegistrySync) Not saving registry: minecraft:height_provider_type
[14:45:12] [Server thread/DEBUG] (FabricRegistrySync) Not saving registry: minecraft:rule_block_entity_modifier
[14:45:12] [Server thread/DEBUG] (FabricRegistrySync) Not saving registry: minecraft:worldgen/density_function_type
[14:45:12] [Server thread/DEBUG] (FabricRegistrySync) Not saving registry: minecraft:fluid
[14:45:12] [Server thread/DEBUG] (FabricRegistrySync) Not saving registry: minecraft:loot_condition_type
[14:45:12] [Server thread/DEBUG] (FabricRegistrySync) Not saving registry: minecraft:worldgen/structure_pool_element
[14:45:12] [Server thread/DEBUG] (FabricRegistrySync) Not saving registry: minecraft:activity
[14:45:12] [Server thread/DEBUG] (FabricRegistrySync) Not saving registry: minecraft:recipe_serializer
[14:45:12] [Server thread/DEBUG] (FabricRegistrySync) Not saving registry: minecraft:frog_variant
[14:45:12] [Server thread/DEBUG] (FabricRegistrySync) Not saving registry: minecraft:banner_pattern
[14:45:12] [Server thread/DEBUG] (FabricRegistrySync) Not saving registry: minecraft:instrument
[14:45:12] [Server thread/DEBUG] (FabricRegistrySync) Not saving registry: minecraft:decorated_pot_patterns
[14:45:12] [Server thread/DEBUG] (FabricRegistrySync) Not saving registry: minecraft:worldgen/feature_size_type
[14:45:12] [Server thread/DEBUG] (FabricRegistrySync) Not saving registry: minecraft:point_of_interest_type
[14:45:12] [Server thread/DEBUG] (FabricRegistrySync) Skipping un-modded registry: minecraft:mob_effect
[14:45:12] [Server thread/DEBUG] (FabricRegistrySync) Not saving registry: minecraft:loot_pool_entry_type
[14:45:12] [Server thread/DEBUG] (FabricRegistrySync) Not saving registry: minecraft:worldgen/block_state_provider_type
[14:45:12] [Server thread/DEBUG] (FabricRegistrySync) Not saving registry: minecraft:worldgen/chunk_generator
[14:45:12] [Server thread/DEBUG] (FabricRegistrySync) Not saving registry: minecraft:float_provider_type
[14:45:12] [Server thread/DEBUG] (FabricRegistrySync) Not saving registry: minecraft:chunk_status
[14:45:12] [Server thread/DEBUG] (FabricRegistrySync) Not saving registry: minecraft:enchantment
[14:45:12] [Server thread/DEBUG] (FabricRegistrySync) Not saving registry: minecraft:loot_function_type
[14:45:12] [Server thread/DEBUG] (FabricRegistrySync) Not saving registry: minecraft:worldgen/structure_processor
[14:45:12] [Server thread/DEBUG] (FabricRegistrySync) Not saving registry: minecraft:loot_score_provider_type
[14:45:12] [Server thread/DEBUG] (FabricRegistrySync) Not saving registry: minecraft:worldgen/tree_decorator_type
[14:45:12] [Server thread/DEBUG] (FabricRegistrySync) Not saving registry: minecraft:schedule
[14:45:12] [Server thread/DEBUG] (FabricRegistrySync) Not saving registry: minecraft:worldgen/material_condition
[14:45:12] [Server thread/DEBUG] (FabricRegistrySync) Not saving registry: minecraft:entity_type
[14:45:12] [Server thread/DEBUG] (FabricRegistrySync) Not saving registry: minecraft:villager_profession
[14:45:12] [Server thread/DEBUG] (FabricRegistrySync) Not saving registry: minecraft:potion
[14:45:12] [Server thread/DEBUG] (FabricRegistrySync) Not saving registry: minecraft:recipe_type
[14:45:12] [Server thread/DEBUG] (FabricRegistrySync) Not saving registry: minecraft:int_provider_type
[14:45:12] [Server thread/DEBUG] (FabricRegistrySync) Not saving registry: minecraft:worldgen/feature
[14:45:12] [Server thread/DEBUG] (FabricRegistrySync) Not saving registry: minecraft:cat_variant
[14:45:12] [Server thread/DEBUG] (FabricRegistrySync) Not saving registry: minecraft:pos_rule_test
[14:45:12] [Server thread/DEBUG] (FabricRegistrySync) Not saving registry: minecraft:worldgen/structure_placement
[14:45:12] [Server thread/DEBUG] (FabricRegistrySync) Not saving registry: minecraft:loot_nbt_provider_type
[14:45:12] [Server thread/DEBUG] (FabricRegistrySync) Not saving registry: minecraft:menu
[14:45:12] [Server thread/DEBUG] (FabricRegistrySync) Not saving registry: minecraft:worldgen/trunk_placer_type
[14:45:12] [Server thread/DEBUG] (FabricRegistrySync) Not saving registry: minecraft:creative_mode_tab
[14:45:12] [Server thread/DEBUG] (FabricRegistrySync) Not saving registry: minecraft:worldgen/placement_modifier_type
[14:45:12] [Server thread/DEBUG] (FabricRegistrySync) Not saving registry: minecraft:worldgen/carver
[14:45:12] [Server thread/DEBUG] (FabricRegistrySync) Not saving registry: minecraft:loot_number_provider_type
[14:45:12] [Server thread/DEBUG] (FabricRegistrySync) Not saving registry: minecraft:worldgen/structure_piece
[14:45:12] [Server thread/DEBUG] (FabricRegistrySync) Not saving registry: minecraft:sound_event
[14:45:12] [Server thread/DEBUG] (FabricRegistrySync) Not saving registry: minecraft:particle_type
[14:45:12] [Server thread/DEBUG] (FabricRegistrySync) Not saving registry: minecraft:game_event
[14:45:12] [Server thread/DEBUG] (FabricRegistrySync) Not saving registry: minecraft:worldgen/biome_source
[14:45:12] [Server thread/DEBUG] (FabricRegistrySync) Not saving registry: minecraft:worldgen/root_placer_type
[14:45:12] [Server thread/DEBUG] (FabricRegistrySync) Not saving registry: minecraft:villager_type
[14:45:12] [Server thread/DEBUG] (FabricRegistrySync) Not saving registry: minecraft:painting_variant
[14:45:12] [Server thread/DEBUG] (FabricRegistrySync) Not saving registry: minecraft:block_predicate_type
[14:45:12] [Server thread/DEBUG] (FabricRegistrySync) Not saving registry: minecraft:block
[14:45:12] [Server thread/DEBUG] (FabricRegistrySync) Not saving registry: minecraft:sensor_type
[14:45:12] [Server thread/DEBUG] (FabricRegistrySync) Not saving registry: minecraft:rule_test
[14:45:12] [Server thread/DEBUG] (FabricRegistrySync) Not saving registry: minecraft:memory_module_type
[14:45:12] [Server thread/DEBUG] (FabricRegistrySync) Not saving empty registry data
[14:45:12] [Server thread/INFO] (net.minecraft.server.MinecraftServer) ThreadedAnvilChunkStorage (Nouveau monde): All chunks are saved
[14:45:12] [Server thread/INFO] (net.minecraft.server.MinecraftServer) ThreadedAnvilChunkStorage (DIM1): All chunks are saved
[14:45:12] [Server thread/INFO] (net.minecraft.server.MinecraftServer) ThreadedAnvilChunkStorage (DIM-1): All chunks are saved
[14:45:12] [Server thread/INFO] (net.minecraft.server.MinecraftServer) ThreadedAnvilChunkStorage: All dimensions are saved
[14:45:12] [Render thread/INFO] (ChunkBuilder) Stopping worker threads
